quantity,date,series,customer,sku,product_name,category,unit,scenario_usd_irr,scenario_cpi_yoy,selling_price_index,promotion_index,payment_days,import_delay_days,disruption_index
78.8,2022-10-01,Mehr Packaging/KRAFT-120,Mehr Packaging,KRAFT-120,Kraft liner 120 gsm,Packaging paper,tonnes,410000,34.0,100.0,0.35,30,8.0,0.06
79.462,2022-11-01,Mehr Packaging/KRAFT-120,Mehr Packaging,KRAFT-120,Kraft liner 120 gsm,Packaging paper,tonnes,421612,35.27,101.8,0.04,30,8.98,0.06
68.774,2022-12-01,Mehr Packaging/KRAFT-120,Mehr Packaging,KRAFT-120,Kraft liner 120 gsm,Packaging paper,tonnes,433371,36.5,103.632,0.04,30,9.86,0.06
74.656,2023-01-01,Mehr Packaging/KRAFT-120,Mehr Packaging,KRAFT-120,Kraft liner 120 gsm,Packaging paper,tonnes,445118,37.63,105.498,0.04,30,10.52,0.06
76.511,2023-02-01,Mehr Packaging/KRAFT-120,Mehr Packaging,KRAFT-120,Kraft liner 120 gsm,Packaging paper,tonnes,456698,38.62,107.397,0.04,30,10.92,0.06
52.929,2023-03-01,Mehr Packaging/KRAFT-120,Mehr Packaging,KRAFT-120,Kraft liner 120 gsm,Packaging paper,tonnes,467974,39.45,109.33,0.04,30,10.99,0.06
67.126,2023-04-01,Mehr Packaging/KRAFT-120,Mehr Packaging,KRAFT-120,Kraft liner 120 gsm,Packaging paper,tonnes,478836,40.07,111.298,0.04,30,10.73,0.06
69.099,2023-05-01,Mehr Packaging/KRAFT-120,Mehr Packaging,KRAFT-120,Kraft liner 120 gsm,Packaging paper,tonnes,489209,40.47,113.301,0.04,30,10.17,0.06
66.113,2023-06-01,Mehr Packaging/KRAFT-120,Mehr Packaging,KRAFT-120,Kraft liner 120 gsm,Packaging paper,tonnes,499060,40.64,115.341,0.35,30,9.37,0.06
61.67,2023-07-01,Mehr Packaging/KRAFT-120,Mehr Packaging,KRAFT-120,Kraft liner 120 gsm,Packaging paper,tonnes,508404,40.56,117.417,0.04,30,8.42,0.06
71.589,2023-08-01,Mehr Packaging/KRAFT-120,Mehr Packaging,KRAFT-120,Kraft liner 120 gsm,Packaging paper,tonnes,517300,40.26,119.53,0.04,30,7.43,0.06
73.356,2023-09-01,Mehr Packaging/KRAFT-120,Mehr Packaging,KRAFT-120,Kraft liner 120 gsm,Packaging paper,tonnes,525857,39.73,121.682,0.04,30,6.5,0.06
78.75,2023-10-01,Mehr Packaging/KRAFT-120,Mehr Packaging,KRAFT-120,Kraft liner 120 gsm,Packaging paper,tonnes,534225,39.01,123.872,0.04,30,5.73,0.06
87.38,2023-11-01,Mehr Packaging/KRAFT-120,Mehr Packaging,KRAFT-120,Kraft liner 120 gsm,Packaging paper,tonnes,542587,38.13,126.102,0.04,30,5.21,0.06
79.728,2023-12-01,Mehr Packaging/KRAFT-120,Mehr Packaging,KRAFT-120,Kraft liner 120 gsm,Packaging paper,tonnes,551152,37.13,128.372,0.04,30,5.0,0.06
74.063,2024-01-01,Mehr Packaging/KRAFT-120,Mehr Packaging,KRAFT-120,Kraft liner 120 gsm,Packaging paper,tonnes,560140,36.05,130.682,0.04,30,5.12,0.06
81.431,2024-02-01,Mehr Packaging/KRAFT-120,Mehr Packaging,KRAFT-120,Kraft liner 120 gsm,Packaging paper,tonnes,569774,34.93,133.035,0.35,30,5.56,0.06
53.73,2024-03-01,Mehr Packaging/KRAFT-120,Mehr Packaging,KRAFT-120,Kraft liner 120 gsm,Packaging paper,tonnes,580258,33.83,135.429,0.04,30,6.27,0.06
68.432,2024-04-01,Mehr Packaging/KRAFT-120,Mehr Packaging,KRAFT-120,Kraft liner 120 gsm,Packaging paper,tonnes,591772,32.78,137.867,0.04,30,7.16,0.06
68.33,2024-05-01,Mehr Packaging/KRAFT-120,Mehr Packaging,KRAFT-120,Kraft liner 120 gsm,Packaging paper,tonnes,604454,31.85,140.349,0.04,30,8.15,0.06
68.621,2024-06-01,Mehr Packaging/KRAFT-120,Mehr Packaging,KRAFT-120,Kraft liner 120 gsm,Packaging paper,tonnes,618392,31.06,142.875,0.04,30,9.12,0.06
68.849,2024-07-01,Mehr Packaging/KRAFT-120,Mehr Packaging,KRAFT-120,Kraft liner 120 gsm,Packaging paper,tonnes,633615,30.45,145.447,0.04,30,29.97,0.06
70.886,2024-08-01,Mehr Packaging/KRAFT-120,Mehr Packaging,KRAFT-120,Kraft liner 120 gsm,Packaging paper,tonnes,650092,30.05,148.065,0.04,30,10.6,0.06
84.335,2024-09-01,Mehr Packaging/KRAFT-120,Mehr Packaging,KRAFT-120,Kraft liner 120 gsm,Packaging paper,tonnes,667729,29.88,150.73,0.04,30,10.95,0.06
86.113,2024-10-01,Mehr Packaging/KRAFT-120,Mehr Packaging,KRAFT-120,Kraft liner 120 gsm,Packaging paper,tonnes,686374,29.94,153.443,0.35,30,10.97,0.06
86.35,2024-11-01,Mehr Packaging/KRAFT-120,Mehr Packaging,KRAFT-120,Kraft liner 120 gsm,Packaging paper,tonnes,705823,30.25,156.205,0.04,30,10.66,0.06
77.292,2024-12-01,Mehr Packaging/KRAFT-120,Mehr Packaging,KRAFT-120,Kraft liner 120 gsm,Packaging paper,tonnes,725833,30.78,159.017,0.04,30,10.06,0.06
83.48,2025-01-01,Mehr Packaging/KRAFT-120,Mehr Packaging,KRAFT-120,Kraft liner 120 gsm,Packaging paper,tonnes,746134,31.52,161.879,0.04,30,9.24,0.06
87.648,2025-02-01,Mehr Packaging/KRAFT-120,Mehr Packaging,KRAFT-120,Kraft liner 120 gsm,Packaging paper,tonnes,766451,32.45,164.793,0.04,30,8.27,0.06
54.796,2025-03-01,Mehr Packaging/KRAFT-120,Mehr Packaging,KRAFT-120,Kraft liner 120 gsm,Packaging paper,tonnes,786512,33.53,167.759,0.04,30,7.28,0.06
75.536,2025-04-01,Mehr Packaging/KRAFT-120,Mehr Packaging,KRAFT-120,Kraft liner 120 gsm,Packaging paper,tonnes,806079,34.72,170.779,0.04,30,6.37,0.06
71.926,2025-05-01,Mehr Packaging/KRAFT-120,Mehr Packaging,KRAFT-120,Kraft liner 120 gsm,Packaging paper,tonnes,824951,35.98,173.853,0.04,30,5.63,0.06
76.673,2025-06-01,Mehr Packaging/KRAFT-120,Mehr Packaging,KRAFT-120,Kraft liner 120 gsm,Packaging paper,tonnes,842992,37.26,176.982,0.35,30,5.16,0.06
72.818,2025-07-01,Mehr Packaging/KRAFT-120,Mehr Packaging,KRAFT-120,Kraft liner 120 gsm,Packaging paper,tonnes,860135,38.51,180.168,0.04,30,5.0,0.06
61.971,2025-08-01,Mehr Packaging/KRAFT-120,Mehr Packaging,KRAFT-120,Kraft liner 120 gsm,Packaging paper,tonnes,876392,39.68,183.411,0.04,30,5.17,0.06
86.26,2025-09-01,Mehr Packaging/KRAFT-120,Mehr Packaging,KRAFT-120,Kraft liner 120 gsm,Packaging paper,tonnes,891858,40.74,186.712,0.04,45,25.65,0.6
92.27,2025-10-01,Mehr Packaging/KRAFT-120,Mehr Packaging,KRAFT-120,Kraft liner 120 gsm,Packaging paper,tonnes,906709,41.64,190.073,0.04,30,6.39,0.06
96.508,2025-11-01,Mehr Packaging/KRAFT-120,Mehr Packaging,KRAFT-120,Kraft liner 120 gsm,Packaging paper,tonnes,921194,42.35,193.494,0.04,30,7.31,0.06
79.231,2025-12-01,Mehr Packaging/KRAFT-120,Mehr Packaging,KRAFT-120,Kraft liner 120 gsm,Packaging paper,tonnes,935624,42.85,196.977,0.04,30,8.3,0.06
80.357,2026-01-01,Mehr Packaging/KRAFT-120,Mehr Packaging,KRAFT-120,Kraft liner 120 gsm,Packaging paper,tonnes,950355,43.11,200.523,0.04,30,9.26,0.06
136.737,2026-02-01,Mehr Packaging/KRAFT-120,Mehr Packaging,KRAFT-120,Kraft liner 120 gsm,Packaging paper,tonnes,965767,43.14,204.132,0.35,30,10.08,0.06
54.727,2026-03-01,Mehr Packaging/KRAFT-120,Mehr Packaging,KRAFT-120,Kraft liner 120 gsm,Packaging paper,tonnes,982244,42.92,207.806,0.04,30,10.67,0.06
82.651,2026-04-01,Mehr Packaging/KRAFT-120,Mehr Packaging,KRAFT-120,Kraft liner 120 gsm,Packaging paper,tonnes,1000147,42.49,211.547,0.04,30,10.97,0.06
68.515,2026-05-01,Mehr Packaging/KRAFT-120,Mehr Packaging,KRAFT-120,Kraft liner 120 gsm,Packaging paper,tonnes,1019790,41.85,215.355,0.04,45,30.94,0.6
84.641,2026-06-01,Mehr Packaging/KRAFT-120,Mehr Packaging,KRAFT-120,Kraft liner 120 gsm,Packaging paper,tonnes,1041425,41.03,219.231,0.04,30,10.59,0.06
78.907,2026-07-01,Mehr Packaging/KRAFT-120,Mehr Packaging,KRAFT-120,Kraft liner 120 gsm,Packaging paper,tonnes,1065215,40.07,223.177,0.04,30,9.95,0.06
78.565,2026-08-01,Mehr Packaging/KRAFT-120,Mehr Packaging,KRAFT-120,Kraft liner 120 gsm,Packaging paper,tonnes,1091225,39.02,227.194,0.04,30,9.1,0.06
81.566,2026-09-01,Mehr Packaging/KRAFT-120,Mehr Packaging,KRAFT-120,Kraft liner 120 gsm,Packaging paper,tonnes,1119416,37.91,231.284,0.04,30,8.12,0.06
59.393,2022-10-01,Mehr Packaging/BOARD-300,Mehr Packaging,BOARD-300,Folding board 300 gsm,Packaging paper,tonnes,410000,34.0,104.0,0.04,30,8.0,0.06
57.891,2022-11-01,Mehr Packaging/BOARD-300,Mehr Packaging,BOARD-300,Folding board 300 gsm,Packaging paper,tonnes,421612,35.27,105.872,0.04,30,8.98,0.06
53.148,2022-12-01,Mehr Packaging/BOARD-300,Mehr Packaging,BOARD-300,Folding board 300 gsm,Packaging paper,tonnes,433371,36.5,107.778,0.04,30,9.86,0.06
55.756,2023-01-01,Mehr Packaging/BOARD-300,Mehr Packaging,BOARD-300,Folding board 300 gsm,Packaging paper,tonnes,445118,37.63,109.718,0.04,30,10.52,0.06
55.822,2023-02-01,Mehr Packaging/BOARD-300,Mehr Packaging,BOARD-300,Folding board 300 gsm,Packaging paper,tonnes,456698,38.62,111.693,0.04,30,10.92,0.06
38.938,2023-03-01,Mehr Packaging/BOARD-300,Mehr Packaging,BOARD-300,Folding board 300 gsm,Packaging paper,tonnes,467974,39.45,113.703,0.04,30,10.99,0.06
44.91,2023-04-01,Mehr Packaging/BOARD-300,Mehr Packaging,BOARD-300,Folding board 300 gsm,Packaging paper,tonnes,478836,40.07,115.75,0.04,30,10.73,0.06
56.139,2023-05-01,Mehr Packaging/BOARD-300,Mehr Packaging,BOARD-300,Folding board 300 gsm,Packaging paper,tonnes,489209,40.47,117.833,0.35,30,10.17,0.06
46.342,2023-06-01,Mehr Packaging/BOARD-300,Mehr Packaging,BOARD-300,Folding board 300 gsm,Packaging paper,tonnes,499060,40.64,119.954,0.04,30,9.37,0.06
37.64,2023-07-01,Mehr Packaging/BOARD-300,Mehr Packaging,BOARD-300,Folding board 300 gsm,Packaging paper,tonnes,508404,40.56,122.113,0.04,30,8.42,0.06
47.444,2023-08-01,Mehr Packaging/BOARD-300,Mehr Packaging,BOARD-300,Folding board 300 gsm,Packaging paper,tonnes,517300,40.26,124.311,0.04,30,7.43,0.06
55.814,2023-09-01,Mehr Packaging/BOARD-300,Mehr Packaging,BOARD-300,Folding board 300 gsm,Packaging paper,tonnes,525857,39.73,126.549,0.04,30,6.5,0.06
59.932,2023-10-01,Mehr Packaging/BOARD-300,Mehr Packaging,BOARD-300,Folding board 300 gsm,Packaging paper,tonnes,534225,39.01,128.827,0.04,30,5.73,0.06
62.431,2023-11-01,Mehr Packaging/BOARD-300,Mehr Packaging,BOARD-300,Folding board 300 gsm,Packaging paper,tonnes,542587,38.13,131.146,0.04,30,5.21,0.06
55.623,2023-12-01,Mehr Packaging/BOARD-300,Mehr Packaging,BOARD-300,Folding board 300 gsm,Packaging paper,tonnes,551152,37.13,133.506,0.04,30,5.0,0.06
58.27,2024-01-01,Mehr Packaging/BOARD-300,Mehr Packaging,BOARD-300,Folding board 300 gsm,Packaging paper,tonnes,560140,36.05,135.91,0.35,30,5.12,0.06
54.979,2024-02-01,Mehr Packaging/BOARD-300,Mehr Packaging,BOARD-300,Folding board 300 gsm,Packaging paper,tonnes,569774,34.93,138.356,0.04,30,5.56,0.06
39.758,2024-03-01,Mehr Packaging/BOARD-300,Mehr Packaging,BOARD-300,Folding board 300 gsm,Packaging paper,tonnes,580258,33.83,140.846,0.04,30,6.27,0.06
50.876,2024-04-01,Mehr Packaging/BOARD-300,Mehr Packaging,BOARD-300,Folding board 300 gsm,Packaging paper,tonnes,591772,32.78,143.382,0.04,30,7.16,0.06
44.902,2024-05-01,Mehr Packaging/BOARD-300,Mehr Packaging,BOARD-300,Folding board 300 gsm,Packaging paper,tonnes,604454,31.85,145.962,0.04,30,8.15,0.06
45.92,2024-06-01,Mehr Packaging/BOARD-300,Mehr Packaging,BOARD-300,Folding board 300 gsm,Packaging paper,tonnes,618392,31.06,148.59,0.04,30,9.12,0.06
48.04,2024-07-01,Mehr Packaging/BOARD-300,Mehr Packaging,BOARD-300,Folding board 300 gsm,Packaging paper,tonnes,633615,30.45,151.264,0.04,30,29.97,0.06
50.157,2024-08-01,Mehr Packaging/BOARD-300,Mehr Packaging,BOARD-300,Folding board 300 gsm,Packaging paper,tonnes,650092,30.05,153.987,0.04,30,10.6,0.06
59.59,2024-09-01,Mehr Packaging/BOARD-300,Mehr Packaging,BOARD-300,Folding board 300 gsm,Packaging paper,tonnes,667729,29.88,156.759,0.35,30,10.95,0.06
62.3,2024-10-01,Mehr Packaging/BOARD-300,Mehr Packaging,BOARD-300,Folding board 300 gsm,Packaging paper,tonnes,686374,29.94,159.581,0.04,30,10.97,0.06
61.247,2024-11-01,Mehr Packaging/BOARD-300,Mehr Packaging,BOARD-300,Folding board 300 gsm,Packaging paper,tonnes,705823,30.25,162.453,0.04,30,10.66,0.06
53.887,2024-12-01,Mehr Packaging/BOARD-300,Mehr Packaging,BOARD-300,Folding board 300 gsm,Packaging paper,tonnes,725833,30.78,165.377,0.04,30,10.06,0.06
57.833,2025-01-01,Mehr Packaging/BOARD-300,Mehr Packaging,BOARD-300,Folding board 300 gsm,Packaging paper,tonnes,746134,31.52,168.354,0.04,30,9.24,0.06
58.124,2025-02-01,Mehr Packaging/BOARD-300,Mehr Packaging,BOARD-300,Folding board 300 gsm,Packaging paper,tonnes,766451,32.45,171.384,0.04,30,8.27,0.06
40.79,2025-03-01,Mehr Packaging/BOARD-300,Mehr Packaging,BOARD-300,Folding board 300 gsm,Packaging paper,tonnes,786512,33.53,174.469,0.04,30,7.28,0.06
56.429,2025-04-01,Mehr Packaging/BOARD-300,Mehr Packaging,BOARD-300,Folding board 300 gsm,Packaging paper,tonnes,806079,34.72,177.61,0.04,30,6.37,0.06
56.345,2025-05-01,Mehr Packaging/BOARD-300,Mehr Packaging,BOARD-300,Folding board 300 gsm,Packaging paper,tonnes,824951,35.98,180.807,0.35,30,5.63,0.06
51.814,2025-06-01,Mehr Packaging/BOARD-300,Mehr Packaging,BOARD-300,Folding board 300 gsm,Packaging paper,tonnes,842992,37.26,184.061,0.04,30,5.16,0.06
46.939,2025-07-01,Mehr Packaging/BOARD-300,Mehr Packaging,BOARD-300,Folding board 300 gsm,Packaging paper,tonnes,860135,38.51,187.374,0.04,30,5.0,0.06
50.331,2025-08-01,Mehr Packaging/BOARD-300,Mehr Packaging,BOARD-300,Folding board 300 gsm,Packaging paper,tonnes,876392,39.68,190.747,0.04,30,5.17,0.06
51.856,2025-09-01,Mehr Packaging/BOARD-300,Mehr Packaging,BOARD-300,Folding board 300 gsm,Packaging paper,tonnes,891858,40.74,194.18,0.04,45,25.65,0.6
63.261,2025-10-01,Mehr Packaging/BOARD-300,Mehr Packaging,BOARD-300,Folding board 300 gsm,Packaging paper,tonnes,906709,41.64,197.676,0.04,30,6.39,0.06
62.782,2025-11-01,Mehr Packaging/BOARD-300,Mehr Packaging,BOARD-300,Folding board 300 gsm,Packaging paper,tonnes,921194,42.35,201.234,0.04,30,7.31,0.06
58.749,2025-12-01,Mehr Packaging/BOARD-300,Mehr Packaging,BOARD-300,Folding board 300 gsm,Packaging paper,tonnes,935624,42.85,204.856,0.04,30,8.3,0.06
63.581,2026-01-01,Mehr Packaging/BOARD-300,Mehr Packaging,BOARD-300,Folding board 300 gsm,Packaging paper,tonnes,950355,43.11,208.544,0.35,30,9.26,0.06
60.713,2026-02-01,Mehr Packaging/BOARD-300,Mehr Packaging,BOARD-300,Folding board 300 gsm,Packaging paper,tonnes,965767,43.14,212.297,0.04,30,10.08,0.06
38.173,2026-03-01,Mehr Packaging/BOARD-300,Mehr Packaging,BOARD-300,Folding board 300 gsm,Packaging paper,tonnes,982244,42.92,216.119,0.04,30,10.67,0.06
59.655,2026-04-01,Mehr Packaging/BOARD-300,Mehr Packaging,BOARD-300,Folding board 300 gsm,Packaging paper,tonnes,1000147,42.49,220.009,0.04,30,10.97,0.06
48.407,2026-05-01,Mehr Packaging/BOARD-300,Mehr Packaging,BOARD-300,Folding board 300 gsm,Packaging paper,tonnes,1019790,41.85,223.969,0.04,45,30.94,0.6
52.852,2026-06-01,Mehr Packaging/BOARD-300,Mehr Packaging,BOARD-300,Folding board 300 gsm,Packaging paper,tonnes,1041425,41.03,228.0,0.04,30,10.59,0.06
52.371,2026-07-01,Mehr Packaging/BOARD-300,Mehr Packaging,BOARD-300,Folding board 300 gsm,Packaging paper,tonnes,1065215,40.07,232.104,0.04,30,9.95,0.06
55.491,2026-08-01,Mehr Packaging/BOARD-300,Mehr Packaging,BOARD-300,Folding board 300 gsm,Packaging paper,tonnes,1091225,39.02,236.282,0.04,30,9.1,0.06
65.829,2026-09-01,Mehr Packaging/BOARD-300,Mehr Packaging,BOARD-300,Folding board 300 gsm,Packaging paper,tonnes,1119416,37.91,240.535,0.35,30,8.12,0.06
44.952,2022-10-01,Mehr Packaging/FOOD-110,Mehr Packaging,FOOD-110,Food packaging paper 110 gsm,Packaging paper,tonnes,410000,34.0,108.0,0.04,30,8.0,0.06
40.518,2022-11-01,Mehr Packaging/FOOD-110,Mehr Packaging,FOOD-110,Food packaging paper 110 gsm,Packaging paper,tonnes,421612,35.27,109.944,0.04,30,8.98,0.06
37.676,2022-12-01,Mehr Packaging/FOOD-110,Mehr Packaging,FOOD-110,Food packaging paper 110 gsm,Packaging paper,tonnes,433371,36.5,111.923,0.04,30,9.86,0.06
40.851,2023-01-01,Mehr Packaging/FOOD-110,Mehr Packaging,FOOD-110,Food packaging paper 110 gsm,Packaging paper,tonnes,445118,37.63,113.938,0.04,30,10.52,0.06
39.755,2023-02-01,Mehr Packaging/FOOD-110,Mehr Packaging,FOOD-110,Food packaging paper 110 gsm,Packaging paper,tonnes,456698,38.62,115.988,0.04,30,10.92,0.06
27.23,2023-03-01,Mehr Packaging/FOOD-110,Mehr Packaging,FOOD-110,Food packaging paper 110 gsm,Packaging paper,tonnes,467974,39.45,118.076,0.04,30,10.99,0.06
36.516,2023-04-01,Mehr Packaging/FOOD-110,Mehr Packaging,FOOD-110,Food packaging paper 110 gsm,Packaging paper,tonnes,478836,40.07,120.202,0.35,30,10.73,0.06
41.306,2023-05-01,Mehr Packaging/FOOD-110,Mehr Packaging,FOOD-110,Food packaging paper 110 gsm,Packaging paper,tonnes,489209,40.47,122.365,0.04,30,10.17,0.06
36.985,2023-06-01,Mehr Packaging/FOOD-110,Mehr Packaging,FOOD-110,Food packaging paper 110 gsm,Packaging paper,tonnes,499060,40.64,124.568,0.04,30,9.37,0.06
34.14,2023-07-01,Mehr Packaging/FOOD-110,Mehr Packaging,FOOD-110,Food packaging paper 110 gsm,Packaging paper,tonnes,508404,40.56,126.81,0.04,30,8.42,0.06
36.643,2023-08-01,Mehr Packaging/FOOD-110,Mehr Packaging,FOOD-110,Food packaging paper 110 gsm,Packaging paper,tonnes,517300,40.26,129.093,0.04,30,7.43,0.06
42.035,2023-09-01,Mehr Packaging/FOOD-110,Mehr Packaging,FOOD-110,Food packaging paper 110 gsm,Packaging paper,tonnes,525857,39.73,131.416,0.04,30,6.5,0.06
39.045,2023-10-01,Mehr Packaging/FOOD-110,Mehr Packaging,FOOD-110,Food packaging paper 110 gsm,Packaging paper,tonnes,534225,39.01,133.782,0.04,30,5.73,0.06
46.085,2023-11-01,Mehr Packaging/FOOD-110,Mehr Packaging,FOOD-110,Food packaging paper 110 gsm,Packaging paper,tonnes,542587,38.13,136.19,0.04,30,5.21,0.06
49.575,2023-12-01,Mehr Packaging/FOOD-110,Mehr Packaging,FOOD-110,Food packaging paper 110 gsm,Packaging paper,tonnes,551152,37.13,138.641,0.35,30,5.0,0.06
40.376,2024-01-01,Mehr Packaging/FOOD-110,Mehr Packaging,FOOD-110,Food packaging paper 110 gsm,Packaging paper,tonnes,560140,36.05,141.137,0.04,30,5.12,0.06
40.481,2024-02-01,Mehr Packaging/FOOD-110,Mehr Packaging,FOOD-110,Food packaging paper 110 gsm,Packaging paper,tonnes,569774,34.93,143.677,0.04,30,5.56,0.06
30.368,2024-03-01,Mehr Packaging/FOOD-110,Mehr Packaging,FOOD-110,Food packaging paper 110 gsm,Packaging paper,tonnes,580258,33.83,146.264,0.04,30,6.27,0.06
33.511,2024-04-01,Mehr Packaging/FOOD-110,Mehr Packaging,FOOD-110,Food packaging paper 110 gsm,Packaging paper,tonnes,591772,32.78,148.896,0.04,30,7.16,0.06
35.345,2024-05-01,Mehr Packaging/FOOD-110,Mehr Packaging,FOOD-110,Food packaging paper 110 gsm,Packaging paper,tonnes,604454,31.85,151.576,0.04,30,8.15,0.06
34.481,2024-06-01,Mehr Packaging/FOOD-110,Mehr Packaging,FOOD-110,Food packaging paper 110 gsm,Packaging paper,tonnes,618392,31.06,154.305,0.04,30,9.12,0.06
38.982,2024-07-01,Mehr Packaging/FOOD-110,Mehr Packaging,FOOD-110,Food packaging paper 110 gsm,Packaging paper,tonnes,633615,30.45,157.082,0.04,30,29.97,0.06
36.129,2024-08-01,Mehr Packaging/FOOD-110,Mehr Packaging,FOOD-110,Food packaging paper 110 gsm,Packaging paper,tonnes,650092,30.05,159.91,0.35,30,10.6,0.06
42.507,2024-09-01,Mehr Packaging/FOOD-110,Mehr Packaging,FOOD-110,Food packaging paper 110 gsm,Packaging paper,tonnes,667729,29.88,162.788,0.04,30,10.95,0.06
43.952,2024-10-01,Mehr Packaging/FOOD-110,Mehr Packaging,FOOD-110,Food packaging paper 110 gsm,Packaging paper,tonnes,686374,29.94,165.718,0.04,30,10.97,0.06
45.961,2024-11-01,Mehr Packaging/FOOD-110,Mehr Packaging,FOOD-110,Food packaging paper 110 gsm,Packaging paper,tonnes,705823,30.25,168.701,0.04,30,10.66,0.06
40.584,2024-12-01,Mehr Packaging/FOOD-110,Mehr Packaging,FOOD-110,Food packaging paper 110 gsm,Packaging paper,tonnes,725833,30.78,171.738,0.04,30,10.06,0.06
41.939,2025-01-01,Mehr Packaging/FOOD-110,Mehr Packaging,FOOD-110,Food packaging paper 110 gsm,Packaging paper,tonnes,746134,31.52,174.829,0.04,30,9.24,0.06
42.884,2025-02-01,Mehr Packaging/FOOD-110,Mehr Packaging,FOOD-110,Food packaging paper 110 gsm,Packaging paper,tonnes,766451,32.45,177.976,0.04,30,8.27,0.06
29.246,2025-03-01,Mehr Packaging/FOOD-110,Mehr Packaging,FOOD-110,Food packaging paper 110 gsm,Packaging paper,tonnes,786512,33.53,181.18,0.04,30,7.28,0.06
46.509,2025-04-01,Mehr Packaging/FOOD-110,Mehr Packaging,FOOD-110,Food packaging paper 110 gsm,Packaging paper,tonnes,806079,34.72,184.441,0.35,30,6.37,0.06
37.039,2025-05-01,Mehr Packaging/FOOD-110,Mehr Packaging,FOOD-110,Food packaging paper 110 gsm,Packaging paper,tonnes,824951,35.98,187.761,0.04,30,5.63,0.06
34.825,2025-06-01,Mehr Packaging/FOOD-110,Mehr Packaging,FOOD-110,Food packaging paper 110 gsm,Packaging paper,tonnes,842992,37.26,191.14,0.04,30,5.16,0.06
34.338,2025-07-01,Mehr Packaging/FOOD-110,Mehr Packaging,FOOD-110,Food packaging paper 110 gsm,Packaging paper,tonnes,860135,38.51,194.581,0.04,30,5.0,0.06
38.277,2025-08-01,Mehr Packaging/FOOD-110,Mehr Packaging,FOOD-110,Food packaging paper 110 gsm,Packaging paper,tonnes,876392,39.68,198.083,0.04,30,5.17,0.06
40.622,2025-09-01,Mehr Packaging/FOOD-110,Mehr Packaging,FOOD-110,Food packaging paper 110 gsm,Packaging paper,tonnes,891858,40.74,201.649,0.04,45,25.65,0.6
46.325,2025-10-01,Mehr Packaging/FOOD-110,Mehr Packaging,FOOD-110,Food packaging paper 110 gsm,Packaging paper,tonnes,906709,41.64,205.279,0.04,30,6.39,0.06
51.478,2025-11-01,Mehr Packaging/FOOD-110,Mehr Packaging,FOOD-110,Food packaging paper 110 gsm,Packaging paper,tonnes,921194,42.35,208.974,0.04,30,7.31,0.06
50.832,2025-12-01,Mehr Packaging/FOOD-110,Mehr Packaging,FOOD-110,Food packaging paper 110 gsm,Packaging paper,tonnes,935624,42.85,212.735,0.35,30,8.3,0.06
45.382,2026-01-01,Mehr Packaging/FOOD-110,Mehr Packaging,FOOD-110,Food packaging paper 110 gsm,Packaging paper,tonnes,950355,43.11,216.564,0.04,30,9.26,0.06
45.343,2026-02-01,Mehr Packaging/FOOD-110,Mehr Packaging,FOOD-110,Food packaging paper 110 gsm,Packaging paper,tonnes,965767,43.14,220.463,0.04,30,10.08,0.06
29.557,2026-03-01,Mehr Packaging/FOOD-110,Mehr Packaging,FOOD-110,Food packaging paper 110 gsm,Packaging paper,tonnes,982244,42.92,224.431,0.04,30,10.67,0.06
42.154,2026-04-01,Mehr Packaging/FOOD-110,Mehr Packaging,FOOD-110,Food packaging paper 110 gsm,Packaging paper,tonnes,1000147,42.49,228.471,0.04,30,10.97,0.06
39.091,2026-05-01,Mehr Packaging/FOOD-110,Mehr Packaging,FOOD-110,Food packaging paper 110 gsm,Packaging paper,tonnes,1019790,41.85,232.583,0.04,45,30.94,0.6
37.664,2026-06-01,Mehr Packaging/FOOD-110,Mehr Packaging,FOOD-110,Food packaging paper 110 gsm,Packaging paper,tonnes,1041425,41.03,236.77,0.04,30,10.59,0.06
38.751,2026-07-01,Mehr Packaging/FOOD-110,Mehr Packaging,FOOD-110,Food packaging paper 110 gsm,Packaging paper,tonnes,1065215,40.07,241.031,0.04,30,9.95,0.06
40.436,2026-08-01,Mehr Packaging/FOOD-110,Mehr Packaging,FOOD-110,Food packaging paper 110 gsm,Packaging paper,tonnes,1091225,39.02,245.37,0.35,30,9.1,0.06
44.128,2026-09-01,Mehr Packaging/FOOD-110,Mehr Packaging,FOOD-110,Food packaging paper 110 gsm,Packaging paper,tonnes,1119416,37.91,249.787,0.04,30,8.12,0.06
16.455,2022-10-01,Mehr Packaging/SPECIAL-090,Mehr Packaging,SPECIAL-090,Specialty label paper 90 gsm,Packaging paper,tonnes,410000,34.0,112.0,0.04,30,8.0,0.06
15.0,2022-11-01,Mehr Packaging/SPECIAL-090,Mehr Packaging,SPECIAL-090,Specialty label paper 90 gsm,Packaging paper,tonnes,421612,35.27,114.016,0.04,30,8.98,0.06
16.34,2022-12-01,Mehr Packaging/SPECIAL-090,Mehr Packaging,SPECIAL-090,Specialty label paper 90 gsm,Packaging paper,tonnes,433371,36.5,116.068,0.04,30,9.86,0.06
17.361,2023-01-01,Mehr Packaging/SPECIAL-090,Mehr Packaging,SPECIAL-090,Specialty label paper 90 gsm,Packaging paper,tonnes,445118,37.63,118.158,0.04,30,10.52,0.06
16.633,2023-02-01,Mehr Packaging/SPECIAL-090,Mehr Packaging,SPECIAL-090,Specialty label paper 90 gsm,Packaging paper,tonnes,456698,38.62,120.284,0.04,30,10.92,0.06
13.298,2023-03-01,Mehr Packaging/SPECIAL-090,Mehr Packaging,SPECIAL-090,Specialty label paper 90 gsm,Packaging paper,tonnes,467974,39.45,122.449,0.35,30,10.99,0.06
13.469,2023-04-01,Mehr Packaging/SPECIAL-090,Mehr Packaging,SPECIAL-090,Specialty label paper 90 gsm,Packaging paper,tonnes,478836,40.07,124.654,0.04,30,10.73,0.06
17.433,2023-05-01,Mehr Packaging/SPECIAL-090,Mehr Packaging,SPECIAL-090,Specialty label paper 90 gsm,Packaging paper,tonnes,489209,40.47,126.897,0.04,30,10.17,0.06
15.535,2023-06-01,Mehr Packaging/SPECIAL-090,Mehr Packaging,SPECIAL-090,Specialty label paper 90 gsm,Packaging paper,tonnes,499060,40.64,129.181,0.04,30,9.37,0.06
15.475,2023-07-01,Mehr Packaging/SPECIAL-090,Mehr Packaging,SPECIAL-090,Specialty label paper 90 gsm,Packaging paper,tonnes,508404,40.56,131.507,0.04,30,8.42,0.06
13.748,2023-08-01,Mehr Packaging/SPECIAL-090,Mehr Packaging,SPECIAL-090,Specialty label paper 90 gsm,Packaging paper,tonnes,517300,40.26,133.874,0.04,30,7.43,0.06
15.734,2023-09-01,Mehr Packaging/SPECIAL-090,Mehr Packaging,SPECIAL-090,Specialty label paper 90 gsm,Packaging paper,tonnes,525857,39.73,136.284,0.04,30,6.5,0.06
19.24,2023-10-01,Mehr Packaging/SPECIAL-090,Mehr Packaging,SPECIAL-090,Specialty label paper 90 gsm,Packaging paper,tonnes,534225,39.01,138.737,0.04,30,5.73,0.06
19.433,2023-11-01,Mehr Packaging/SPECIAL-090,Mehr Packaging,SPECIAL-090,Specialty label paper 90 gsm,Packaging paper,tonnes,542587,38.13,141.234,0.35,30,5.21,0.06
18.458,2023-12-01,Mehr Packaging/SPECIAL-090,Mehr Packaging,SPECIAL-090,Specialty label paper 90 gsm,Packaging paper,tonnes,551152,37.13,143.776,0.04,30,5.0,0.06
16.121,2024-01-01,Mehr Packaging/SPECIAL-090,Mehr Packaging,SPECIAL-090,Specialty label paper 90 gsm,Packaging paper,tonnes,560140,36.05,146.364,0.04,30,5.12,0.06
18.531,2024-02-01,Mehr Packaging/SPECIAL-090,Mehr Packaging,SPECIAL-090,Specialty label paper 90 gsm,Packaging paper,tonnes,569774,34.93,148.999,0.04,30,5.56,0.06
12.432,2024-03-01,Mehr Packaging/SPECIAL-090,Mehr Packaging,SPECIAL-090,Specialty label paper 90 gsm,Packaging paper,tonnes,580258,33.83,151.681,0.04,30,6.27,0.06
12.662,2024-04-01,Mehr Packaging/SPECIAL-090,Mehr Packaging,SPECIAL-090,Specialty label paper 90 gsm,Packaging paper,tonnes,591772,32.78,154.411,0.04,30,7.16,0.06
11.349,2024-05-01,Mehr Packaging/SPECIAL-090,Mehr Packaging,SPECIAL-090,Specialty label paper 90 gsm,Packaging paper,tonnes,604454,31.85,157.19,0.04,30,8.15,0.06
15.3,2024-06-01,Mehr Packaging/SPECIAL-090,Mehr Packaging,SPECIAL-090,Specialty label paper 90 gsm,Packaging paper,tonnes,618392,31.06,160.02,0.04,30,9.12,0.06
18.687,2024-07-01,Mehr Packaging/SPECIAL-090,Mehr Packaging,SPECIAL-090,Specialty label paper 90 gsm,Packaging paper,tonnes,633615,30.45,162.9,0.35,30,29.97,0.06
13.53,2024-08-01,Mehr Packaging/SPECIAL-090,Mehr Packaging,SPECIAL-090,Specialty label paper 90 gsm,Packaging paper,tonnes,650092,30.05,165.832,0.04,30,10.6,0.06
15.028,2024-09-01,Mehr Packaging/SPECIAL-090,Mehr Packaging,SPECIAL-090,Specialty label paper 90 gsm,Packaging paper,tonnes,667729,29.88,168.817,0.04,30,10.95,0.06
17.413,2024-10-01,Mehr Packaging/SPECIAL-090,Mehr Packaging,SPECIAL-090,Specialty label paper 90 gsm,Packaging paper,tonnes,686374,29.94,171.856,0.04,30,10.97,0.06
16.965,2024-11-01,Mehr Packaging/SPECIAL-090,Mehr Packaging,SPECIAL-090,Specialty label paper 90 gsm,Packaging paper,tonnes,705823,30.25,174.949,0.04,30,10.66,0.06
18.092,2024-12-01,Mehr Packaging/SPECIAL-090,Mehr Packaging,SPECIAL-090,Specialty label paper 90 gsm,Packaging paper,tonnes,725833,30.78,178.098,0.04,30,10.06,0.06
18.148,2025-01-01,Mehr Packaging/SPECIAL-090,Mehr Packaging,SPECIAL-090,Specialty label paper 90 gsm,Packaging paper,tonnes,746134,31.52,181.304,0.04,30,9.24,0.06
19.067,2025-02-01,Mehr Packaging/SPECIAL-090,Mehr Packaging,SPECIAL-090,Specialty label paper 90 gsm,Packaging paper,tonnes,766451,32.45,184.568,0.04,30,8.27,0.06
14.688,2025-03-01,Mehr Packaging/SPECIAL-090,Mehr Packaging,SPECIAL-090,Specialty label paper 90 gsm,Packaging paper,tonnes,786512,33.53,187.89,0.35,30,7.28,0.06
16.82,2025-04-01,Mehr Packaging/SPECIAL-090,Mehr Packaging,SPECIAL-090,Specialty label paper 90 gsm,Packaging paper,tonnes,806079,34.72,191.272,0.04,30,6.37,0.06
21.729,2025-05-01,Mehr Packaging/SPECIAL-090,Mehr Packaging,SPECIAL-090,Specialty label paper 90 gsm,Packaging paper,tonnes,824951,35.98,194.715,0.04,30,5.63,0.06
12.834,2025-06-01,Mehr Packaging/SPECIAL-090,Mehr Packaging,SPECIAL-090,Specialty label paper 90 gsm,Packaging paper,tonnes,842992,37.26,198.22,0.04,30,5.16,0.06
16.656,2025-07-01,Mehr Packaging/SPECIAL-090,Mehr Packaging,SPECIAL-090,Specialty label paper 90 gsm,Packaging paper,tonnes,860135,38.51,201.788,0.04,30,5.0,0.06
18.339,2025-08-01,Mehr Packaging/SPECIAL-090,Mehr Packaging,SPECIAL-090,Specialty label paper 90 gsm,Packaging paper,tonnes,876392,39.68,205.42,0.04,30,5.17,0.06
15.038,2025-09-01,Mehr Packaging/SPECIAL-090,Mehr Packaging,SPECIAL-090,Specialty label paper 90 gsm,Packaging paper,tonnes,891858,40.74,209.117,0.04,45,25.65,0.6
19.665,2025-10-01,Mehr Packaging/SPECIAL-090,Mehr Packaging,SPECIAL-090,Specialty label paper 90 gsm,Packaging paper,tonnes,906709,41.64,212.882,0.04,30,6.39,0.06
18.814,2025-11-01,Mehr Packaging/SPECIAL-090,Mehr Packaging,SPECIAL-090,Specialty label paper 90 gsm,Packaging paper,tonnes,921194,42.35,216.713,0.35,30,7.31,0.06
23.642,2025-12-01,Mehr Packaging/SPECIAL-090,Mehr Packaging,SPECIAL-090,Specialty label paper 90 gsm,Packaging paper,tonnes,935624,42.85,220.614,0.04,30,8.3,0.06
15.873,2026-01-01,Mehr Packaging/SPECIAL-090,Mehr Packaging,SPECIAL-090,Specialty label paper 90 gsm,Packaging paper,tonnes,950355,43.11,224.585,0.04,30,9.26,0.06
17.159,2026-02-01,Mehr Packaging/SPECIAL-090,Mehr Packaging,SPECIAL-090,Specialty label paper 90 gsm,Packaging paper,tonnes,965767,43.14,228.628,0.04,30,10.08,0.06
15.622,2026-03-01,Mehr Packaging/SPECIAL-090,Mehr Packaging,SPECIAL-090,Specialty label paper 90 gsm,Packaging paper,tonnes,982244,42.92,232.743,0.04,30,10.67,0.06
13.596,2026-04-01,Mehr Packaging/SPECIAL-090,Mehr Packaging,SPECIAL-090,Specialty label paper 90 gsm,Packaging paper,tonnes,1000147,42.49,236.933,0.04,30,10.97,0.06
15.433,2026-05-01,Mehr Packaging/SPECIAL-090,Mehr Packaging,SPECIAL-090,Specialty label paper 90 gsm,Packaging paper,tonnes,1019790,41.85,241.197,0.04,45,30.94,0.6
15.988,2026-06-01,Mehr Packaging/SPECIAL-090,Mehr Packaging,SPECIAL-090,Specialty label paper 90 gsm,Packaging paper,tonnes,1041425,41.03,245.539,0.04,30,10.59,0.06
16.458,2026-07-01,Mehr Packaging/SPECIAL-090,Mehr Packaging,SPECIAL-090,Specialty label paper 90 gsm,Packaging paper,tonnes,1065215,40.07,249.959,0.35,30,9.95,0.06
13.631,2026-08-01,Mehr Packaging/SPECIAL-090,Mehr Packaging,SPECIAL-090,Specialty label paper 90 gsm,Packaging paper,tonnes,1091225,39.02,254.458,0.04,30,9.1,0.06
18.505,2026-09-01,Mehr Packaging/SPECIAL-090,Mehr Packaging,SPECIAL-090,Specialty label paper 90 gsm,Packaging paper,tonnes,1119416,37.91,259.038,0.04,30,8.12,0.06
55.048,2022-10-01,Simin Foods/KRAFT-120,Simin Foods,KRAFT-120,Kraft liner 120 gsm,Packaging paper,tonnes,410000,34.0,100.0,0.04,40,8.0,0.06
46.823,2022-11-01,Simin Foods/KRAFT-120,Simin Foods,KRAFT-120,Kraft liner 120 gsm,Packaging paper,tonnes,421612,35.27,101.8,0.04,40,8.98,0.06
50.33,2022-12-01,Simin Foods/KRAFT-120,Simin Foods,KRAFT-120,Kraft liner 120 gsm,Packaging paper,tonnes,433371,36.5,103.632,0.04,40,9.86,0.06
46.848,2023-01-01,Simin Foods/KRAFT-120,Simin Foods,KRAFT-120,Kraft liner 120 gsm,Packaging paper,tonnes,445118,37.63,105.498,0.04,40,10.52,0.06
47.507,2023-02-01,Simin Foods/KRAFT-120,Simin Foods,KRAFT-120,Kraft liner 120 gsm,Packaging paper,tonnes,456698,38.62,107.397,0.04,40,10.92,0.06
33.686,2023-03-01,Simin Foods/KRAFT-120,Simin Foods,KRAFT-120,Kraft liner 120 gsm,Packaging paper,tonnes,467974,39.45,109.33,0.04,40,10.99,0.06
43.648,2023-04-01,Simin Foods/KRAFT-120,Simin Foods,KRAFT-120,Kraft liner 120 gsm,Packaging paper,tonnes,478836,40.07,111.298,0.04,40,10.73,0.06
44.146,2023-05-01,Simin Foods/KRAFT-120,Simin Foods,KRAFT-120,Kraft liner 120 gsm,Packaging paper,tonnes,489209,40.47,113.301,0.35,40,10.17,0.06
45.621,2023-06-01,Simin Foods/KRAFT-120,Simin Foods,KRAFT-120,Kraft liner 120 gsm,Packaging paper,tonnes,499060,40.64,115.341,0.04,40,9.37,0.06
46.305,2023-07-01,Simin Foods/KRAFT-120,Simin Foods,KRAFT-120,Kraft liner 120 gsm,Packaging paper,tonnes,508404,40.56,117.417,0.04,40,8.42,0.06
50.949,2023-08-01,Simin Foods/KRAFT-120,Simin Foods,KRAFT-120,Kraft liner 120 gsm,Packaging paper,tonnes,517300,40.26,119.53,0.04,40,7.43,0.06
58.019,2023-09-01,Simin Foods/KRAFT-120,Simin Foods,KRAFT-120,Kraft liner 120 gsm,Packaging paper,tonnes,525857,39.73,121.682,0.04,40,6.5,0.06
69.474,2023-10-01,Simin Foods/KRAFT-120,Simin Foods,KRAFT-120,Kraft liner 120 gsm,Packaging paper,tonnes,534225,39.01,123.872,0.04,40,5.73,0.06
63.506,2023-11-01,Simin Foods/KRAFT-120,Simin Foods,KRAFT-120,Kraft liner 120 gsm,Packaging paper,tonnes,542587,38.13,126.102,0.04,40,5.21,0.06
50.491,2023-12-01,Simin Foods/KRAFT-120,Simin Foods,KRAFT-120,Kraft liner 120 gsm,Packaging paper,tonnes,551152,37.13,128.372,0.04,40,5.0,0.06
55.469,2024-01-01,Simin Foods/KRAFT-120,Simin Foods,KRAFT-120,Kraft liner 120 gsm,Packaging paper,tonnes,560140,36.05,130.682,0.35,40,5.12,0.06
48.304,2024-02-01,Simin Foods/KRAFT-120,Simin Foods,KRAFT-120,Kraft liner 120 gsm,Packaging paper,tonnes,569774,34.93,133.035,0.04,40,5.56,0.06
33.572,2024-03-01,Simin Foods/KRAFT-120,Simin Foods,KRAFT-120,Kraft liner 120 gsm,Packaging paper,tonnes,580258,33.83,135.429,0.04,40,6.27,0.06
48.582,2024-04-01,Simin Foods/KRAFT-120,Simin Foods,KRAFT-120,Kraft liner 120 gsm,Packaging paper,tonnes,591772,32.78,137.867,0.04,40,7.16,0.06
44.457,2024-05-01,Simin Foods/KRAFT-120,Simin Foods,KRAFT-120,Kraft liner 120 gsm,Packaging paper,tonnes,604454,31.85,140.349,0.04,40,8.15,0.06
52.06,2024-06-01,Simin Foods/KRAFT-120,Simin Foods,KRAFT-120,Kraft liner 120 gsm,Packaging paper,tonnes,618392,31.06,142.875,0.04,40,9.12,0.06
51.214,2024-07-01,Simin Foods/KRAFT-120,Simin Foods,KRAFT-120,Kraft liner 120 gsm,Packaging paper,tonnes,633615,30.45,145.447,0.04,40,29.97,0.06
51.352,2024-08-01,Simin Foods/KRAFT-120,Simin Foods,KRAFT-120,Kraft liner 120 gsm,Packaging paper,tonnes,650092,30.05,148.065,0.04,40,10.6,0.06
64.789,2024-09-01,Simin Foods/KRAFT-120,Simin Foods,KRAFT-120,Kraft liner 120 gsm,Packaging paper,tonnes,667729,29.88,150.73,0.35,40,10.95,0.06
61.397,2024-10-01,Simin Foods/KRAFT-120,Simin Foods,KRAFT-120,Kraft liner 120 gsm,Packaging paper,tonnes,686374,29.94,153.443,0.04,40,10.97,0.06
64.45,2024-11-01,Simin Foods/KRAFT-120,Simin Foods,KRAFT-120,Kraft liner 120 gsm,Packaging paper,tonnes,705823,30.25,156.205,0.04,40,10.66,0.06
60.567,2024-12-01,Simin Foods/KRAFT-120,Simin Foods,KRAFT-120,Kraft liner 120 gsm,Packaging paper,tonnes,725833,30.78,159.017,0.04,40,10.06,0.06
48.452,2025-01-01,Simin Foods/KRAFT-120,Simin Foods,KRAFT-120,Kraft liner 120 gsm,Packaging paper,tonnes,746134,31.52,161.879,0.04,40,9.24,0.06
55.921,2025-02-01,Simin Foods/KRAFT-120,Simin Foods,KRAFT-120,Kraft liner 120 gsm,Packaging paper,tonnes,766451,32.45,164.793,0.04,40,8.27,0.06
39.432,2025-03-01,Simin Foods/KRAFT-120,Simin Foods,KRAFT-120,Kraft liner 120 gsm,Packaging paper,tonnes,786512,33.53,167.759,0.04,40,7.28,0.06
49.609,2025-04-01,Simin Foods/KRAFT-120,Simin Foods,KRAFT-120,Kraft liner 120 gsm,Packaging paper,tonnes,806079,34.72,170.779,0.04,40,6.37,0.06
56.587,2025-05-01,Simin Foods/KRAFT-120,Simin Foods,KRAFT-120,Kraft liner 120 gsm,Packaging paper,tonnes,824951,35.98,173.853,0.35,40,5.63,0.06
48.885,2025-06-01,Simin Foods/KRAFT-120,Simin Foods,KRAFT-120,Kraft liner 120 gsm,Packaging paper,tonnes,842992,37.26,176.982,0.04,40,5.16,0.06
50.673,2025-07-01,Simin Foods/KRAFT-120,Simin Foods,KRAFT-120,Kraft liner 120 gsm,Packaging paper,tonnes,860135,38.51,180.168,0.04,40,5.0,0.06
59.055,2025-08-01,Simin Foods/KRAFT-120,Simin Foods,KRAFT-120,Kraft liner 120 gsm,Packaging paper,tonnes,876392,39.68,183.411,0.04,40,5.17,0.06
59.506,2025-09-01,Simin Foods/KRAFT-120,Simin Foods,KRAFT-120,Kraft liner 120 gsm,Packaging paper,tonnes,891858,40.74,186.712,0.04,55,25.65,0.6
63.987,2025-10-01,Simin Foods/KRAFT-120,Simin Foods,KRAFT-120,Kraft liner 120 gsm,Packaging paper,tonnes,906709,41.64,190.073,0.04,40,6.39,0.06
69.665,2025-11-01,Simin Foods/KRAFT-120,Simin Foods,KRAFT-120,Kraft liner 120 gsm,Packaging paper,tonnes,921194,42.35,193.494,0.04,40,7.31,0.06
58.661,2025-12-01,Simin Foods/KRAFT-120,Simin Foods,KRAFT-120,Kraft liner 120 gsm,Packaging paper,tonnes,935624,42.85,196.977,0.04,40,8.3,0.06
59.294,2026-01-01,Simin Foods/KRAFT-120,Simin Foods,KRAFT-120,Kraft liner 120 gsm,Packaging paper,tonnes,950355,43.11,200.523,0.35,40,9.26,0.06
51.586,2026-02-01,Simin Foods/KRAFT-120,Simin Foods,KRAFT-120,Kraft liner 120 gsm,Packaging paper,tonnes,965767,43.14,204.132,0.04,40,10.08,0.06
38.203,2026-03-01,Simin Foods/KRAFT-120,Simin Foods,KRAFT-120,Kraft liner 120 gsm,Packaging paper,tonnes,982244,42.92,207.806,0.04,40,10.67,0.06
48.043,2026-04-01,Simin Foods/KRAFT-120,Simin Foods,KRAFT-120,Kraft liner 120 gsm,Packaging paper,tonnes,1000147,42.49,211.547,0.04,40,10.97,0.06
43.409,2026-05-01,Simin Foods/KRAFT-120,Simin Foods,KRAFT-120,Kraft liner 120 gsm,Packaging paper,tonnes,1019790,41.85,215.355,0.04,55,30.94,0.6
49.977,2026-06-01,Simin Foods/KRAFT-120,Simin Foods,KRAFT-120,Kraft liner 120 gsm,Packaging paper,tonnes,1041425,41.03,219.231,0.04,40,10.59,0.06
51.637,2026-07-01,Simin Foods/KRAFT-120,Simin Foods,KRAFT-120,Kraft liner 120 gsm,Packaging paper,tonnes,1065215,40.07,223.177,0.04,40,9.95,0.06
51.475,2026-08-01,Simin Foods/KRAFT-120,Simin Foods,KRAFT-120,Kraft liner 120 gsm,Packaging paper,tonnes,1091225,39.02,227.194,0.04,40,9.1,0.06
73.388,2026-09-01,Simin Foods/KRAFT-120,Simin Foods,KRAFT-120,Kraft liner 120 gsm,Packaging paper,tonnes,1119416,37.91,231.284,0.35,40,8.12,0.06
42.091,2022-10-01,Simin Foods/BOARD-300,Simin Foods,BOARD-300,Folding board 300 gsm,Packaging paper,tonnes,410000,34.0,104.0,0.04,40,8.0,0.06
37.592,2022-11-01,Simin Foods/BOARD-300,Simin Foods,BOARD-300,Folding board 300 gsm,Packaging paper,tonnes,421612,35.27,105.872,0.04,40,8.98,0.06
36.107,2022-12-01,Simin Foods/BOARD-300,Simin Foods,BOARD-300,Folding board 300 gsm,Packaging paper,tonnes,433371,36.5,107.778,0.04,40,9.86,0.06
33.199,2023-01-01,Simin Foods/BOARD-300,Simin Foods,BOARD-300,Folding board 300 gsm,Packaging paper,tonnes,445118,37.63,109.718,0.04,40,10.52,0.06
36.026,2023-02-01,Simin Foods/BOARD-300,Simin Foods,BOARD-300,Folding board 300 gsm,Packaging paper,tonnes,456698,38.62,111.693,0.04,40,10.92,0.06
20.978,2023-03-01,Simin Foods/BOARD-300,Simin Foods,BOARD-300,Folding board 300 gsm,Packaging paper,tonnes,467974,39.45,113.703,0.04,40,10.99,0.06
30.134,2023-04-01,Simin Foods/BOARD-300,Simin Foods,BOARD-300,Folding board 300 gsm,Packaging paper,tonnes,478836,40.07,115.75,0.35,40,10.73,0.06
30.504,2023-05-01,Simin Foods/BOARD-300,Simin Foods,BOARD-300,Folding board 300 gsm,Packaging paper,tonnes,489209,40.47,117.833,0.04,40,10.17,0.06
33.753,2023-06-01,Simin Foods/BOARD-300,Simin Foods,BOARD-300,Folding board 300 gsm,Packaging paper,tonnes,499060,40.64,119.954,0.04,40,9.37,0.06
33.454,2023-07-01,Simin Foods/BOARD-300,Simin Foods,BOARD-300,Folding board 300 gsm,Packaging paper,tonnes,508404,40.56,122.113,0.04,40,8.42,0.06
35.151,2023-08-01,Simin Foods/BOARD-300,Simin Foods,BOARD-300,Folding board 300 gsm,Packaging paper,tonnes,517300,40.26,124.311,0.04,40,7.43,0.06
41.279,2023-09-01,Simin Foods/BOARD-300,Simin Foods,BOARD-300,Folding board 300 gsm,Packaging paper,tonnes,525857,39.73,126.549,0.04,40,6.5,0.06
43.014,2023-10-01,Simin Foods/BOARD-300,Simin Foods,BOARD-300,Folding board 300 gsm,Packaging paper,tonnes,534225,39.01,128.827,0.04,40,5.73,0.06
41.964,2023-11-01,Simin Foods/BOARD-300,Simin Foods,BOARD-300,Folding board 300 gsm,Packaging paper,tonnes,542587,38.13,131.146,0.04,40,5.21,0.06
44.23,2023-12-01,Simin Foods/BOARD-300,Simin Foods,BOARD-300,Folding board 300 gsm,Packaging paper,tonnes,551152,37.13,133.506,0.35,40,5.0,0.06
35.596,2024-01-01,Simin Foods/BOARD-300,Simin Foods,BOARD-300,Folding board 300 gsm,Packaging paper,tonnes,560140,36.05,135.91,0.04,40,5.12,0.06
36.226,2024-02-01,Simin Foods/BOARD-300,Simin Foods,BOARD-300,Folding board 300 gsm,Packaging paper,tonnes,569774,34.93,138.356,0.04,40,5.56,0.06
25.089,2024-03-01,Simin Foods/BOARD-300,Simin Foods,BOARD-300,Folding board 300 gsm,Packaging paper,tonnes,580258,33.83,140.846,0.04,40,6.27,0.06
34.926,2024-04-01,Simin Foods/BOARD-300,Simin Foods,BOARD-300,Folding board 300 gsm,Packaging paper,tonnes,591772,32.78,143.382,0.04,40,7.16,0.06
36.929,2024-05-01,Simin Foods/BOARD-300,Simin Foods,BOARD-300,Folding board 300 gsm,Packaging paper,tonnes,604454,31.85,145.962,0.04,40,8.15,0.06
34.517,2024-06-01,Simin Foods/BOARD-300,Simin Foods,BOARD-300,Folding board 300 gsm,Packaging paper,tonnes,618392,31.06,148.59,0.04,40,9.12,0.06
37.053,2024-07-01,Simin Foods/BOARD-300,Simin Foods,BOARD-300,Folding board 300 gsm,Packaging paper,tonnes,633615,30.45,151.264,0.04,40,29.97,0.06
36.677,2024-08-01,Simin Foods/BOARD-300,Simin Foods,BOARD-300,Folding board 300 gsm,Packaging paper,tonnes,650092,30.05,153.987,0.35,40,10.6,0.06
45.575,2024-09-01,Simin Foods/BOARD-300,Simin Foods,BOARD-300,Folding board 300 gsm,Packaging paper,tonnes,667729,29.88,156.759,0.04,40,10.95,0.06
46.571,2024-10-01,Simin Foods/BOARD-300,Simin Foods,BOARD-300,Folding board 300 gsm,Packaging paper,tonnes,686374,29.94,159.581,0.04,40,10.97,0.06
45.177,2024-11-01,Simin Foods/BOARD-300,Simin Foods,BOARD-300,Folding board 300 gsm,Packaging paper,tonnes,705823,30.25,162.453,0.04,40,10.66,0.06
35.967,2024-12-01,Simin Foods/BOARD-300,Simin Foods,BOARD-300,Folding board 300 gsm,Packaging paper,tonnes,725833,30.78,165.377,0.04,40,10.06,0.06
37.761,2025-01-01,Simin Foods/BOARD-300,Simin Foods,BOARD-300,Folding board 300 gsm,Packaging paper,tonnes,746134,31.52,168.354,0.04,40,9.24,0.06
36.591,2025-02-01,Simin Foods/BOARD-300,Simin Foods,BOARD-300,Folding board 300 gsm,Packaging paper,tonnes,766451,32.45,171.384,0.04,40,8.27,0.06
22.16,2025-03-01,Simin Foods/BOARD-300,Simin Foods,BOARD-300,Folding board 300 gsm,Packaging paper,tonnes,786512,33.53,174.469,0.04,40,7.28,0.06
39.89,2025-04-01,Simin Foods/BOARD-300,Simin Foods,BOARD-300,Folding board 300 gsm,Packaging paper,tonnes,806079,34.72,177.61,0.35,40,6.37,0.06
34.838,2025-05-01,Simin Foods/BOARD-300,Simin Foods,BOARD-300,Folding board 300 gsm,Packaging paper,tonnes,824951,35.98,180.807,0.04,40,5.63,0.06
36.24,2025-06-01,Simin Foods/BOARD-300,Simin Foods,BOARD-300,Folding board 300 gsm,Packaging paper,tonnes,842992,37.26,184.061,0.04,40,5.16,0.06
35.556,2025-07-01,Simin Foods/BOARD-300,Simin Foods,BOARD-300,Folding board 300 gsm,Packaging paper,tonnes,860135,38.51,187.374,0.04,40,5.0,0.06
39.004,2025-08-01,Simin Foods/BOARD-300,Simin Foods,BOARD-300,Folding board 300 gsm,Packaging paper,tonnes,876392,39.68,190.747,0.04,40,5.17,0.06
37.657,2025-09-01,Simin Foods/BOARD-300,Simin Foods,BOARD-300,Folding board 300 gsm,Packaging paper,tonnes,891858,40.74,194.18,0.04,55,25.65,0.6
47.304,2025-10-01,Simin Foods/BOARD-300,Simin Foods,BOARD-300,Folding board 300 gsm,Packaging paper,tonnes,906709,41.64,197.676,0.04,40,6.39,0.06
45.264,2025-11-01,Simin Foods/BOARD-300,Simin Foods,BOARD-300,Folding board 300 gsm,Packaging paper,tonnes,921194,42.35,201.234,0.04,40,7.31,0.06
43.983,2025-12-01,Simin Foods/BOARD-300,Simin Foods,BOARD-300,Folding board 300 gsm,Packaging paper,tonnes,935624,42.85,204.856,0.35,40,8.3,0.06
42.119,2026-01-01,Simin Foods/BOARD-300,Simin Foods,BOARD-300,Folding board 300 gsm,Packaging paper,tonnes,950355,43.11,208.544,0.04,40,9.26,0.06
39.897,2026-02-01,Simin Foods/BOARD-300,Simin Foods,BOARD-300,Folding board 300 gsm,Packaging paper,tonnes,965767,43.14,212.297,0.04,40,10.08,0.06
27.907,2026-03-01,Simin Foods/BOARD-300,Simin Foods,BOARD-300,Folding board 300 gsm,Packaging paper,tonnes,982244,42.92,216.119,0.04,40,10.67,0.06
35.379,2026-04-01,Simin Foods/BOARD-300,Simin Foods,BOARD-300,Folding board 300 gsm,Packaging paper,tonnes,1000147,42.49,220.009,0.04,40,10.97,0.06
31.209,2026-05-01,Simin Foods/BOARD-300,Simin Foods,BOARD-300,Folding board 300 gsm,Packaging paper,tonnes,1019790,41.85,223.969,0.04,55,30.94,0.6
31.516,2026-06-01,Simin Foods/BOARD-300,Simin Foods,BOARD-300,Folding board 300 gsm,Packaging paper,tonnes,1041425,41.03,228.0,0.04,40,10.59,0.06
40.753,2026-07-01,Simin Foods/BOARD-300,Simin Foods,BOARD-300,Folding board 300 gsm,Packaging paper,tonnes,1065215,40.07,232.104,0.04,40,9.95,0.06
41.296,2026-08-01,Simin Foods/BOARD-300,Simin Foods,BOARD-300,Folding board 300 gsm,Packaging paper,tonnes,1091225,39.02,236.282,0.35,40,9.1,0.06
45.665,2026-09-01,Simin Foods/BOARD-300,Simin Foods,BOARD-300,Folding board 300 gsm,Packaging paper,tonnes,1119416,37.91,240.535,0.04,40,8.12,0.06
28.391,2022-10-01,Simin Foods/FOOD-110,Simin Foods,FOOD-110,Food packaging paper 110 gsm,Packaging paper,tonnes,410000,34.0,108.0,0.04,40,8.0,0.06
32.194,2022-11-01,Simin Foods/FOOD-110,Simin Foods,FOOD-110,Food packaging paper 110 gsm,Packaging paper,tonnes,421612,35.27,109.944,0.04,40,8.98,0.06
26.255,2022-12-01,Simin Foods/FOOD-110,Simin Foods,FOOD-110,Food packaging paper 110 gsm,Packaging paper,tonnes,433371,36.5,111.923,0.04,40,9.86,0.06
29.491,2023-01-01,Simin Foods/FOOD-110,Simin Foods,FOOD-110,Food packaging paper 110 gsm,Packaging paper,tonnes,445118,37.63,113.938,0.04,40,10.52,0.06
28.602,2023-02-01,Simin Foods/FOOD-110,Simin Foods,FOOD-110,Food packaging paper 110 gsm,Packaging paper,tonnes,456698,38.62,115.988,0.04,40,10.92,0.06
16.959,2023-03-01,Simin Foods/FOOD-110,Simin Foods,FOOD-110,Food packaging paper 110 gsm,Packaging paper,tonnes,467974,39.45,118.076,0.35,40,10.99,0.06
22.67,2023-04-01,Simin Foods/FOOD-110,Simin Foods,FOOD-110,Food packaging paper 110 gsm,Packaging paper,tonnes,478836,40.07,120.202,0.04,40,10.73,0.06
23.889,2023-05-01,Simin Foods/FOOD-110,Simin Foods,FOOD-110,Food packaging paper 110 gsm,Packaging paper,tonnes,489209,40.47,122.365,0.04,40,10.17,0.06
22.004,2023-06-01,Simin Foods/FOOD-110,Simin Foods,FOOD-110,Food packaging paper 110 gsm,Packaging paper,tonnes,499060,40.64,124.568,0.04,40,9.37,0.06
24.229,2023-07-01,Simin Foods/FOOD-110,Simin Foods,FOOD-110,Food packaging paper 110 gsm,Packaging paper,tonnes,508404,40.56,126.81,0.04,40,8.42,0.06
25.177,2023-08-01,Simin Foods/FOOD-110,Simin Foods,FOOD-110,Food packaging paper 110 gsm,Packaging paper,tonnes,517300,40.26,129.093,0.04,40,7.43,0.06
30.873,2023-09-01,Simin Foods/FOOD-110,Simin Foods,FOOD-110,Food packaging paper 110 gsm,Packaging paper,tonnes,525857,39.73,131.416,0.04,40,6.5,0.06
33.111,2023-10-01,Simin Foods/FOOD-110,Simin Foods,FOOD-110,Food packaging paper 110 gsm,Packaging paper,tonnes,534225,39.01,133.782,0.04,40,5.73,0.06
34.594,2023-11-01,Simin Foods/FOOD-110,Simin Foods,FOOD-110,Food packaging paper 110 gsm,Packaging paper,tonnes,542587,38.13,136.19,0.35,40,5.21,0.06
29.432,2023-12-01,Simin Foods/FOOD-110,Simin Foods,FOOD-110,Food packaging paper 110 gsm,Packaging paper,tonnes,551152,37.13,138.641,0.04,40,5.0,0.06
27.952,2024-01-01,Simin Foods/FOOD-110,Simin Foods,FOOD-110,Food packaging paper 110 gsm,Packaging paper,tonnes,560140,36.05,141.137,0.04,40,5.12,0.06
28.389,2024-02-01,Simin Foods/FOOD-110,Simin Foods,FOOD-110,Food packaging paper 110 gsm,Packaging paper,tonnes,569774,34.93,143.677,0.04,40,5.56,0.06
17.411,2024-03-01,Simin Foods/FOOD-110,Simin Foods,FOOD-110,Food packaging paper 110 gsm,Packaging paper,tonnes,580258,33.83,146.264,0.04,40,6.27,0.06
26.071,2024-04-01,Simin Foods/FOOD-110,Simin Foods,FOOD-110,Food packaging paper 110 gsm,Packaging paper,tonnes,591772,32.78,148.896,0.04,40,7.16,0.06
25.238,2024-05-01,Simin Foods/FOOD-110,Simin Foods,FOOD-110,Food packaging paper 110 gsm,Packaging paper,tonnes,604454,31.85,151.576,0.04,40,8.15,0.06
22.621,2024-06-01,Simin Foods/FOOD-110,Simin Foods,FOOD-110,Food packaging paper 110 gsm,Packaging paper,tonnes,618392,31.06,154.305,0.04,40,9.12,0.06
30.318,2024-07-01,Simin Foods/FOOD-110,Simin Foods,FOOD-110,Food packaging paper 110 gsm,Packaging paper,tonnes,633615,30.45,157.082,0.35,40,29.97,0.06
29.564,2024-08-01,Simin Foods/FOOD-110,Simin Foods,FOOD-110,Food packaging paper 110 gsm,Packaging paper,tonnes,650092,30.05,159.91,0.04,40,10.6,0.06
31.311,2024-09-01,Simin Foods/FOOD-110,Simin Foods,FOOD-110,Food packaging paper 110 gsm,Packaging paper,tonnes,667729,29.88,162.788,0.04,40,10.95,0.06
35.814,2024-10-01,Simin Foods/FOOD-110,Simin Foods,FOOD-110,Food packaging paper 110 gsm,Packaging paper,tonnes,686374,29.94,165.718,0.04,40,10.97,0.06
33.678,2024-11-01,Simin Foods/FOOD-110,Simin Foods,FOOD-110,Food packaging paper 110 gsm,Packaging paper,tonnes,705823,30.25,168.701,0.04,40,10.66,0.06
31.436,2024-12-01,Simin Foods/FOOD-110,Simin Foods,FOOD-110,Food packaging paper 110 gsm,Packaging paper,tonnes,725833,30.78,171.738,0.04,40,10.06,0.06
29.748,2025-01-01,Simin Foods/FOOD-110,Simin Foods,FOOD-110,Food packaging paper 110 gsm,Packaging paper,tonnes,746134,31.52,174.829,0.04,40,9.24,0.06
28.531,2025-02-01,Simin Foods/FOOD-110,Simin Foods,FOOD-110,Food packaging paper 110 gsm,Packaging paper,tonnes,766451,32.45,177.976,0.04,40,8.27,0.06
20.803,2025-03-01,Simin Foods/FOOD-110,Simin Foods,FOOD-110,Food packaging paper 110 gsm,Packaging paper,tonnes,786512,33.53,181.18,0.35,40,7.28,0.06
27.696,2025-04-01,Simin Foods/FOOD-110,Simin Foods,FOOD-110,Food packaging paper 110 gsm,Packaging paper,tonnes,806079,34.72,184.441,0.04,40,6.37,0.06
21.239,2025-05-01,Simin Foods/FOOD-110,Simin Foods,FOOD-110,Food packaging paper 110 gsm,Packaging paper,tonnes,824951,35.98,187.761,0.04,40,5.63,0.06
27.221,2025-06-01,Simin Foods/FOOD-110,Simin Foods,FOOD-110,Food packaging paper 110 gsm,Packaging paper,tonnes,842992,37.26,191.14,0.04,40,5.16,0.06
26.635,2025-07-01,Simin Foods/FOOD-110,Simin Foods,FOOD-110,Food packaging paper 110 gsm,Packaging paper,tonnes,860135,38.51,194.581,0.04,40,5.0,0.06
26.414,2025-08-01,Simin Foods/FOOD-110,Simin Foods,FOOD-110,Food packaging paper 110 gsm,Packaging paper,tonnes,876392,39.68,198.083,0.04,40,5.17,0.06
32.947,2025-09-01,Simin Foods/FOOD-110,Simin Foods,FOOD-110,Food packaging paper 110 gsm,Packaging paper,tonnes,891858,40.74,201.649,0.04,55,25.65,0.6
33.153,2025-10-01,Simin Foods/FOOD-110,Simin Foods,FOOD-110,Food packaging paper 110 gsm,Packaging paper,tonnes,906709,41.64,205.279,0.04,40,6.39,0.06
35.73,2025-11-01,Simin Foods/FOOD-110,Simin Foods,FOOD-110,Food packaging paper 110 gsm,Packaging paper,tonnes,921194,42.35,208.974,0.35,40,7.31,0.06
30.586,2025-12-01,Simin Foods/FOOD-110,Simin Foods,FOOD-110,Food packaging paper 110 gsm,Packaging paper,tonnes,935624,42.85,212.735,0.04,40,8.3,0.06
29.815,2026-01-01,Simin Foods/FOOD-110,Simin Foods,FOOD-110,Food packaging paper 110 gsm,Packaging paper,tonnes,950355,43.11,216.564,0.04,40,9.26,0.06
33.444,2026-02-01,Simin Foods/FOOD-110,Simin Foods,FOOD-110,Food packaging paper 110 gsm,Packaging paper,tonnes,965767,43.14,220.463,0.04,40,10.08,0.06
22.795,2026-03-01,Simin Foods/FOOD-110,Simin Foods,FOOD-110,Food packaging paper 110 gsm,Packaging paper,tonnes,982244,42.92,224.431,0.04,40,10.67,0.06
26.517,2026-04-01,Simin Foods/FOOD-110,Simin Foods,FOOD-110,Food packaging paper 110 gsm,Packaging paper,tonnes,1000147,42.49,228.471,0.04,40,10.97,0.06
23.768,2026-05-01,Simin Foods/FOOD-110,Simin Foods,FOOD-110,Food packaging paper 110 gsm,Packaging paper,tonnes,1019790,41.85,232.583,0.04,55,30.94,0.6
28.525,2026-06-01,Simin Foods/FOOD-110,Simin Foods,FOOD-110,Food packaging paper 110 gsm,Packaging paper,tonnes,1041425,41.03,236.77,0.04,40,10.59,0.06
30.098,2026-07-01,Simin Foods/FOOD-110,Simin Foods,FOOD-110,Food packaging paper 110 gsm,Packaging paper,tonnes,1065215,40.07,241.031,0.35,40,9.95,0.06
30.696,2026-08-01,Simin Foods/FOOD-110,Simin Foods,FOOD-110,Food packaging paper 110 gsm,Packaging paper,tonnes,1091225,39.02,245.37,0.04,40,9.1,0.06
33.75,2026-09-01,Simin Foods/FOOD-110,Simin Foods,FOOD-110,Food packaging paper 110 gsm,Packaging paper,tonnes,1119416,37.91,249.787,0.04,40,8.12,0.06
13.732,2022-10-01,Simin Foods/SPECIAL-090,Simin Foods,SPECIAL-090,Specialty label paper 90 gsm,Packaging paper,tonnes,410000,34.0,112.0,0.04,40,8.0,0.06
15.546,2022-11-01,Simin Foods/SPECIAL-090,Simin Foods,SPECIAL-090,Specialty label paper 90 gsm,Packaging paper,tonnes,421612,35.27,114.016,0.04,40,8.98,0.06
12.277,2022-12-01,Simin Foods/SPECIAL-090,Simin Foods,SPECIAL-090,Specialty label paper 90 gsm,Packaging paper,tonnes,433371,36.5,116.068,0.04,40,9.86,0.06
10.212,2023-01-01,Simin Foods/SPECIAL-090,Simin Foods,SPECIAL-090,Specialty label paper 90 gsm,Packaging paper,tonnes,445118,37.63,118.158,0.04,40,10.52,0.06
11.024,2023-02-01,Simin Foods/SPECIAL-090,Simin Foods,SPECIAL-090,Specialty label paper 90 gsm,Packaging paper,tonnes,456698,38.62,120.284,0.35,40,10.92,0.06
7.44,2023-03-01,Simin Foods/SPECIAL-090,Simin Foods,SPECIAL-090,Specialty label paper 90 gsm,Packaging paper,tonnes,467974,39.45,122.449,0.04,40,10.99,0.06
9.569,2023-04-01,Simin Foods/SPECIAL-090,Simin Foods,SPECIAL-090,Specialty label paper 90 gsm,Packaging paper,tonnes,478836,40.07,124.654,0.04,40,10.73,0.06
8.249,2023-05-01,Simin Foods/SPECIAL-090,Simin Foods,SPECIAL-090,Specialty label paper 90 gsm,Packaging paper,tonnes,489209,40.47,126.897,0.04,40,10.17,0.06
8.566,2023-06-01,Simin Foods/SPECIAL-090,Simin Foods,SPECIAL-090,Specialty label paper 90 gsm,Packaging paper,tonnes,499060,40.64,129.181,0.04,40,9.37,0.06
8.138,2023-07-01,Simin Foods/SPECIAL-090,Simin Foods,SPECIAL-090,Specialty label paper 90 gsm,Packaging paper,tonnes,508404,40.56,131.507,0.04,40,8.42,0.06
10.356,2023-08-01,Simin Foods/SPECIAL-090,Simin Foods,SPECIAL-090,Specialty label paper 90 gsm,Packaging paper,tonnes,517300,40.26,133.874,0.04,40,7.43,0.06
11.088,2023-09-01,Simin Foods/SPECIAL-090,Simin Foods,SPECIAL-090,Specialty label paper 90 gsm,Packaging paper,tonnes,525857,39.73,136.284,0.04,40,6.5,0.06
13.142,2023-10-01,Simin Foods/SPECIAL-090,Simin Foods,SPECIAL-090,Specialty label paper 90 gsm,Packaging paper,tonnes,534225,39.01,138.737,0.35,40,5.73,0.06
11.074,2023-11-01,Simin Foods/SPECIAL-090,Simin Foods,SPECIAL-090,Specialty label paper 90 gsm,Packaging paper,tonnes,542587,38.13,141.234,0.04,40,5.21,0.06
11.479,2023-12-01,Simin Foods/SPECIAL-090,Simin Foods,SPECIAL-090,Specialty label paper 90 gsm,Packaging paper,tonnes,551152,37.13,143.776,0.04,40,5.0,0.06
10.82,2024-01-01,Simin Foods/SPECIAL-090,Simin Foods,SPECIAL-090,Specialty label paper 90 gsm,Packaging paper,tonnes,560140,36.05,146.364,0.04,40,5.12,0.06
11.38,2024-02-01,Simin Foods/SPECIAL-090,Simin Foods,SPECIAL-090,Specialty label paper 90 gsm,Packaging paper,tonnes,569774,34.93,148.999,0.04,40,5.56,0.06
7.794,2024-03-01,Simin Foods/SPECIAL-090,Simin Foods,SPECIAL-090,Specialty label paper 90 gsm,Packaging paper,tonnes,580258,33.83,151.681,0.04,40,6.27,0.06
8.419,2024-04-01,Simin Foods/SPECIAL-090,Simin Foods,SPECIAL-090,Specialty label paper 90 gsm,Packaging paper,tonnes,591772,32.78,154.411,0.04,40,7.16,0.06
8.103,2024-05-01,Simin Foods/SPECIAL-090,Simin Foods,SPECIAL-090,Specialty label paper 90 gsm,Packaging paper,tonnes,604454,31.85,157.19,0.04,40,8.15,0.06
12.342,2024-06-01,Simin Foods/SPECIAL-090,Simin Foods,SPECIAL-090,Specialty label paper 90 gsm,Packaging paper,tonnes,618392,31.06,160.02,0.35,40,9.12,0.06
10.923,2024-07-01,Simin Foods/SPECIAL-090,Simin Foods,SPECIAL-090,Specialty label paper 90 gsm,Packaging paper,tonnes,633615,30.45,162.9,0.04,40,29.97,0.06
9.892,2024-08-01,Simin Foods/SPECIAL-090,Simin Foods,SPECIAL-090,Specialty label paper 90 gsm,Packaging paper,tonnes,650092,30.05,165.832,0.04,40,10.6,0.06
10.923,2024-09-01,Simin Foods/SPECIAL-090,Simin Foods,SPECIAL-090,Specialty label paper 90 gsm,Packaging paper,tonnes,667729,29.88,168.817,0.04,40,10.95,0.06
13.909,2024-10-01,Simin Foods/SPECIAL-090,Simin Foods,SPECIAL-090,Specialty label paper 90 gsm,Packaging paper,tonnes,686374,29.94,171.856,0.04,40,10.97,0.06
15.492,2024-11-01,Simin Foods/SPECIAL-090,Simin Foods,SPECIAL-090,Specialty label paper 90 gsm,Packaging paper,tonnes,705823,30.25,174.949,0.04,40,10.66,0.06
13.592,2024-12-01,Simin Foods/SPECIAL-090,Simin Foods,SPECIAL-090,Specialty label paper 90 gsm,Packaging paper,tonnes,725833,30.78,178.098,0.04,40,10.06,0.06
12.247,2025-01-01,Simin Foods/SPECIAL-090,Simin Foods,SPECIAL-090,Specialty label paper 90 gsm,Packaging paper,tonnes,746134,31.52,181.304,0.04,40,9.24,0.06
10.79,2025-02-01,Simin Foods/SPECIAL-090,Simin Foods,SPECIAL-090,Specialty label paper 90 gsm,Packaging paper,tonnes,766451,32.45,184.568,0.35,40,8.27,0.06
10.078,2025-03-01,Simin Foods/SPECIAL-090,Simin Foods,SPECIAL-090,Specialty label paper 90 gsm,Packaging paper,tonnes,786512,33.53,187.89,0.04,40,7.28,0.06
11.876,2025-04-01,Simin Foods/SPECIAL-090,Simin Foods,SPECIAL-090,Specialty label paper 90 gsm,Packaging paper,tonnes,806079,34.72,191.272,0.04,40,6.37,0.06
10.146,2025-05-01,Simin Foods/SPECIAL-090,Simin Foods,SPECIAL-090,Specialty label paper 90 gsm,Packaging paper,tonnes,824951,35.98,194.715,0.04,40,5.63,0.06
8.214,2025-06-01,Simin Foods/SPECIAL-090,Simin Foods,SPECIAL-090,Specialty label paper 90 gsm,Packaging paper,tonnes,842992,37.26,198.22,0.04,40,5.16,0.06
10.889,2025-07-01,Simin Foods/SPECIAL-090,Simin Foods,SPECIAL-090,Specialty label paper 90 gsm,Packaging paper,tonnes,860135,38.51,201.788,0.04,40,5.0,0.06
12.569,2025-08-01,Simin Foods/SPECIAL-090,Simin Foods,SPECIAL-090,Specialty label paper 90 gsm,Packaging paper,tonnes,876392,39.68,205.42,0.04,40,5.17,0.06
13.695,2025-09-01,Simin Foods/SPECIAL-090,Simin Foods,SPECIAL-090,Specialty label paper 90 gsm,Packaging paper,tonnes,891858,40.74,209.117,0.04,55,25.65,0.6
17.414,2025-10-01,Simin Foods/SPECIAL-090,Simin Foods,SPECIAL-090,Specialty label paper 90 gsm,Packaging paper,tonnes,906709,41.64,212.882,0.35,40,6.39,0.06
13.83,2025-11-01,Simin Foods/SPECIAL-090,Simin Foods,SPECIAL-090,Specialty label paper 90 gsm,Packaging paper,tonnes,921194,42.35,216.713,0.04,40,7.31,0.06
14.442,2025-12-01,Simin Foods/SPECIAL-090,Simin Foods,SPECIAL-090,Specialty label paper 90 gsm,Packaging paper,tonnes,935624,42.85,220.614,0.04,40,8.3,0.06
9.565,2026-01-01,Simin Foods/SPECIAL-090,Simin Foods,SPECIAL-090,Specialty label paper 90 gsm,Packaging paper,tonnes,950355,43.11,224.585,0.04,40,9.26,0.06
14.747,2026-02-01,Simin Foods/SPECIAL-090,Simin Foods,SPECIAL-090,Specialty label paper 90 gsm,Packaging paper,tonnes,965767,43.14,228.628,0.04,40,10.08,0.06
7.434,2026-03-01,Simin Foods/SPECIAL-090,Simin Foods,SPECIAL-090,Specialty label paper 90 gsm,Packaging paper,tonnes,982244,42.92,232.743,0.04,40,10.67,0.06
10.414,2026-04-01,Simin Foods/SPECIAL-090,Simin Foods,SPECIAL-090,Specialty label paper 90 gsm,Packaging paper,tonnes,1000147,42.49,236.933,0.04,40,10.97,0.06
9.402,2026-05-01,Simin Foods/SPECIAL-090,Simin Foods,SPECIAL-090,Specialty label paper 90 gsm,Packaging paper,tonnes,1019790,41.85,241.197,0.04,55,30.94,0.6
9.883,2026-06-01,Simin Foods/SPECIAL-090,Simin Foods,SPECIAL-090,Specialty label paper 90 gsm,Packaging paper,tonnes,1041425,41.03,245.539,0.35,40,10.59,0.06
10.366,2026-07-01,Simin Foods/SPECIAL-090,Simin Foods,SPECIAL-090,Specialty label paper 90 gsm,Packaging paper,tonnes,1065215,40.07,249.959,0.04,40,9.95,0.06
11.327,2026-08-01,Simin Foods/SPECIAL-090,Simin Foods,SPECIAL-090,Specialty label paper 90 gsm,Packaging paper,tonnes,1091225,39.02,254.458,0.04,40,9.1,0.06
14.186,2026-09-01,Simin Foods/SPECIAL-090,Simin Foods,SPECIAL-090,Specialty label paper 90 gsm,Packaging paper,tonnes,1119416,37.91,259.038,0.04,40,8.12,0.06
47.35,2022-10-01,Aftab Printing/KRAFT-120,Aftab Printing,KRAFT-120,Kraft liner 120 gsm,Packaging paper,tonnes,410000,34.0,100.0,0.04,50,8.0,0.06
41.614,2022-11-01,Aftab Printing/KRAFT-120,Aftab Printing,KRAFT-120,Kraft liner 120 gsm,Packaging paper,tonnes,421612,35.27,101.8,0.04,50,8.98,0.06
35.76,2022-12-01,Aftab Printing/KRAFT-120,Aftab Printing,KRAFT-120,Kraft liner 120 gsm,Packaging paper,tonnes,433371,36.5,103.632,0.04,50,9.86,0.06
35.45,2023-01-01,Aftab Printing/KRAFT-120,Aftab Printing,KRAFT-120,Kraft liner 120 gsm,Packaging paper,tonnes,445118,37.63,105.498,0.04,50,10.52,0.06
36.976,2023-02-01,Aftab Printing/KRAFT-120,Aftab Printing,KRAFT-120,Kraft liner 120 gsm,Packaging paper,tonnes,456698,38.62,107.397,0.04,50,10.92,0.06
20.481,2023-03-01,Aftab Printing/KRAFT-120,Aftab Printing,KRAFT-120,Kraft liner 120 gsm,Packaging paper,tonnes,467974,39.45,109.33,0.04,50,10.99,0.06
36.616,2023-04-01,Aftab Printing/KRAFT-120,Aftab Printing,KRAFT-120,Kraft liner 120 gsm,Packaging paper,tonnes,478836,40.07,111.298,0.35,50,10.73,0.06
33.335,2023-05-01,Aftab Printing/KRAFT-120,Aftab Printing,KRAFT-120,Kraft liner 120 gsm,Packaging paper,tonnes,489209,40.47,113.301,0.04,50,10.17,0.06
41.666,2023-06-01,Aftab Printing/KRAFT-120,Aftab Printing,KRAFT-120,Kraft liner 120 gsm,Packaging paper,tonnes,499060,40.64,115.341,0.04,50,9.37,0.06
33.729,2023-07-01,Aftab Printing/KRAFT-120,Aftab Printing,KRAFT-120,Kraft liner 120 gsm,Packaging paper,tonnes,508404,40.56,117.417,0.04,50,8.42,0.06
40.782,2023-08-01,Aftab Printing/KRAFT-120,Aftab Printing,KRAFT-120,Kraft liner 120 gsm,Packaging paper,tonnes,517300,40.26,119.53,0.04,50,7.43,0.06
42.289,2023-09-01,Aftab Printing/KRAFT-120,Aftab Printing,KRAFT-120,Kraft liner 120 gsm,Packaging paper,tonnes,525857,39.73,121.682,0.04,50,6.5,0.06
46.396,2023-10-01,Aftab Printing/KRAFT-120,Aftab Printing,KRAFT-120,Kraft liner 120 gsm,Packaging paper,tonnes,534225,39.01,123.872,0.04,50,5.73,0.06
41.69,2023-11-01,Aftab Printing/KRAFT-120,Aftab Printing,KRAFT-120,Kraft liner 120 gsm,Packaging paper,tonnes,542587,38.13,126.102,0.04,50,5.21,0.06
39.887,2023-12-01,Aftab Printing/KRAFT-120,Aftab Printing,KRAFT-120,Kraft liner 120 gsm,Packaging paper,tonnes,551152,37.13,128.372,0.35,50,5.0,0.06
31.106,2024-01-01,Aftab Printing/KRAFT-120,Aftab Printing,KRAFT-120,Kraft liner 120 gsm,Packaging paper,tonnes,560140,36.05,130.682,0.04,50,5.12,0.06
35.141,2024-02-01,Aftab Printing/KRAFT-120,Aftab Printing,KRAFT-120,Kraft liner 120 gsm,Packaging paper,tonnes,569774,34.93,133.035,0.04,50,5.56,0.06
24.372,2024-03-01,Aftab Printing/KRAFT-120,Aftab Printing,KRAFT-120,Kraft liner 120 gsm,Packaging paper,tonnes,580258,33.83,135.429,0.04,50,6.27,0.06
36.342,2024-04-01,Aftab Printing/KRAFT-120,Aftab Printing,KRAFT-120,Kraft liner 120 gsm,Packaging paper,tonnes,591772,32.78,137.867,0.04,50,7.16,0.06
32.202,2024-05-01,Aftab Printing/KRAFT-120,Aftab Printing,KRAFT-120,Kraft liner 120 gsm,Packaging paper,tonnes,604454,31.85,140.349,0.04,50,8.15,0.06
40.186,2024-06-01,Aftab Printing/KRAFT-120,Aftab Printing,KRAFT-120,Kraft liner 120 gsm,Packaging paper,tonnes,618392,31.06,142.875,0.04,50,9.12,0.06
42.826,2024-07-01,Aftab Printing/KRAFT-120,Aftab Printing,KRAFT-120,Kraft liner 120 gsm,Packaging paper,tonnes,633615,30.45,145.447,0.04,50,29.97,0.06
42.302,2024-08-01,Aftab Printing/KRAFT-120,Aftab Printing,KRAFT-120,Kraft liner 120 gsm,Packaging paper,tonnes,650092,30.05,148.065,0.35,50,10.6,0.06
50.369,2024-09-01,Aftab Printing/KRAFT-120,Aftab Printing,KRAFT-120,Kraft liner 120 gsm,Packaging paper,tonnes,667729,29.88,150.73,0.04,50,10.95,0.06
48.298,2024-10-01,Aftab Printing/KRAFT-120,Aftab Printing,KRAFT-120,Kraft liner 120 gsm,Packaging paper,tonnes,686374,29.94,153.443,0.04,50,10.97,0.06
48.175,2024-11-01,Aftab Printing/KRAFT-120,Aftab Printing,KRAFT-120,Kraft liner 120 gsm,Packaging paper,tonnes,705823,30.25,156.205,0.04,50,10.66,0.06
42.022,2024-12-01,Aftab Printing/KRAFT-120,Aftab Printing,KRAFT-120,Kraft liner 120 gsm,Packaging paper,tonnes,725833,30.78,159.017,0.04,50,10.06,0.06
37.431,2025-01-01,Aftab Printing/KRAFT-120,Aftab Printing,KRAFT-120,Kraft liner 120 gsm,Packaging paper,tonnes,746134,31.52,161.879,0.04,50,9.24,0.06
41.938,2025-02-01,Aftab Printing/KRAFT-120,Aftab Printing,KRAFT-120,Kraft liner 120 gsm,Packaging paper,tonnes,766451,32.45,164.793,0.04,50,8.27,0.06
24.795,2025-03-01,Aftab Printing/KRAFT-120,Aftab Printing,KRAFT-120,Kraft liner 120 gsm,Packaging paper,tonnes,786512,33.53,167.759,0.04,50,7.28,0.06
38.228,2025-04-01,Aftab Printing/KRAFT-120,Aftab Printing,KRAFT-120,Kraft liner 120 gsm,Packaging paper,tonnes,806079,34.72,170.779,0.35,50,6.37,0.06
40.89,2025-05-01,Aftab Printing/KRAFT-120,Aftab Printing,KRAFT-120,Kraft liner 120 gsm,Packaging paper,tonnes,824951,35.98,173.853,0.04,50,5.63,0.06
39.393,2025-06-01,Aftab Printing/KRAFT-120,Aftab Printing,KRAFT-120,Kraft liner 120 gsm,Packaging paper,tonnes,842992,37.26,176.982,0.04,50,5.16,0.06
40.462,2025-07-01,Aftab Printing/KRAFT-120,Aftab Printing,KRAFT-120,Kraft liner 120 gsm,Packaging paper,tonnes,860135,38.51,180.168,0.04,50,5.0,0.06
42.556,2025-08-01,Aftab Printing/KRAFT-120,Aftab Printing,KRAFT-120,Kraft liner 120 gsm,Packaging paper,tonnes,876392,39.68,183.411,0.04,50,5.17,0.06
44.836,2025-09-01,Aftab Printing/KRAFT-120,Aftab Printing,KRAFT-120,Kraft liner 120 gsm,Packaging paper,tonnes,891858,40.74,186.712,0.04,65,25.65,0.6
49.418,2025-10-01,Aftab Printing/KRAFT-120,Aftab Printing,KRAFT-120,Kraft liner 120 gsm,Packaging paper,tonnes,906709,41.64,190.073,0.04,50,6.39,0.06
43.999,2025-11-01,Aftab Printing/KRAFT-120,Aftab Printing,KRAFT-120,Kraft liner 120 gsm,Packaging paper,tonnes,921194,42.35,193.494,0.04,50,7.31,0.06
43.866,2025-12-01,Aftab Printing/KRAFT-120,Aftab Printing,KRAFT-120,Kraft liner 120 gsm,Packaging paper,tonnes,935624,42.85,196.977,0.35,50,8.3,0.06
36.599,2026-01-01,Aftab Printing/KRAFT-120,Aftab Printing,KRAFT-120,Kraft liner 120 gsm,Packaging paper,tonnes,950355,43.11,200.523,0.04,50,9.26,0.06
33.617,2026-02-01,Aftab Printing/KRAFT-120,Aftab Printing,KRAFT-120,Kraft liner 120 gsm,Packaging paper,tonnes,965767,43.14,204.132,0.04,50,10.08,0.06
26.737,2026-03-01,Aftab Printing/KRAFT-120,Aftab Printing,KRAFT-120,Kraft liner 120 gsm,Packaging paper,tonnes,982244,42.92,207.806,0.04,50,10.67,0.06
37.712,2026-04-01,Aftab Printing/KRAFT-120,Aftab Printing,KRAFT-120,Kraft liner 120 gsm,Packaging paper,tonnes,1000147,42.49,211.547,0.04,50,10.97,0.06
33.614,2026-05-01,Aftab Printing/KRAFT-120,Aftab Printing,KRAFT-120,Kraft liner 120 gsm,Packaging paper,tonnes,1019790,41.85,215.355,0.04,65,30.94,0.6
42.891,2026-06-01,Aftab Printing/KRAFT-120,Aftab Printing,KRAFT-120,Kraft liner 120 gsm,Packaging paper,tonnes,1041425,41.03,219.231,0.04,50,10.59,0.06
44.505,2026-07-01,Aftab Printing/KRAFT-120,Aftab Printing,KRAFT-120,Kraft liner 120 gsm,Packaging paper,tonnes,1065215,40.07,223.177,0.04,50,9.95,0.06
44.136,2026-08-01,Aftab Printing/KRAFT-120,Aftab Printing,KRAFT-120,Kraft liner 120 gsm,Packaging paper,tonnes,1091225,39.02,227.194,0.35,50,9.1,0.06
51.0,2026-09-01,Aftab Printing/KRAFT-120,Aftab Printing,KRAFT-120,Kraft liner 120 gsm,Packaging paper,tonnes,1119416,37.91,231.284,0.04,50,8.12,0.06
30.793,2022-10-01,Aftab Printing/BOARD-300,Aftab Printing,BOARD-300,Folding board 300 gsm,Packaging paper,tonnes,410000,34.0,104.0,0.04,50,8.0,0.06
30.189,2022-11-01,Aftab Printing/BOARD-300,Aftab Printing,BOARD-300,Folding board 300 gsm,Packaging paper,tonnes,421612,35.27,105.872,0.04,50,8.98,0.06
29.878,2022-12-01,Aftab Printing/BOARD-300,Aftab Printing,BOARD-300,Folding board 300 gsm,Packaging paper,tonnes,433371,36.5,107.778,0.04,50,9.86,0.06
24.87,2023-01-01,Aftab Printing/BOARD-300,Aftab Printing,BOARD-300,Folding board 300 gsm,Packaging paper,tonnes,445118,37.63,109.718,0.04,50,10.52,0.06
26.158,2023-02-01,Aftab Printing/BOARD-300,Aftab Printing,BOARD-300,Folding board 300 gsm,Packaging paper,tonnes,456698,38.62,111.693,0.04,50,10.92,0.06
17.304,2023-03-01,Aftab Printing/BOARD-300,Aftab Printing,BOARD-300,Folding board 300 gsm,Packaging paper,tonnes,467974,39.45,113.703,0.35,50,10.99,0.06
22.408,2023-04-01,Aftab Printing/BOARD-300,Aftab Printing,BOARD-300,Folding board 300 gsm,Packaging paper,tonnes,478836,40.07,115.75,0.04,50,10.73,0.06
24.883,2023-05-01,Aftab Printing/BOARD-300,Aftab Printing,BOARD-300,Folding board 300 gsm,Packaging paper,tonnes,489209,40.47,117.833,0.04,50,10.17,0.06
25.836,2023-06-01,Aftab Printing/BOARD-300,Aftab Printing,BOARD-300,Folding board 300 gsm,Packaging paper,tonnes,499060,40.64,119.954,0.04,50,9.37,0.06
26.513,2023-07-01,Aftab Printing/BOARD-300,Aftab Printing,BOARD-300,Folding board 300 gsm,Packaging paper,tonnes,508404,40.56,122.113,0.04,50,8.42,0.06
28.422,2023-08-01,Aftab Printing/BOARD-300,Aftab Printing,BOARD-300,Folding board 300 gsm,Packaging paper,tonnes,517300,40.26,124.311,0.04,50,7.43,0.06
32.445,2023-09-01,Aftab Printing/BOARD-300,Aftab Printing,BOARD-300,Folding board 300 gsm,Packaging paper,tonnes,525857,39.73,126.549,0.04,50,6.5,0.06
31.774,2023-10-01,Aftab Printing/BOARD-300,Aftab Printing,BOARD-300,Folding board 300 gsm,Packaging paper,tonnes,534225,39.01,128.827,0.04,50,5.73,0.06
33.963,2023-11-01,Aftab Printing/BOARD-300,Aftab Printing,BOARD-300,Folding board 300 gsm,Packaging paper,tonnes,542587,38.13,131.146,0.35,50,5.21,0.06
27.665,2023-12-01,Aftab Printing/BOARD-300,Aftab Printing,BOARD-300,Folding board 300 gsm,Packaging paper,tonnes,551152,37.13,133.506,0.04,50,5.0,0.06
22.91,2024-01-01,Aftab Printing/BOARD-300,Aftab Printing,BOARD-300,Folding board 300 gsm,Packaging paper,tonnes,560140,36.05,135.91,0.04,50,5.12,0.06
23.976,2024-02-01,Aftab Printing/BOARD-300,Aftab Printing,BOARD-300,Folding board 300 gsm,Packaging paper,tonnes,569774,34.93,138.356,0.04,50,5.56,0.06
17.039,2024-03-01,Aftab Printing/BOARD-300,Aftab Printing,BOARD-300,Folding board 300 gsm,Packaging paper,tonnes,580258,33.83,140.846,0.04,50,6.27,0.06
28.134,2024-04-01,Aftab Printing/BOARD-300,Aftab Printing,BOARD-300,Folding board 300 gsm,Packaging paper,tonnes,591772,32.78,143.382,0.04,50,7.16,0.06
26.568,2024-05-01,Aftab Printing/BOARD-300,Aftab Printing,BOARD-300,Folding board 300 gsm,Packaging paper,tonnes,604454,31.85,145.962,0.04,50,8.15,0.06
25.746,2024-06-01,Aftab Printing/BOARD-300,Aftab Printing,BOARD-300,Folding board 300 gsm,Packaging paper,tonnes,618392,31.06,148.59,0.04,50,9.12,0.06
32.628,2024-07-01,Aftab Printing/BOARD-300,Aftab Printing,BOARD-300,Folding board 300 gsm,Packaging paper,tonnes,633615,30.45,151.264,0.35,50,29.97,0.06
28.195,2024-08-01,Aftab Printing/BOARD-300,Aftab Printing,BOARD-300,Folding board 300 gsm,Packaging paper,tonnes,650092,30.05,153.987,0.04,50,10.6,0.06
33.724,2024-09-01,Aftab Printing/BOARD-300,Aftab Printing,BOARD-300,Folding board 300 gsm,Packaging paper,tonnes,667729,29.88,156.759,0.04,50,10.95,0.06
30.827,2024-10-01,Aftab Printing/BOARD-300,Aftab Printing,BOARD-300,Folding board 300 gsm,Packaging paper,tonnes,686374,29.94,159.581,0.04,50,10.97,0.06
31.444,2024-11-01,Aftab Printing/BOARD-300,Aftab Printing,BOARD-300,Folding board 300 gsm,Packaging paper,tonnes,705823,30.25,162.453,0.04,50,10.66,0.06
28.324,2024-12-01,Aftab Printing/BOARD-300,Aftab Printing,BOARD-300,Folding board 300 gsm,Packaging paper,tonnes,725833,30.78,165.377,0.04,50,10.06,0.06
25.406,2025-01-01,Aftab Printing/BOARD-300,Aftab Printing,BOARD-300,Folding board 300 gsm,Packaging paper,tonnes,746134,31.52,168.354,0.04,50,9.24,0.06
24.137,2025-02-01,Aftab Printing/BOARD-300,Aftab Printing,BOARD-300,Folding board 300 gsm,Packaging paper,tonnes,766451,32.45,171.384,0.04,50,8.27,0.06
20.583,2025-03-01,Aftab Printing/BOARD-300,Aftab Printing,BOARD-300,Folding board 300 gsm,Packaging paper,tonnes,786512,33.53,174.469,0.35,50,7.28,0.06
24.476,2025-04-01,Aftab Printing/BOARD-300,Aftab Printing,BOARD-300,Folding board 300 gsm,Packaging paper,tonnes,806079,34.72,177.61,0.04,50,6.37,0.06
29.339,2025-05-01,Aftab Printing/BOARD-300,Aftab Printing,BOARD-300,Folding board 300 gsm,Packaging paper,tonnes,824951,35.98,180.807,0.04,50,5.63,0.06
27.704,2025-06-01,Aftab Printing/BOARD-300,Aftab Printing,BOARD-300,Folding board 300 gsm,Packaging paper,tonnes,842992,37.26,184.061,0.04,50,5.16,0.06
28.062,2025-07-01,Aftab Printing/BOARD-300,Aftab Printing,BOARD-300,Folding board 300 gsm,Packaging paper,tonnes,860135,38.51,187.374,0.04,50,5.0,0.06
30.677,2025-08-01,Aftab Printing/BOARD-300,Aftab Printing,BOARD-300,Folding board 300 gsm,Packaging paper,tonnes,876392,39.68,190.747,0.04,50,5.17,0.06
30.945,2025-09-01,Aftab Printing/BOARD-300,Aftab Printing,BOARD-300,Folding board 300 gsm,Packaging paper,tonnes,891858,40.74,194.18,0.04,65,25.65,0.6
33.171,2025-10-01,Aftab Printing/BOARD-300,Aftab Printing,BOARD-300,Folding board 300 gsm,Packaging paper,tonnes,906709,41.64,197.676,0.04,50,6.39,0.06
36.919,2025-11-01,Aftab Printing/BOARD-300,Aftab Printing,BOARD-300,Folding board 300 gsm,Packaging paper,tonnes,921194,42.35,201.234,0.35,50,7.31,0.06
31.172,2025-12-01,Aftab Printing/BOARD-300,Aftab Printing,BOARD-300,Folding board 300 gsm,Packaging paper,tonnes,935624,42.85,204.856,0.04,50,8.3,0.06
29.292,2026-01-01,Aftab Printing/BOARD-300,Aftab Printing,BOARD-300,Folding board 300 gsm,Packaging paper,tonnes,950355,43.11,208.544,0.04,50,9.26,0.06
28.944,2026-02-01,Aftab Printing/BOARD-300,Aftab Printing,BOARD-300,Folding board 300 gsm,Packaging paper,tonnes,965767,43.14,212.297,0.04,50,10.08,0.06
18.908,2026-03-01,Aftab Printing/BOARD-300,Aftab Printing,BOARD-300,Folding board 300 gsm,Packaging paper,tonnes,982244,42.92,216.119,0.04,50,10.67,0.06
27.259,2026-04-01,Aftab Printing/BOARD-300,Aftab Printing,BOARD-300,Folding board 300 gsm,Packaging paper,tonnes,1000147,42.49,220.009,0.04,50,10.97,0.06
25.135,2026-05-01,Aftab Printing/BOARD-300,Aftab Printing,BOARD-300,Folding board 300 gsm,Packaging paper,tonnes,1019790,41.85,223.969,0.04,65,30.94,0.6
30.157,2026-06-01,Aftab Printing/BOARD-300,Aftab Printing,BOARD-300,Folding board 300 gsm,Packaging paper,tonnes,1041425,41.03,228.0,0.04,50,10.59,0.06
34.781,2026-07-01,Aftab Printing/BOARD-300,Aftab Printing,BOARD-300,Folding board 300 gsm,Packaging paper,tonnes,1065215,40.07,232.104,0.35,50,9.95,0.06
32.639,2026-08-01,Aftab Printing/BOARD-300,Aftab Printing,BOARD-300,Folding board 300 gsm,Packaging paper,tonnes,1091225,39.02,236.282,0.04,50,9.1,0.06
35.808,2026-09-01,Aftab Printing/BOARD-300,Aftab Printing,BOARD-300,Folding board 300 gsm,Packaging paper,tonnes,1119416,37.91,240.535,0.04,50,8.12,0.06
22.071,2022-10-01,Aftab Printing/FOOD-110,Aftab Printing,FOOD-110,Food packaging paper 110 gsm,Packaging paper,tonnes,410000,34.0,108.0,0.04,50,8.0,0.06
25.56,2022-11-01,Aftab Printing/FOOD-110,Aftab Printing,FOOD-110,Food packaging paper 110 gsm,Packaging paper,tonnes,421612,35.27,109.944,0.04,50,8.98,0.06
17.235,2022-12-01,Aftab Printing/FOOD-110,Aftab Printing,FOOD-110,Food packaging paper 110 gsm,Packaging paper,tonnes,433371,36.5,111.923,0.04,50,9.86,0.06
19.828,2023-01-01,Aftab Printing/FOOD-110,Aftab Printing,FOOD-110,Food packaging paper 110 gsm,Packaging paper,tonnes,445118,37.63,113.938,0.04,50,10.52,0.06
18.306,2023-02-01,Aftab Printing/FOOD-110,Aftab Printing,FOOD-110,Food packaging paper 110 gsm,Packaging paper,tonnes,456698,38.62,115.988,0.35,50,10.92,0.06
9.687,2023-03-01,Aftab Printing/FOOD-110,Aftab Printing,FOOD-110,Food packaging paper 110 gsm,Packaging paper,tonnes,467974,39.45,118.076,0.04,50,10.99,0.06
17.343,2023-04-01,Aftab Printing/FOOD-110,Aftab Printing,FOOD-110,Food packaging paper 110 gsm,Packaging paper,tonnes,478836,40.07,120.202,0.04,50,10.73,0.06
17.618,2023-05-01,Aftab Printing/FOOD-110,Aftab Printing,FOOD-110,Food packaging paper 110 gsm,Packaging paper,tonnes,489209,40.47,122.365,0.04,50,10.17,0.06
21.326,2023-06-01,Aftab Printing/FOOD-110,Aftab Printing,FOOD-110,Food packaging paper 110 gsm,Packaging paper,tonnes,499060,40.64,124.568,0.04,50,9.37,0.06
21.792,2023-07-01,Aftab Printing/FOOD-110,Aftab Printing,FOOD-110,Food packaging paper 110 gsm,Packaging paper,tonnes,508404,40.56,126.81,0.04,50,8.42,0.06
20.537,2023-08-01,Aftab Printing/FOOD-110,Aftab Printing,FOOD-110,Food packaging paper 110 gsm,Packaging paper,tonnes,517300,40.26,129.093,0.04,50,7.43,0.06
23.436,2023-09-01,Aftab Printing/FOOD-110,Aftab Printing,FOOD-110,Food packaging paper 110 gsm,Packaging paper,tonnes,525857,39.73,131.416,0.04,50,6.5,0.06
26.987,2023-10-01,Aftab Printing/FOOD-110,Aftab Printing,FOOD-110,Food packaging paper 110 gsm,Packaging paper,tonnes,534225,39.01,133.782,0.35,50,5.73,0.06
26.884,2023-11-01,Aftab Printing/FOOD-110,Aftab Printing,FOOD-110,Food packaging paper 110 gsm,Packaging paper,tonnes,542587,38.13,136.19,0.04,50,5.21,0.06
19.865,2023-12-01,Aftab Printing/FOOD-110,Aftab Printing,FOOD-110,Food packaging paper 110 gsm,Packaging paper,tonnes,551152,37.13,138.641,0.04,50,5.0,0.06
19.548,2024-01-01,Aftab Printing/FOOD-110,Aftab Printing,FOOD-110,Food packaging paper 110 gsm,Packaging paper,tonnes,560140,36.05,141.137,0.04,50,5.12,0.06
20.812,2024-02-01,Aftab Printing/FOOD-110,Aftab Printing,FOOD-110,Food packaging paper 110 gsm,Packaging paper,tonnes,569774,34.93,143.677,0.04,50,5.56,0.06
13.847,2024-03-01,Aftab Printing/FOOD-110,Aftab Printing,FOOD-110,Food packaging paper 110 gsm,Packaging paper,tonnes,580258,33.83,146.264,0.04,50,6.27,0.06
19.747,2024-04-01,Aftab Printing/FOOD-110,Aftab Printing,FOOD-110,Food packaging paper 110 gsm,Packaging paper,tonnes,591772,32.78,148.896,0.04,50,7.16,0.06
19.13,2024-05-01,Aftab Printing/FOOD-110,Aftab Printing,FOOD-110,Food packaging paper 110 gsm,Packaging paper,tonnes,604454,31.85,151.576,0.04,50,8.15,0.06
20.952,2024-06-01,Aftab Printing/FOOD-110,Aftab Printing,FOOD-110,Food packaging paper 110 gsm,Packaging paper,tonnes,618392,31.06,154.305,0.35,50,9.12,0.06
23.501,2024-07-01,Aftab Printing/FOOD-110,Aftab Printing,FOOD-110,Food packaging paper 110 gsm,Packaging paper,tonnes,633615,30.45,157.082,0.04,50,29.97,0.06
20.853,2024-08-01,Aftab Printing/FOOD-110,Aftab Printing,FOOD-110,Food packaging paper 110 gsm,Packaging paper,tonnes,650092,30.05,159.91,0.04,50,10.6,0.06
23.931,2024-09-01,Aftab Printing/FOOD-110,Aftab Printing,FOOD-110,Food packaging paper 110 gsm,Packaging paper,tonnes,667729,29.88,162.788,0.04,50,10.95,0.06
24.33,2024-10-01,Aftab Printing/FOOD-110,Aftab Printing,FOOD-110,Food packaging paper 110 gsm,Packaging paper,tonnes,686374,29.94,165.718,0.04,50,10.97,0.06
23.852,2024-11-01,Aftab Printing/FOOD-110,Aftab Printing,FOOD-110,Food packaging paper 110 gsm,Packaging paper,tonnes,705823,30.25,168.701,0.04,50,10.66,0.06
22.324,2024-12-01,Aftab Printing/FOOD-110,Aftab Printing,FOOD-110,Food packaging paper 110 gsm,Packaging paper,tonnes,725833,30.78,171.738,0.04,50,10.06,0.06
20.182,2025-01-01,Aftab Printing/FOOD-110,Aftab Printing,FOOD-110,Food packaging paper 110 gsm,Packaging paper,tonnes,746134,31.52,174.829,0.04,50,9.24,0.06
22.755,2025-02-01,Aftab Printing/FOOD-110,Aftab Printing,FOOD-110,Food packaging paper 110 gsm,Packaging paper,tonnes,766451,32.45,177.976,0.35,50,8.27,0.06
11.922,2025-03-01,Aftab Printing/FOOD-110,Aftab Printing,FOOD-110,Food packaging paper 110 gsm,Packaging paper,tonnes,786512,33.53,181.18,0.04,50,7.28,0.06
20.176,2025-04-01,Aftab Printing/FOOD-110,Aftab Printing,FOOD-110,Food packaging paper 110 gsm,Packaging paper,tonnes,806079,34.72,184.441,0.04,50,6.37,0.06
21.805,2025-05-01,Aftab Printing/FOOD-110,Aftab Printing,FOOD-110,Food packaging paper 110 gsm,Packaging paper,tonnes,824951,35.98,187.761,0.04,50,5.63,0.06
20.443,2025-06-01,Aftab Printing/FOOD-110,Aftab Printing,FOOD-110,Food packaging paper 110 gsm,Packaging paper,tonnes,842992,37.26,191.14,0.04,50,5.16,0.06
21.247,2025-07-01,Aftab Printing/FOOD-110,Aftab Printing,FOOD-110,Food packaging paper 110 gsm,Packaging paper,tonnes,860135,38.51,194.581,0.04,50,5.0,0.06
22.086,2025-08-01,Aftab Printing/FOOD-110,Aftab Printing,FOOD-110,Food packaging paper 110 gsm,Packaging paper,tonnes,876392,39.68,198.083,0.04,50,5.17,0.06
23.188,2025-09-01,Aftab Printing/FOOD-110,Aftab Printing,FOOD-110,Food packaging paper 110 gsm,Packaging paper,tonnes,891858,40.74,201.649,0.04,65,25.65,0.6
29.382,2025-10-01,Aftab Printing/FOOD-110,Aftab Printing,FOOD-110,Food packaging paper 110 gsm,Packaging paper,tonnes,906709,41.64,205.279,0.35,50,6.39,0.06
26.344,2025-11-01,Aftab Printing/FOOD-110,Aftab Printing,FOOD-110,Food packaging paper 110 gsm,Packaging paper,tonnes,921194,42.35,208.974,0.04,50,7.31,0.06
20.639,2025-12-01,Aftab Printing/FOOD-110,Aftab Printing,FOOD-110,Food packaging paper 110 gsm,Packaging paper,tonnes,935624,42.85,212.735,0.04,50,8.3,0.06
19.857,2026-01-01,Aftab Printing/FOOD-110,Aftab Printing,FOOD-110,Food packaging paper 110 gsm,Packaging paper,tonnes,950355,43.11,216.564,0.04,50,9.26,0.06
20.205,2026-02-01,Aftab Printing/FOOD-110,Aftab Printing,FOOD-110,Food packaging paper 110 gsm,Packaging paper,tonnes,965767,43.14,220.463,0.04,50,10.08,0.06
13.802,2026-03-01,Aftab Printing/FOOD-110,Aftab Printing,FOOD-110,Food packaging paper 110 gsm,Packaging paper,tonnes,982244,42.92,224.431,0.04,50,10.67,0.06
21.618,2026-04-01,Aftab Printing/FOOD-110,Aftab Printing,FOOD-110,Food packaging paper 110 gsm,Packaging paper,tonnes,1000147,42.49,228.471,0.04,50,10.97,0.06
19.626,2026-05-01,Aftab Printing/FOOD-110,Aftab Printing,FOOD-110,Food packaging paper 110 gsm,Packaging paper,tonnes,1019790,41.85,232.583,0.04,65,30.94,0.6
23.208,2026-06-01,Aftab Printing/FOOD-110,Aftab Printing,FOOD-110,Food packaging paper 110 gsm,Packaging paper,tonnes,1041425,41.03,236.77,0.35,50,10.59,0.06
24.62,2026-07-01,Aftab Printing/FOOD-110,Aftab Printing,FOOD-110,Food packaging paper 110 gsm,Packaging paper,tonnes,1065215,40.07,241.031,0.04,50,9.95,0.06
26.195,2026-08-01,Aftab Printing/FOOD-110,Aftab Printing,FOOD-110,Food packaging paper 110 gsm,Packaging paper,tonnes,1091225,39.02,245.37,0.04,50,9.1,0.06
28.669,2026-09-01,Aftab Printing/FOOD-110,Aftab Printing,FOOD-110,Food packaging paper 110 gsm,Packaging paper,tonnes,1119416,37.91,249.787,0.04,50,8.12,0.06
9.805,2022-10-01,Aftab Printing/SPECIAL-090,Aftab Printing,SPECIAL-090,Specialty label paper 90 gsm,Packaging paper,tonnes,410000,34.0,112.0,0.04,50,8.0,0.06
0.0,2022-11-01,Aftab Printing/SPECIAL-090,Aftab Printing,SPECIAL-090,Specialty label paper 90 gsm,Packaging paper,tonnes,421612,35.27,114.016,0.04,50,8.98,0.06
0.0,2022-12-01,Aftab Printing/SPECIAL-090,Aftab Printing,SPECIAL-090,Specialty label paper 90 gsm,Packaging paper,tonnes,433371,36.5,116.068,0.04,50,9.86,0.06
0.0,2023-01-01,Aftab Printing/SPECIAL-090,Aftab Printing,SPECIAL-090,Specialty label paper 90 gsm,Packaging paper,tonnes,445118,37.63,118.158,0.35,50,10.52,0.06
5.963,2023-02-01,Aftab Printing/SPECIAL-090,Aftab Printing,SPECIAL-090,Specialty label paper 90 gsm,Packaging paper,tonnes,456698,38.62,120.284,0.04,50,10.92,0.06
0.0,2023-03-01,Aftab Printing/SPECIAL-090,Aftab Printing,SPECIAL-090,Specialty label paper 90 gsm,Packaging paper,tonnes,467974,39.45,122.449,0.04,50,10.99,0.06
0.0,2023-04-01,Aftab Printing/SPECIAL-090,Aftab Printing,SPECIAL-090,Specialty label paper 90 gsm,Packaging paper,tonnes,478836,40.07,124.654,0.04,50,10.73,0.06
0.0,2023-05-01,Aftab Printing/SPECIAL-090,Aftab Printing,SPECIAL-090,Specialty label paper 90 gsm,Packaging paper,tonnes,489209,40.47,126.897,0.04,50,10.17,0.06
9.363,2023-06-01,Aftab Printing/SPECIAL-090,Aftab Printing,SPECIAL-090,Specialty label paper 90 gsm,Packaging paper,tonnes,499060,40.64,129.181,0.04,50,9.37,0.06
0.0,2023-07-01,Aftab Printing/SPECIAL-090,Aftab Printing,SPECIAL-090,Specialty label paper 90 gsm,Packaging paper,tonnes,508404,40.56,131.507,0.04,50,8.42,0.06
0.0,2023-08-01,Aftab Printing/SPECIAL-090,Aftab Printing,SPECIAL-090,Specialty label paper 90 gsm,Packaging paper,tonnes,517300,40.26,133.874,0.04,50,7.43,0.06
0.0,2023-09-01,Aftab Printing/SPECIAL-090,Aftab Printing,SPECIAL-090,Specialty label paper 90 gsm,Packaging paper,tonnes,525857,39.73,136.284,0.35,50,6.5,0.06
11.199,2023-10-01,Aftab Printing/SPECIAL-090,Aftab Printing,SPECIAL-090,Specialty label paper 90 gsm,Packaging paper,tonnes,534225,39.01,138.737,0.04,50,5.73,0.06
0.0,2023-11-01,Aftab Printing/SPECIAL-090,Aftab Printing,SPECIAL-090,Specialty label paper 90 gsm,Packaging paper,tonnes,542587,38.13,141.234,0.04,50,5.21,0.06
0.0,2023-12-01,Aftab Printing/SPECIAL-090,Aftab Printing,SPECIAL-090,Specialty label paper 90 gsm,Packaging paper,tonnes,551152,37.13,143.776,0.04,50,5.0,0.06
0.0,2024-01-01,Aftab Printing/SPECIAL-090,Aftab Printing,SPECIAL-090,Specialty label paper 90 gsm,Packaging paper,tonnes,560140,36.05,146.364,0.04,50,5.12,0.06
7.688,2024-02-01,Aftab Printing/SPECIAL-090,Aftab Printing,SPECIAL-090,Specialty label paper 90 gsm,Packaging paper,tonnes,569774,34.93,148.999,0.04,50,5.56,0.06
0.0,2024-03-01,Aftab Printing/SPECIAL-090,Aftab Printing,SPECIAL-090,Specialty label paper 90 gsm,Packaging paper,tonnes,580258,33.83,151.681,0.04,50,6.27,0.06
0.0,2024-04-01,Aftab Printing/SPECIAL-090,Aftab Printing,SPECIAL-090,Specialty label paper 90 gsm,Packaging paper,tonnes,591772,32.78,154.411,0.04,50,7.16,0.06
0.0,2024-05-01,Aftab Printing/SPECIAL-090,Aftab Printing,SPECIAL-090,Specialty label paper 90 gsm,Packaging paper,tonnes,604454,31.85,157.19,0.35,50,8.15,0.06
8.93,2024-06-01,Aftab Printing/SPECIAL-090,Aftab Printing,SPECIAL-090,Specialty label paper 90 gsm,Packaging paper,tonnes,618392,31.06,160.02,0.04,50,9.12,0.06
0.0,2024-07-01,Aftab Printing/SPECIAL-090,Aftab Printing,SPECIAL-090,Specialty label paper 90 gsm,Packaging paper,tonnes,633615,30.45,162.9,0.04,50,29.97,0.06
0.0,2024-08-01,Aftab Printing/SPECIAL-090,Aftab Printing,SPECIAL-090,Specialty label paper 90 gsm,Packaging paper,tonnes,650092,30.05,165.832,0.04,50,10.6,0.06
0.0,2024-09-01,Aftab Printing/SPECIAL-090,Aftab Printing,SPECIAL-090,Specialty label paper 90 gsm,Packaging paper,tonnes,667729,29.88,168.817,0.04,50,10.95,0.06
11.087,2024-10-01,Aftab Printing/SPECIAL-090,Aftab Printing,SPECIAL-090,Specialty label paper 90 gsm,Packaging paper,tonnes,686374,29.94,171.856,0.04,50,10.97,0.06
0.0,2024-11-01,Aftab Printing/SPECIAL-090,Aftab Printing,SPECIAL-090,Specialty label paper 90 gsm,Packaging paper,tonnes,705823,30.25,174.949,0.04,50,10.66,0.06
0.0,2024-12-01,Aftab Printing/SPECIAL-090,Aftab Printing,SPECIAL-090,Specialty label paper 90 gsm,Packaging paper,tonnes,725833,30.78,178.098,0.04,50,10.06,0.06
0.0,2025-01-01,Aftab Printing/SPECIAL-090,Aftab Printing,SPECIAL-090,Specialty label paper 90 gsm,Packaging paper,tonnes,746134,31.52,181.304,0.35,50,9.24,0.06
8.067,2025-02-01,Aftab Printing/SPECIAL-090,Aftab Printing,SPECIAL-090,Specialty label paper 90 gsm,Packaging paper,tonnes,766451,32.45,184.568,0.04,50,8.27,0.06
0.0,2025-03-01,Aftab Printing/SPECIAL-090,Aftab Printing,SPECIAL-090,Specialty label paper 90 gsm,Packaging paper,tonnes,786512,33.53,187.89,0.04,50,7.28,0.06
0.0,2025-04-01,Aftab Printing/SPECIAL-090,Aftab Printing,SPECIAL-090,Specialty label paper 90 gsm,Packaging paper,tonnes,806079,34.72,191.272,0.04,50,6.37,0.06
0.0,2025-05-01,Aftab Printing/SPECIAL-090,Aftab Printing,SPECIAL-090,Specialty label paper 90 gsm,Packaging paper,tonnes,824951,35.98,194.715,0.04,50,5.63,0.06
6.628,2025-06-01,Aftab Printing/SPECIAL-090,Aftab Printing,SPECIAL-090,Specialty label paper 90 gsm,Packaging paper,tonnes,842992,37.26,198.22,0.04,50,5.16,0.06
0.0,2025-07-01,Aftab Printing/SPECIAL-090,Aftab Printing,SPECIAL-090,Specialty label paper 90 gsm,Packaging paper,tonnes,860135,38.51,201.788,0.04,50,5.0,0.06
0.0,2025-08-01,Aftab Printing/SPECIAL-090,Aftab Printing,SPECIAL-090,Specialty label paper 90 gsm,Packaging paper,tonnes,876392,39.68,205.42,0.04,50,5.17,0.06
0.0,2025-09-01,Aftab Printing/SPECIAL-090,Aftab Printing,SPECIAL-090,Specialty label paper 90 gsm,Packaging paper,tonnes,891858,40.74,209.117,0.35,65,25.65,0.6
11.674,2025-10-01,Aftab Printing/SPECIAL-090,Aftab Printing,SPECIAL-090,Specialty label paper 90 gsm,Packaging paper,tonnes,906709,41.64,212.882,0.04,50,6.39,0.06
0.0,2025-11-01,Aftab Printing/SPECIAL-090,Aftab Printing,SPECIAL-090,Specialty label paper 90 gsm,Packaging paper,tonnes,921194,42.35,216.713,0.04,50,7.31,0.06
0.0,2025-12-01,Aftab Printing/SPECIAL-090,Aftab Printing,SPECIAL-090,Specialty label paper 90 gsm,Packaging paper,tonnes,935624,42.85,220.614,0.04,50,8.3,0.06
0.0,2026-01-01,Aftab Printing/SPECIAL-090,Aftab Printing,SPECIAL-090,Specialty label paper 90 gsm,Packaging paper,tonnes,950355,43.11,224.585,0.04,50,9.26,0.06
9.361,2026-02-01,Aftab Printing/SPECIAL-090,Aftab Printing,SPECIAL-090,Specialty label paper 90 gsm,Packaging paper,tonnes,965767,43.14,228.628,0.04,50,10.08,0.06
0.0,2026-03-01,Aftab Printing/SPECIAL-090,Aftab Printing,SPECIAL-090,Specialty label paper 90 gsm,Packaging paper,tonnes,982244,42.92,232.743,0.04,50,10.67,0.06
0.0,2026-04-01,Aftab Printing/SPECIAL-090,Aftab Printing,SPECIAL-090,Specialty label paper 90 gsm,Packaging paper,tonnes,1000147,42.49,236.933,0.04,50,10.97,0.06
0.0,2026-05-01,Aftab Printing/SPECIAL-090,Aftab Printing,SPECIAL-090,Specialty label paper 90 gsm,Packaging paper,tonnes,1019790,41.85,241.197,0.35,65,30.94,0.6
9.124,2026-06-01,Aftab Printing/SPECIAL-090,Aftab Printing,SPECIAL-090,Specialty label paper 90 gsm,Packaging paper,tonnes,1041425,41.03,245.539,0.04,50,10.59,0.06
0.0,2026-07-01,Aftab Printing/SPECIAL-090,Aftab Printing,SPECIAL-090,Specialty label paper 90 gsm,Packaging paper,tonnes,1065215,40.07,249.959,0.04,50,9.95,0.06
0.0,2026-08-01,Aftab Printing/SPECIAL-090,Aftab Printing,SPECIAL-090,Specialty label paper 90 gsm,Packaging paper,tonnes,1091225,39.02,254.458,0.04,50,9.1,0.06
0.0,2026-09-01,Aftab Printing/SPECIAL-090,Aftab Printing,SPECIAL-090,Specialty label paper 90 gsm,Packaging paper,tonnes,1119416,37.91,259.038,0.04,50,8.12,0.06
55.939,2022-10-01,Caspian Export/KRAFT-120,Caspian Export,KRAFT-120,Kraft liner 120 gsm,Packaging paper,tonnes,410000,34.0,100.0,0.04,60,8.0,0.06
49.644,2022-11-01,Caspian Export/KRAFT-120,Caspian Export,KRAFT-120,Kraft liner 120 gsm,Packaging paper,tonnes,421612,35.27,101.8,0.04,60,8.98,0.06
43.525,2022-12-01,Caspian Export/KRAFT-120,Caspian Export,KRAFT-120,Kraft liner 120 gsm,Packaging paper,tonnes,433371,36.5,103.632,0.04,60,9.86,0.06
51.611,2023-01-01,Caspian Export/KRAFT-120,Caspian Export,KRAFT-120,Kraft liner 120 gsm,Packaging paper,tonnes,445118,37.63,105.498,0.04,60,10.52,0.06
49.435,2023-02-01,Caspian Export/KRAFT-120,Caspian Export,KRAFT-120,Kraft liner 120 gsm,Packaging paper,tonnes,456698,38.62,107.397,0.04,60,10.92,0.06
28.87,2023-03-01,Caspian Export/KRAFT-120,Caspian Export,KRAFT-120,Kraft liner 120 gsm,Packaging paper,tonnes,467974,39.45,109.33,0.35,60,10.99,0.06
48.093,2023-04-01,Caspian Export/KRAFT-120,Caspian Export,KRAFT-120,Kraft liner 120 gsm,Packaging paper,tonnes,478836,40.07,111.298,0.04,60,10.73,0.06
52.935,2023-05-01,Caspian Export/KRAFT-120,Caspian Export,KRAFT-120,Kraft liner 120 gsm,Packaging paper,tonnes,489209,40.47,113.301,0.04,60,10.17,0.06
56.789,2023-06-01,Caspian Export/KRAFT-120,Caspian Export,KRAFT-120,Kraft liner 120 gsm,Packaging paper,tonnes,499060,40.64,115.341,0.04,60,9.37,0.06
57.924,2023-07-01,Caspian Export/KRAFT-120,Caspian Export,KRAFT-120,Kraft liner 120 gsm,Packaging paper,tonnes,508404,40.56,117.417,0.04,60,8.42,0.06
52.368,2023-08-01,Caspian Export/KRAFT-120,Caspian Export,KRAFT-120,Kraft liner 120 gsm,Packaging paper,tonnes,517300,40.26,119.53,0.04,60,7.43,0.06
58.91,2023-09-01,Caspian Export/KRAFT-120,Caspian Export,KRAFT-120,Kraft liner 120 gsm,Packaging paper,tonnes,525857,39.73,121.682,0.04,60,6.5,0.06
63.364,2023-10-01,Caspian Export/KRAFT-120,Caspian Export,KRAFT-120,Kraft liner 120 gsm,Packaging paper,tonnes,534225,39.01,123.872,0.04,60,5.73,0.06
56.599,2023-11-01,Caspian Export/KRAFT-120,Caspian Export,KRAFT-120,Kraft liner 120 gsm,Packaging paper,tonnes,542587,38.13,126.102,0.35,60,5.21,0.06
49.442,2023-12-01,Caspian Export/KRAFT-120,Caspian Export,KRAFT-120,Kraft liner 120 gsm,Packaging paper,tonnes,551152,37.13,128.372,0.04,60,5.0,0.06
50.405,2024-01-01,Caspian Export/KRAFT-120,Caspian Export,KRAFT-120,Kraft liner 120 gsm,Packaging paper,tonnes,560140,36.05,130.682,0.04,60,5.12,0.06
49.537,2024-02-01,Caspian Export/KRAFT-120,Caspian Export,KRAFT-120,Kraft liner 120 gsm,Packaging paper,tonnes,569774,34.93,133.035,0.04,60,5.56,0.06
35.69,2024-03-01,Caspian Export/KRAFT-120,Caspian Export,KRAFT-120,Kraft liner 120 gsm,Packaging paper,tonnes,580258,33.83,135.429,0.04,60,6.27,0.06
51.432,2024-04-01,Caspian Export/KRAFT-120,Caspian Export,KRAFT-120,Kraft liner 120 gsm,Packaging paper,tonnes,591772,32.78,137.867,0.04,60,7.16,0.06
56.156,2024-05-01,Caspian Export/KRAFT-120,Caspian Export,KRAFT-120,Kraft liner 120 gsm,Packaging paper,tonnes,604454,31.85,140.349,0.04,60,8.15,0.06
56.802,2024-06-01,Caspian Export/KRAFT-120,Caspian Export,KRAFT-120,Kraft liner 120 gsm,Packaging paper,tonnes,618392,31.06,142.875,0.04,60,9.12,0.06
60.223,2024-07-01,Caspian Export/KRAFT-120,Caspian Export,KRAFT-120,Kraft liner 120 gsm,Packaging paper,tonnes,633615,30.45,145.447,0.35,60,29.97,0.06
59.527,2024-08-01,Caspian Export/KRAFT-120,Caspian Export,KRAFT-120,Kraft liner 120 gsm,Packaging paper,tonnes,650092,30.05,148.065,0.04,60,10.6,0.06
61.193,2024-09-01,Caspian Export/KRAFT-120,Caspian Export,KRAFT-120,Kraft liner 120 gsm,Packaging paper,tonnes,667729,29.88,150.73,0.04,60,10.95,0.06
63.263,2024-10-01,Caspian Export/KRAFT-120,Caspian Export,KRAFT-120,Kraft liner 120 gsm,Packaging paper,tonnes,686374,29.94,153.443,0.04,60,10.97,0.06
58.088,2024-11-01,Caspian Export/KRAFT-120,Caspian Export,KRAFT-120,Kraft liner 120 gsm,Packaging paper,tonnes,705823,30.25,156.205,0.04,60,10.66,0.06
53.163,2024-12-01,Caspian Export/KRAFT-120,Caspian Export,KRAFT-120,Kraft liner 120 gsm,Packaging paper,tonnes,725833,30.78,159.017,0.04,60,10.06,0.06
42.447,2025-01-01,Caspian Export/KRAFT-120,Caspian Export,KRAFT-120,Kraft liner 120 gsm,Packaging paper,tonnes,746134,31.52,161.879,0.04,60,9.24,0.06
48.638,2025-02-01,Caspian Export/KRAFT-120,Caspian Export,KRAFT-120,Kraft liner 120 gsm,Packaging paper,tonnes,766451,32.45,164.793,0.04,60,8.27,0.06
44.428,2025-03-01,Caspian Export/KRAFT-120,Caspian Export,KRAFT-120,Kraft liner 120 gsm,Packaging paper,tonnes,786512,33.53,167.759,0.35,60,7.28,0.06
52.91,2025-04-01,Caspian Export/KRAFT-120,Caspian Export,KRAFT-120,Kraft liner 120 gsm,Packaging paper,tonnes,806079,34.72,170.779,0.04,60,6.37,0.06
65.583,2025-05-01,Caspian Export/KRAFT-120,Caspian Export,KRAFT-120,Kraft liner 120 gsm,Packaging paper,tonnes,824951,35.98,173.853,0.04,60,5.63,0.06
61.161,2025-06-01,Caspian Export/KRAFT-120,Caspian Export,KRAFT-120,Kraft liner 120 gsm,Packaging paper,tonnes,842992,37.26,176.982,0.04,60,5.16,0.06
68.927,2025-07-01,Caspian Export/KRAFT-120,Caspian Export,KRAFT-120,Kraft liner 120 gsm,Packaging paper,tonnes,860135,38.51,180.168,0.04,60,5.0,0.06
62.703,2025-08-01,Caspian Export/KRAFT-120,Caspian Export,KRAFT-120,Kraft liner 120 gsm,Packaging paper,tonnes,876392,39.68,183.411,0.04,60,5.17,0.06
55.547,2025-09-01,Caspian Export/KRAFT-120,Caspian Export,KRAFT-120,Kraft liner 120 gsm,Packaging paper,tonnes,891858,40.74,186.712,0.04,75,25.65,0.6
69.242,2025-10-01,Caspian Export/KRAFT-120,Caspian Export,KRAFT-120,Kraft liner 120 gsm,Packaging paper,tonnes,906709,41.64,190.073,0.04,60,6.39,0.06
74.326,2025-11-01,Caspian Export/KRAFT-120,Caspian Export,KRAFT-120,Kraft liner 120 gsm,Packaging paper,tonnes,921194,42.35,193.494,0.35,60,7.31,0.06
53.324,2025-12-01,Caspian Export/KRAFT-120,Caspian Export,KRAFT-120,Kraft liner 120 gsm,Packaging paper,tonnes,935624,42.85,196.977,0.04,60,8.3,0.06
45.704,2026-01-01,Caspian Export/KRAFT-120,Caspian Export,KRAFT-120,Kraft liner 120 gsm,Packaging paper,tonnes,950355,43.11,200.523,0.04,60,9.26,0.06
47.883,2026-02-01,Caspian Export/KRAFT-120,Caspian Export,KRAFT-120,Kraft liner 120 gsm,Packaging paper,tonnes,965767,43.14,204.132,0.04,60,10.08,0.06
33.623,2026-03-01,Caspian Export/KRAFT-120,Caspian Export,KRAFT-120,Kraft liner 120 gsm,Packaging paper,tonnes,982244,42.92,207.806,0.04,60,10.67,0.06
58.792,2026-04-01,Caspian Export/KRAFT-120,Caspian Export,KRAFT-120,Kraft liner 120 gsm,Packaging paper,tonnes,1000147,42.49,211.547,0.04,60,10.97,0.06
52.937,2026-05-01,Caspian Export/KRAFT-120,Caspian Export,KRAFT-120,Kraft liner 120 gsm,Packaging paper,tonnes,1019790,41.85,215.355,0.04,75,30.94,0.6
72.944,2026-06-01,Caspian Export/KRAFT-120,Caspian Export,KRAFT-120,Kraft liner 120 gsm,Packaging paper,tonnes,1041425,41.03,219.231,0.04,60,10.59,0.06
69.723,2026-07-01,Caspian Export/KRAFT-120,Caspian Export,KRAFT-120,Kraft liner 120 gsm,Packaging paper,tonnes,1065215,40.07,223.177,0.35,60,9.95,0.06
65.612,2026-08-01,Caspian Export/KRAFT-120,Caspian Export,KRAFT-120,Kraft liner 120 gsm,Packaging paper,tonnes,1091225,39.02,227.194,0.04,60,9.1,0.06
75.532,2026-09-01,Caspian Export/KRAFT-120,Caspian Export,KRAFT-120,Kraft liner 120 gsm,Packaging paper,tonnes,1119416,37.91,231.284,0.04,60,8.12,0.06
38.65,2022-10-01,Caspian Export/BOARD-300,Caspian Export,BOARD-300,Folding board 300 gsm,Packaging paper,tonnes,410000,34.0,104.0,0.04,60,8.0,0.06
39.394,2022-11-01,Caspian Export/BOARD-300,Caspian Export,BOARD-300,Folding board 300 gsm,Packaging paper,tonnes,421612,35.27,105.872,0.04,60,8.98,0.06
34.509,2022-12-01,Caspian Export/BOARD-300,Caspian Export,BOARD-300,Folding board 300 gsm,Packaging paper,tonnes,433371,36.5,107.778,0.04,60,9.86,0.06
35.637,2023-01-01,Caspian Export/BOARD-300,Caspian Export,BOARD-300,Folding board 300 gsm,Packaging paper,tonnes,445118,37.63,109.718,0.04,60,10.52,0.06
34.064,2023-02-01,Caspian Export/BOARD-300,Caspian Export,BOARD-300,Folding board 300 gsm,Packaging paper,tonnes,456698,38.62,111.693,0.35,60,10.92,0.06
25.149,2023-03-01,Caspian Export/BOARD-300,Caspian Export,BOARD-300,Folding board 300 gsm,Packaging paper,tonnes,467974,39.45,113.703,0.04,60,10.99,0.06
34.005,2023-04-01,Caspian Export/BOARD-300,Caspian Export,BOARD-300,Folding board 300 gsm,Packaging paper,tonnes,478836,40.07,115.75,0.04,60,10.73,0.06
35.513,2023-05-01,Caspian Export/BOARD-300,Caspian Export,BOARD-300,Folding board 300 gsm,Packaging paper,tonnes,489209,40.47,117.833,0.04,60,10.17,0.06
36.808,2023-06-01,Caspian Export/BOARD-300,Caspian Export,BOARD-300,Folding board 300 gsm,Packaging paper,tonnes,499060,40.64,119.954,0.04,60,9.37,0.06
38.046,2023-07-01,Caspian Export/BOARD-300,Caspian Export,BOARD-300,Folding board 300 gsm,Packaging paper,tonnes,508404,40.56,122.113,0.04,60,8.42,0.06
38.744,2023-08-01,Caspian Export/BOARD-300,Caspian Export,BOARD-300,Folding board 300 gsm,Packaging paper,tonnes,517300,40.26,124.311,0.04,60,7.43,0.06
47.635,2023-09-01,Caspian Export/BOARD-300,Caspian Export,BOARD-300,Folding board 300 gsm,Packaging paper,tonnes,525857,39.73,126.549,0.04,60,6.5,0.06
44.811,2023-10-01,Caspian Export/BOARD-300,Caspian Export,BOARD-300,Folding board 300 gsm,Packaging paper,tonnes,534225,39.01,128.827,0.35,60,5.73,0.06
37.014,2023-11-01,Caspian Export/BOARD-300,Caspian Export,BOARD-300,Folding board 300 gsm,Packaging paper,tonnes,542587,38.13,131.146,0.04,60,5.21,0.06
32.452,2023-12-01,Caspian Export/BOARD-300,Caspian Export,BOARD-300,Folding board 300 gsm,Packaging paper,tonnes,551152,37.13,133.506,0.04,60,5.0,0.06
35.171,2024-01-01,Caspian Export/BOARD-300,Caspian Export,BOARD-300,Folding board 300 gsm,Packaging paper,tonnes,560140,36.05,135.91,0.04,60,5.12,0.06
35.199,2024-02-01,Caspian Export/BOARD-300,Caspian Export,BOARD-300,Folding board 300 gsm,Packaging paper,tonnes,569774,34.93,138.356,0.04,60,5.56,0.06
22.294,2024-03-01,Caspian Export/BOARD-300,Caspian Export,BOARD-300,Folding board 300 gsm,Packaging paper,tonnes,580258,33.83,140.846,0.04,60,6.27,0.06
32.503,2024-04-01,Caspian Export/BOARD-300,Caspian Export,BOARD-300,Folding board 300 gsm,Packaging paper,tonnes,591772,32.78,143.382,0.04,60,7.16,0.06
39.628,2024-05-01,Caspian Export/BOARD-300,Caspian Export,BOARD-300,Folding board 300 gsm,Packaging paper,tonnes,604454,31.85,145.962,0.04,60,8.15,0.06
44.939,2024-06-01,Caspian Export/BOARD-300,Caspian Export,BOARD-300,Folding board 300 gsm,Packaging paper,tonnes,618392,31.06,148.59,0.35,60,9.12,0.06
38.973,2024-07-01,Caspian Export/BOARD-300,Caspian Export,BOARD-300,Folding board 300 gsm,Packaging paper,tonnes,633615,30.45,151.264,0.04,60,29.97,0.06
39.456,2024-08-01,Caspian Export/BOARD-300,Caspian Export,BOARD-300,Folding board 300 gsm,Packaging paper,tonnes,650092,30.05,153.987,0.04,60,10.6,0.06
45.275,2024-09-01,Caspian Export/BOARD-300,Caspian Export,BOARD-300,Folding board 300 gsm,Packaging paper,tonnes,667729,29.88,156.759,0.04,60,10.95,0.06
40.22,2024-10-01,Caspian Export/BOARD-300,Caspian Export,BOARD-300,Folding board 300 gsm,Packaging paper,tonnes,686374,29.94,159.581,0.04,60,10.97,0.06
47.39,2024-11-01,Caspian Export/BOARD-300,Caspian Export,BOARD-300,Folding board 300 gsm,Packaging paper,tonnes,705823,30.25,162.453,0.04,60,10.66,0.06
32.336,2024-12-01,Caspian Export/BOARD-300,Caspian Export,BOARD-300,Folding board 300 gsm,Packaging paper,tonnes,725833,30.78,165.377,0.04,60,10.06,0.06
33.005,2025-01-01,Caspian Export/BOARD-300,Caspian Export,BOARD-300,Folding board 300 gsm,Packaging paper,tonnes,746134,31.52,168.354,0.04,60,9.24,0.06
38.4,2025-02-01,Caspian Export/BOARD-300,Caspian Export,BOARD-300,Folding board 300 gsm,Packaging paper,tonnes,766451,32.45,171.384,0.35,60,8.27,0.06
31.579,2025-03-01,Caspian Export/BOARD-300,Caspian Export,BOARD-300,Folding board 300 gsm,Packaging paper,tonnes,786512,33.53,174.469,0.04,60,7.28,0.06
42.31,2025-04-01,Caspian Export/BOARD-300,Caspian Export,BOARD-300,Folding board 300 gsm,Packaging paper,tonnes,806079,34.72,177.61,0.04,60,6.37,0.06
40.209,2025-05-01,Caspian Export/BOARD-300,Caspian Export,BOARD-300,Folding board 300 gsm,Packaging paper,tonnes,824951,35.98,180.807,0.04,60,5.63,0.06
44.976,2025-06-01,Caspian Export/BOARD-300,Caspian Export,BOARD-300,Folding board 300 gsm,Packaging paper,tonnes,842992,37.26,184.061,0.04,60,5.16,0.06
43.425,2025-07-01,Caspian Export/BOARD-300,Caspian Export,BOARD-300,Folding board 300 gsm,Packaging paper,tonnes,860135,38.51,187.374,0.04,60,5.0,0.06
39.617,2025-08-01,Caspian Export/BOARD-300,Caspian Export,BOARD-300,Folding board 300 gsm,Packaging paper,tonnes,876392,39.68,190.747,0.04,60,5.17,0.06
46.074,2025-09-01,Caspian Export/BOARD-300,Caspian Export,BOARD-300,Folding board 300 gsm,Packaging paper,tonnes,891858,40.74,194.18,0.04,75,25.65,0.6
53.35,2025-10-01,Caspian Export/BOARD-300,Caspian Export,BOARD-300,Folding board 300 gsm,Packaging paper,tonnes,906709,41.64,197.676,0.35,60,6.39,0.06
43.499,2025-11-01,Caspian Export/BOARD-300,Caspian Export,BOARD-300,Folding board 300 gsm,Packaging paper,tonnes,921194,42.35,201.234,0.04,60,7.31,0.06
39.093,2025-12-01,Caspian Export/BOARD-300,Caspian Export,BOARD-300,Folding board 300 gsm,Packaging paper,tonnes,935624,42.85,204.856,0.04,60,8.3,0.06
34.252,2026-01-01,Caspian Export/BOARD-300,Caspian Export,BOARD-300,Folding board 300 gsm,Packaging paper,tonnes,950355,43.11,208.544,0.04,60,9.26,0.06
40.087,2026-02-01,Caspian Export/BOARD-300,Caspian Export,BOARD-300,Folding board 300 gsm,Packaging paper,tonnes,965767,43.14,212.297,0.04,60,10.08,0.06
24.404,2026-03-01,Caspian Export/BOARD-300,Caspian Export,BOARD-300,Folding board 300 gsm,Packaging paper,tonnes,982244,42.92,216.119,0.04,60,10.67,0.06
43.835,2026-04-01,Caspian Export/BOARD-300,Caspian Export,BOARD-300,Folding board 300 gsm,Packaging paper,tonnes,1000147,42.49,220.009,0.04,60,10.97,0.06
39.798,2026-05-01,Caspian Export/BOARD-300,Caspian Export,BOARD-300,Folding board 300 gsm,Packaging paper,tonnes,1019790,41.85,223.969,0.04,75,30.94,0.6
50.065,2026-06-01,Caspian Export/BOARD-300,Caspian Export,BOARD-300,Folding board 300 gsm,Packaging paper,tonnes,1041425,41.03,228.0,0.35,60,10.59,0.06
46.366,2026-07-01,Caspian Export/BOARD-300,Caspian Export,BOARD-300,Folding board 300 gsm,Packaging paper,tonnes,1065215,40.07,232.104,0.04,60,9.95,0.06
45.504,2026-08-01,Caspian Export/BOARD-300,Caspian Export,BOARD-300,Folding board 300 gsm,Packaging paper,tonnes,1091225,39.02,236.282,0.04,60,9.1,0.06
52.815,2026-09-01,Caspian Export/BOARD-300,Caspian Export,BOARD-300,Folding board 300 gsm,Packaging paper,tonnes,1119416,37.91,240.535,0.04,60,8.12,0.06
28.215,2022-10-01,Caspian Export/FOOD-110,Caspian Export,FOOD-110,Food packaging paper 110 gsm,Packaging paper,tonnes,410000,34.0,108.0,0.04,60,8.0,0.06
29.736,2022-11-01,Caspian Export/FOOD-110,Caspian Export,FOOD-110,Food packaging paper 110 gsm,Packaging paper,tonnes,421612,35.27,109.944,0.04,60,8.98,0.06
23.479,2022-12-01,Caspian Export/FOOD-110,Caspian Export,FOOD-110,Food packaging paper 110 gsm,Packaging paper,tonnes,433371,36.5,111.923,0.04,60,9.86,0.06
24.973,2023-01-01,Caspian Export/FOOD-110,Caspian Export,FOOD-110,Food packaging paper 110 gsm,Packaging paper,tonnes,445118,37.63,113.938,0.35,60,10.52,0.06
22.166,2023-02-01,Caspian Export/FOOD-110,Caspian Export,FOOD-110,Food packaging paper 110 gsm,Packaging paper,tonnes,456698,38.62,115.988,0.04,60,10.92,0.06
15.395,2023-03-01,Caspian Export/FOOD-110,Caspian Export,FOOD-110,Food packaging paper 110 gsm,Packaging paper,tonnes,467974,39.45,118.076,0.04,60,10.99,0.06
29.935,2023-04-01,Caspian Export/FOOD-110,Caspian Export,FOOD-110,Food packaging paper 110 gsm,Packaging paper,tonnes,478836,40.07,120.202,0.04,60,10.73,0.06
25.32,2023-05-01,Caspian Export/FOOD-110,Caspian Export,FOOD-110,Food packaging paper 110 gsm,Packaging paper,tonnes,489209,40.47,122.365,0.04,60,10.17,0.06
30.409,2023-06-01,Caspian Export/FOOD-110,Caspian Export,FOOD-110,Food packaging paper 110 gsm,Packaging paper,tonnes,499060,40.64,124.568,0.04,60,9.37,0.06
29.565,2023-07-01,Caspian Export/FOOD-110,Caspian Export,FOOD-110,Food packaging paper 110 gsm,Packaging paper,tonnes,508404,40.56,126.81,0.04,60,8.42,0.06
28.925,2023-08-01,Caspian Export/FOOD-110,Caspian Export,FOOD-110,Food packaging paper 110 gsm,Packaging paper,tonnes,517300,40.26,129.093,0.04,60,7.43,0.06
35.58,2023-09-01,Caspian Export/FOOD-110,Caspian Export,FOOD-110,Food packaging paper 110 gsm,Packaging paper,tonnes,525857,39.73,131.416,0.35,60,6.5,0.06
30.501,2023-10-01,Caspian Export/FOOD-110,Caspian Export,FOOD-110,Food packaging paper 110 gsm,Packaging paper,tonnes,534225,39.01,133.782,0.04,60,5.73,0.06
32.106,2023-11-01,Caspian Export/FOOD-110,Caspian Export,FOOD-110,Food packaging paper 110 gsm,Packaging paper,tonnes,542587,38.13,136.19,0.04,60,5.21,0.06
26.592,2023-12-01,Caspian Export/FOOD-110,Caspian Export,FOOD-110,Food packaging paper 110 gsm,Packaging paper,tonnes,551152,37.13,138.641,0.04,60,5.0,0.06
22.236,2024-01-01,Caspian Export/FOOD-110,Caspian Export,FOOD-110,Food packaging paper 110 gsm,Packaging paper,tonnes,560140,36.05,141.137,0.04,60,5.12,0.06
32.328,2024-02-01,Caspian Export/FOOD-110,Caspian Export,FOOD-110,Food packaging paper 110 gsm,Packaging paper,tonnes,569774,34.93,143.677,0.04,60,5.56,0.06
17.728,2024-03-01,Caspian Export/FOOD-110,Caspian Export,FOOD-110,Food packaging paper 110 gsm,Packaging paper,tonnes,580258,33.83,146.264,0.04,60,6.27,0.06
27.994,2024-04-01,Caspian Export/FOOD-110,Caspian Export,FOOD-110,Food packaging paper 110 gsm,Packaging paper,tonnes,591772,32.78,148.896,0.04,60,7.16,0.06
31.103,2024-05-01,Caspian Export/FOOD-110,Caspian Export,FOOD-110,Food packaging paper 110 gsm,Packaging paper,tonnes,604454,31.85,151.576,0.35,60,8.15,0.06
30.468,2024-06-01,Caspian Export/FOOD-110,Caspian Export,FOOD-110,Food packaging paper 110 gsm,Packaging paper,tonnes,618392,31.06,154.305,0.04,60,9.12,0.06
29.181,2024-07-01,Caspian Export/FOOD-110,Caspian Export,FOOD-110,Food packaging paper 110 gsm,Packaging paper,tonnes,633615,30.45,157.082,0.04,60,29.97,0.06
30.59,2024-08-01,Caspian Export/FOOD-110,Caspian Export,FOOD-110,Food packaging paper 110 gsm,Packaging paper,tonnes,650092,30.05,159.91,0.04,60,10.6,0.06
32.501,2024-09-01,Caspian Export/FOOD-110,Caspian Export,FOOD-110,Food packaging paper 110 gsm,Packaging paper,tonnes,667729,29.88,162.788,0.04,60,10.95,0.06
35.536,2024-10-01,Caspian Export/FOOD-110,Caspian Export,FOOD-110,Food packaging paper 110 gsm,Packaging paper,tonnes,686374,29.94,165.718,0.04,60,10.97,0.06
35.103,2024-11-01,Caspian Export/FOOD-110,Caspian Export,FOOD-110,Food packaging paper 110 gsm,Packaging paper,tonnes,705823,30.25,168.701,0.04,60,10.66,0.06
28.098,2024-12-01,Caspian Export/FOOD-110,Caspian Export,FOOD-110,Food packaging paper 110 gsm,Packaging paper,tonnes,725833,30.78,171.738,0.04,60,10.06,0.06
29.308,2025-01-01,Caspian Export/FOOD-110,Caspian Export,FOOD-110,Food packaging paper 110 gsm,Packaging paper,tonnes,746134,31.52,174.829,0.35,60,9.24,0.06
27.306,2025-02-01,Caspian Export/FOOD-110,Caspian Export,FOOD-110,Food packaging paper 110 gsm,Packaging paper,tonnes,766451,32.45,177.976,0.04,60,8.27,0.06
20.851,2025-03-01,Caspian Export/FOOD-110,Caspian Export,FOOD-110,Food packaging paper 110 gsm,Packaging paper,tonnes,786512,33.53,181.18,0.04,60,7.28,0.06
29.098,2025-04-01,Caspian Export/FOOD-110,Caspian Export,FOOD-110,Food packaging paper 110 gsm,Packaging paper,tonnes,806079,34.72,184.441,0.04,60,6.37,0.06
31.483,2025-05-01,Caspian Export/FOOD-110,Caspian Export,FOOD-110,Food packaging paper 110 gsm,Packaging paper,tonnes,824951,35.98,187.761,0.04,60,5.63,0.06
29.477,2025-06-01,Caspian Export/FOOD-110,Caspian Export,FOOD-110,Food packaging paper 110 gsm,Packaging paper,tonnes,842992,37.26,191.14,0.04,60,5.16,0.06
30.967,2025-07-01,Caspian Export/FOOD-110,Caspian Export,FOOD-110,Food packaging paper 110 gsm,Packaging paper,tonnes,860135,38.51,194.581,0.04,60,5.0,0.06
34.653,2025-08-01,Caspian Export/FOOD-110,Caspian Export,FOOD-110,Food packaging paper 110 gsm,Packaging paper,tonnes,876392,39.68,198.083,0.04,60,5.17,0.06
36.789,2025-09-01,Caspian Export/FOOD-110,Caspian Export,FOOD-110,Food packaging paper 110 gsm,Packaging paper,tonnes,891858,40.74,201.649,0.35,75,25.65,0.6
35.398,2025-10-01,Caspian Export/FOOD-110,Caspian Export,FOOD-110,Food packaging paper 110 gsm,Packaging paper,tonnes,906709,41.64,205.279,0.04,60,6.39,0.06
35.856,2025-11-01,Caspian Export/FOOD-110,Caspian Export,FOOD-110,Food packaging paper 110 gsm,Packaging paper,tonnes,921194,42.35,208.974,0.04,60,7.31,0.06
29.457,2025-12-01,Caspian Export/FOOD-110,Caspian Export,FOOD-110,Food packaging paper 110 gsm,Packaging paper,tonnes,935624,42.85,212.735,0.04,60,8.3,0.06
29.063,2026-01-01,Caspian Export/FOOD-110,Caspian Export,FOOD-110,Food packaging paper 110 gsm,Packaging paper,tonnes,950355,43.11,216.564,0.04,60,9.26,0.06
29.372,2026-02-01,Caspian Export/FOOD-110,Caspian Export,FOOD-110,Food packaging paper 110 gsm,Packaging paper,tonnes,965767,43.14,220.463,0.04,60,10.08,0.06
21.054,2026-03-01,Caspian Export/FOOD-110,Caspian Export,FOOD-110,Food packaging paper 110 gsm,Packaging paper,tonnes,982244,42.92,224.431,0.04,60,10.67,0.06
32.063,2026-04-01,Caspian Export/FOOD-110,Caspian Export,FOOD-110,Food packaging paper 110 gsm,Packaging paper,tonnes,1000147,42.49,228.471,0.04,60,10.97,0.06
32.812,2026-05-01,Caspian Export/FOOD-110,Caspian Export,FOOD-110,Food packaging paper 110 gsm,Packaging paper,tonnes,1019790,41.85,232.583,0.35,75,30.94,0.6
34.104,2026-06-01,Caspian Export/FOOD-110,Caspian Export,FOOD-110,Food packaging paper 110 gsm,Packaging paper,tonnes,1041425,41.03,236.77,0.04,60,10.59,0.06
38.185,2026-07-01,Caspian Export/FOOD-110,Caspian Export,FOOD-110,Food packaging paper 110 gsm,Packaging paper,tonnes,1065215,40.07,241.031,0.04,60,9.95,0.06
34.905,2026-08-01,Caspian Export/FOOD-110,Caspian Export,FOOD-110,Food packaging paper 110 gsm,Packaging paper,tonnes,1091225,39.02,245.37,0.04,60,9.1,0.06
39.894,2026-09-01,Caspian Export/FOOD-110,Caspian Export,FOOD-110,Food packaging paper 110 gsm,Packaging paper,tonnes,1119416,37.91,249.787,0.04,60,8.12,0.06
11.865,2022-10-01,Caspian Export/SPECIAL-090,Caspian Export,SPECIAL-090,Specialty label paper 90 gsm,Packaging paper,tonnes,410000,34.0,112.0,0.04,60,8.0,0.06
11.991,2022-11-01,Caspian Export/SPECIAL-090,Caspian Export,SPECIAL-090,Specialty label paper 90 gsm,Packaging paper,tonnes,421612,35.27,114.016,0.04,60,8.98,0.06
10.307,2022-12-01,Caspian Export/SPECIAL-090,Caspian Export,SPECIAL-090,Specialty label paper 90 gsm,Packaging paper,tonnes,433371,36.5,116.068,0.35,60,9.86,0.06
9.483,2023-01-01,Caspian Export/SPECIAL-090,Caspian Export,SPECIAL-090,Specialty label paper 90 gsm,Packaging paper,tonnes,445118,37.63,118.158,0.04,60,10.52,0.06
10.418,2023-02-01,Caspian Export/SPECIAL-090,Caspian Export,SPECIAL-090,Specialty label paper 90 gsm,Packaging paper,tonnes,456698,38.62,120.284,0.04,60,10.92,0.06
9.191,2023-03-01,Caspian Export/SPECIAL-090,Caspian Export,SPECIAL-090,Specialty label paper 90 gsm,Packaging paper,tonnes,467974,39.45,122.449,0.04,60,10.99,0.06
9.256,2023-04-01,Caspian Export/SPECIAL-090,Caspian Export,SPECIAL-090,Specialty label paper 90 gsm,Packaging paper,tonnes,478836,40.07,124.654,0.04,60,10.73,0.06
9.649,2023-05-01,Caspian Export/SPECIAL-090,Caspian Export,SPECIAL-090,Specialty label paper 90 gsm,Packaging paper,tonnes,489209,40.47,126.897,0.04,60,10.17,0.06
11.127,2023-06-01,Caspian Export/SPECIAL-090,Caspian Export,SPECIAL-090,Specialty label paper 90 gsm,Packaging paper,tonnes,499060,40.64,129.181,0.04,60,9.37,0.06
15.499,2023-07-01,Caspian Export/SPECIAL-090,Caspian Export,SPECIAL-090,Specialty label paper 90 gsm,Packaging paper,tonnes,508404,40.56,131.507,0.04,60,8.42,0.06
13.176,2023-08-01,Caspian Export/SPECIAL-090,Caspian Export,SPECIAL-090,Specialty label paper 90 gsm,Packaging paper,tonnes,517300,40.26,133.874,0.35,60,7.43,0.06
13.622,2023-09-01,Caspian Export/SPECIAL-090,Caspian Export,SPECIAL-090,Specialty label paper 90 gsm,Packaging paper,tonnes,525857,39.73,136.284,0.04,60,6.5,0.06
11.865,2023-10-01,Caspian Export/SPECIAL-090,Caspian Export,SPECIAL-090,Specialty label paper 90 gsm,Packaging paper,tonnes,534225,39.01,138.737,0.04,60,5.73,0.06
12.362,2023-11-01,Caspian Export/SPECIAL-090,Caspian Export,SPECIAL-090,Specialty label paper 90 gsm,Packaging paper,tonnes,542587,38.13,141.234,0.04,60,5.21,0.06
9.792,2023-12-01,Caspian Export/SPECIAL-090,Caspian Export,SPECIAL-090,Specialty label paper 90 gsm,Packaging paper,tonnes,551152,37.13,143.776,0.04,60,5.0,0.06
9.349,2024-01-01,Caspian Export/SPECIAL-090,Caspian Export,SPECIAL-090,Specialty label paper 90 gsm,Packaging paper,tonnes,560140,36.05,146.364,0.04,60,5.12,0.06
10.12,2024-02-01,Caspian Export/SPECIAL-090,Caspian Export,SPECIAL-090,Specialty label paper 90 gsm,Packaging paper,tonnes,569774,34.93,148.999,0.04,60,5.56,0.06
11.85,2024-03-01,Caspian Export/SPECIAL-090,Caspian Export,SPECIAL-090,Specialty label paper 90 gsm,Packaging paper,tonnes,580258,33.83,151.681,0.04,60,6.27,0.06
12.285,2024-04-01,Caspian Export/SPECIAL-090,Caspian Export,SPECIAL-090,Specialty label paper 90 gsm,Packaging paper,tonnes,591772,32.78,154.411,0.35,60,7.16,0.06
11.358,2024-05-01,Caspian Export/SPECIAL-090,Caspian Export,SPECIAL-090,Specialty label paper 90 gsm,Packaging paper,tonnes,604454,31.85,157.19,0.04,60,8.15,0.06
13.573,2024-06-01,Caspian Export/SPECIAL-090,Caspian Export,SPECIAL-090,Specialty label paper 90 gsm,Packaging paper,tonnes,618392,31.06,160.02,0.04,60,9.12,0.06
10.667,2024-07-01,Caspian Export/SPECIAL-090,Caspian Export,SPECIAL-090,Specialty label paper 90 gsm,Packaging paper,tonnes,633615,30.45,162.9,0.04,60,29.97,0.06
11.435,2024-08-01,Caspian Export/SPECIAL-090,Caspian Export,SPECIAL-090,Specialty label paper 90 gsm,Packaging paper,tonnes,650092,30.05,165.832,0.04,60,10.6,0.06
11.735,2024-09-01,Caspian Export/SPECIAL-090,Caspian Export,SPECIAL-090,Specialty label paper 90 gsm,Packaging paper,tonnes,667729,29.88,168.817,0.04,60,10.95,0.06
13.573,2024-10-01,Caspian Export/SPECIAL-090,Caspian Export,SPECIAL-090,Specialty label paper 90 gsm,Packaging paper,tonnes,686374,29.94,171.856,0.04,60,10.97,0.06
15.635,2024-11-01,Caspian Export/SPECIAL-090,Caspian Export,SPECIAL-090,Specialty label paper 90 gsm,Packaging paper,tonnes,705823,30.25,174.949,0.04,60,10.66,0.06
10.613,2024-12-01,Caspian Export/SPECIAL-090,Caspian Export,SPECIAL-090,Specialty label paper 90 gsm,Packaging paper,tonnes,725833,30.78,178.098,0.35,60,10.06,0.06
11.746,2025-01-01,Caspian Export/SPECIAL-090,Caspian Export,SPECIAL-090,Specialty label paper 90 gsm,Packaging paper,tonnes,746134,31.52,181.304,0.04,60,9.24,0.06
9.65,2025-02-01,Caspian Export/SPECIAL-090,Caspian Export,SPECIAL-090,Specialty label paper 90 gsm,Packaging paper,tonnes,766451,32.45,184.568,0.04,60,8.27,0.06
7.684,2025-03-01,Caspian Export/SPECIAL-090,Caspian Export,SPECIAL-090,Specialty label paper 90 gsm,Packaging paper,tonnes,786512,33.53,187.89,0.04,60,7.28,0.06
13.088,2025-04-01,Caspian Export/SPECIAL-090,Caspian Export,SPECIAL-090,Specialty label paper 90 gsm,Packaging paper,tonnes,806079,34.72,191.272,0.04,60,6.37,0.06
15.384,2025-05-01,Caspian Export/SPECIAL-090,Caspian Export,SPECIAL-090,Specialty label paper 90 gsm,Packaging paper,tonnes,824951,35.98,194.715,0.04,60,5.63,0.06
9.384,2025-06-01,Caspian Export/SPECIAL-090,Caspian Export,SPECIAL-090,Specialty label paper 90 gsm,Packaging paper,tonnes,842992,37.26,198.22,0.04,60,5.16,0.06
12.26,2025-07-01,Caspian Export/SPECIAL-090,Caspian Export,SPECIAL-090,Specialty label paper 90 gsm,Packaging paper,tonnes,860135,38.51,201.788,0.04,60,5.0,0.06
12.72,2025-08-01,Caspian Export/SPECIAL-090,Caspian Export,SPECIAL-090,Specialty label paper 90 gsm,Packaging paper,tonnes,876392,39.68,205.42,0.35,60,5.17,0.06
12.812,2025-09-01,Caspian Export/SPECIAL-090,Caspian Export,SPECIAL-090,Specialty label paper 90 gsm,Packaging paper,tonnes,891858,40.74,209.117,0.04,75,25.65,0.6
13.903,2025-10-01,Caspian Export/SPECIAL-090,Caspian Export,SPECIAL-090,Specialty label paper 90 gsm,Packaging paper,tonnes,906709,41.64,212.882,0.04,60,6.39,0.06
12.327,2025-11-01,Caspian Export/SPECIAL-090,Caspian Export,SPECIAL-090,Specialty label paper 90 gsm,Packaging paper,tonnes,921194,42.35,216.713,0.04,60,7.31,0.06
12.522,2025-12-01,Caspian Export/SPECIAL-090,Caspian Export,SPECIAL-090,Specialty label paper 90 gsm,Packaging paper,tonnes,935624,42.85,220.614,0.04,60,8.3,0.06
9.752,2026-01-01,Caspian Export/SPECIAL-090,Caspian Export,SPECIAL-090,Specialty label paper 90 gsm,Packaging paper,tonnes,950355,43.11,224.585,0.04,60,9.26,0.06
13.679,2026-02-01,Caspian Export/SPECIAL-090,Caspian Export,SPECIAL-090,Specialty label paper 90 gsm,Packaging paper,tonnes,965767,43.14,228.628,0.04,60,10.08,0.06
8.125,2026-03-01,Caspian Export/SPECIAL-090,Caspian Export,SPECIAL-090,Specialty label paper 90 gsm,Packaging paper,tonnes,982244,42.92,232.743,0.04,60,10.67,0.06
14.697,2026-04-01,Caspian Export/SPECIAL-090,Caspian Export,SPECIAL-090,Specialty label paper 90 gsm,Packaging paper,tonnes,1000147,42.49,236.933,0.35,60,10.97,0.06
14.579,2026-05-01,Caspian Export/SPECIAL-090,Caspian Export,SPECIAL-090,Specialty label paper 90 gsm,Packaging paper,tonnes,1019790,41.85,241.197,0.04,75,30.94,0.6
11.497,2026-06-01,Caspian Export/SPECIAL-090,Caspian Export,SPECIAL-090,Specialty label paper 90 gsm,Packaging paper,tonnes,1041425,41.03,245.539,0.04,60,10.59,0.06
14.508,2026-07-01,Caspian Export/SPECIAL-090,Caspian Export,SPECIAL-090,Specialty label paper 90 gsm,Packaging paper,tonnes,1065215,40.07,249.959,0.04,60,9.95,0.06
12.137,2026-08-01,Caspian Export/SPECIAL-090,Caspian Export,SPECIAL-090,Specialty label paper 90 gsm,Packaging paper,tonnes,1091225,39.02,254.458,0.04,60,9.1,0.06
17.615,2026-09-01,Caspian Export/SPECIAL-090,Caspian Export,SPECIAL-090,Specialty label paper 90 gsm,Packaging paper,tonnes,1119416,37.91,259.038,0.04,60,8.12,0.06
10.24,2025-04-01,Negin Retail/BOARD-300,Negin Retail,BOARD-300,Folding board 300 gsm,Packaging paper,tonnes,806079,34.72,177.61,0.04,70,6.37,0.06
10.579,2025-05-01,Negin Retail/BOARD-300,Negin Retail,BOARD-300,Folding board 300 gsm,Packaging paper,tonnes,824951,35.98,180.807,0.04,70,5.63,0.06
11.698,2025-06-01,Negin Retail/BOARD-300,Negin Retail,BOARD-300,Folding board 300 gsm,Packaging paper,tonnes,842992,37.26,184.061,0.04,70,5.16,0.06
12.643,2025-07-01,Negin Retail/BOARD-300,Negin Retail,BOARD-300,Folding board 300 gsm,Packaging paper,tonnes,860135,38.51,187.374,0.04,70,5.0,0.06
14.165,2025-08-01,Negin Retail/BOARD-300,Negin Retail,BOARD-300,Folding board 300 gsm,Packaging paper,tonnes,876392,39.68,190.747,0.04,70,5.17,0.06
13.654,2025-09-01,Negin Retail/BOARD-300,Negin Retail,BOARD-300,Folding board 300 gsm,Packaging paper,tonnes,891858,40.74,194.18,0.35,85,25.65,0.6
14.903,2025-10-01,Negin Retail/BOARD-300,Negin Retail,BOARD-300,Folding board 300 gsm,Packaging paper,tonnes,906709,41.64,197.676,0.04,70,6.39,0.06
15.202,2025-11-01,Negin Retail/BOARD-300,Negin Retail,BOARD-300,Folding board 300 gsm,Packaging paper,tonnes,921194,42.35,201.234,0.04,70,7.31,0.06
14.426,2025-12-01,Negin Retail/BOARD-300,Negin Retail,BOARD-300,Folding board 300 gsm,Packaging paper,tonnes,935624,42.85,204.856,0.04,70,8.3,0.06
14.002,2026-01-01,Negin Retail/BOARD-300,Negin Retail,BOARD-300,Folding board 300 gsm,Packaging paper,tonnes,950355,43.11,208.544,0.04,70,9.26,0.06
16.278,2026-02-01,Negin Retail/BOARD-300,Negin Retail,BOARD-300,Folding board 300 gsm,Packaging paper,tonnes,965767,43.14,212.297,0.04,70,10.08,0.06
11.019,2026-03-01,Negin Retail/BOARD-300,Negin Retail,BOARD-300,Folding board 300 gsm,Packaging paper,tonnes,982244,42.92,216.119,0.04,70,10.67,0.06
18.195,2026-04-01,Negin Retail/BOARD-300,Negin Retail,BOARD-300,Folding board 300 gsm,Packaging paper,tonnes,1000147,42.49,220.009,0.04,70,10.97,0.06
17.418,2026-05-01,Negin Retail/BOARD-300,Negin Retail,BOARD-300,Folding board 300 gsm,Packaging paper,tonnes,1019790,41.85,223.969,0.35,85,30.94,0.6
20.307,2026-06-01,Negin Retail/BOARD-300,Negin Retail,BOARD-300,Folding board 300 gsm,Packaging paper,tonnes,1041425,41.03,228.0,0.04,70,10.59,0.06
20.029,2026-07-01,Negin Retail/BOARD-300,Negin Retail,BOARD-300,Folding board 300 gsm,Packaging paper,tonnes,1065215,40.07,232.104,0.04,70,9.95,0.06
19.344,2026-08-01,Negin Retail/BOARD-300,Negin Retail,BOARD-300,Folding board 300 gsm,Packaging paper,tonnes,1091225,39.02,236.282,0.04,70,9.1,0.06
23.532,2026-09-01,Negin Retail/BOARD-300,Negin Retail,BOARD-300,Folding board 300 gsm,Packaging paper,tonnes,1119416,37.91,240.535,0.04,70,8.12,0.06
8.961,2025-04-01,Negin Retail/FOOD-110,Negin Retail,FOOD-110,Food packaging paper 110 gsm,Packaging paper,tonnes,806079,34.72,184.441,0.04,70,6.37,0.06
8.867,2025-05-01,Negin Retail/FOOD-110,Negin Retail,FOOD-110,Food packaging paper 110 gsm,Packaging paper,tonnes,824951,35.98,187.761,0.04,70,5.63,0.06
8.439,2025-06-01,Negin Retail/FOOD-110,Negin Retail,FOOD-110,Food packaging paper 110 gsm,Packaging paper,tonnes,842992,37.26,191.14,0.04,70,5.16,0.06
8.782,2025-07-01,Negin Retail/FOOD-110,Negin Retail,FOOD-110,Food packaging paper 110 gsm,Packaging paper,tonnes,860135,38.51,194.581,0.04,70,5.0,0.06
10.79,2025-08-01,Negin Retail/FOOD-110,Negin Retail,FOOD-110,Food packaging paper 110 gsm,Packaging paper,tonnes,876392,39.68,198.083,0.35,70,5.17,0.06
10.441,2025-09-01,Negin Retail/FOOD-110,Negin Retail,FOOD-110,Food packaging paper 110 gsm,Packaging paper,tonnes,891858,40.74,201.649,0.04,85,25.65,0.6
9.859,2025-10-01,Negin Retail/FOOD-110,Negin Retail,FOOD-110,Food packaging paper 110 gsm,Packaging paper,tonnes,906709,41.64,205.279,0.04,70,6.39,0.06
11.425,2025-11-01,Negin Retail/FOOD-110,Negin Retail,FOOD-110,Food packaging paper 110 gsm,Packaging paper,tonnes,921194,42.35,208.974,0.04,70,7.31,0.06
11.515,2025-12-01,Negin Retail/FOOD-110,Negin Retail,FOOD-110,Food packaging paper 110 gsm,Packaging paper,tonnes,935624,42.85,212.735,0.04,70,8.3,0.06
11.377,2026-01-01,Negin Retail/FOOD-110,Negin Retail,FOOD-110,Food packaging paper 110 gsm,Packaging paper,tonnes,950355,43.11,216.564,0.04,70,9.26,0.06
10.708,2026-02-01,Negin Retail/FOOD-110,Negin Retail,FOOD-110,Food packaging paper 110 gsm,Packaging paper,tonnes,965767,43.14,220.463,0.04,70,10.08,0.06
8.32,2026-03-01,Negin Retail/FOOD-110,Negin Retail,FOOD-110,Food packaging paper 110 gsm,Packaging paper,tonnes,982244,42.92,224.431,0.04,70,10.67,0.06
15.205,2026-04-01,Negin Retail/FOOD-110,Negin Retail,FOOD-110,Food packaging paper 110 gsm,Packaging paper,tonnes,1000147,42.49,228.471,0.35,70,10.97,0.06
12.082,2026-05-01,Negin Retail/FOOD-110,Negin Retail,FOOD-110,Food packaging paper 110 gsm,Packaging paper,tonnes,1019790,41.85,232.583,0.04,85,30.94,0.6
14.545,2026-06-01,Negin Retail/FOOD-110,Negin Retail,FOOD-110,Food packaging paper 110 gsm,Packaging paper,tonnes,1041425,41.03,236.77,0.04,70,10.59,0.06
14.781,2026-07-01,Negin Retail/FOOD-110,Negin Retail,FOOD-110,Food packaging paper 110 gsm,Packaging paper,tonnes,1065215,40.07,241.031,0.04,70,9.95,0.06
14.892,2026-08-01,Negin Retail/FOOD-110,Negin Retail,FOOD-110,Food packaging paper 110 gsm,Packaging paper,tonnes,1091225,39.02,245.37,0.04,70,9.1,0.06
17.409,2026-09-01,Negin Retail/FOOD-110,Negin Retail,FOOD-110,Food packaging paper 110 gsm,Packaging paper,tonnes,1119416,37.91,249.787,0.04,70,8.12,0.06
