demand_tonnes,date,series_id,sku,product_name,category,customer,site,province,warehouse,production_line,supplier,inventory_on_hand_tonnes,safety_stock_tonnes,lead_time_days,monthly_capacity_tonnes,unit_cost_irr,service_level_target,selling_price_irr_per_tonne,customer_orders_index,open_orders_tonnes,backlog_tonnes,maintenance_hours,promotion_index,usd_irr_synthetic,iran_cpi_yoy_synthetic,producer_price_index_synthetic,industrial_production_index_synthetic,global_pulp_price_usd_synthetic,qazvin_temperature_c_synthetic,energy_curtailment_hours_synthetic,import_lead_time_days_synthetic,supplier_fill_rate_synthetic,logistics_cost_index_synthetic,working_days,event_code,event_severity
166.67,2021-09-01,PKG-KRAFT-120 · Domestic,PKG-KRAFT-120,Kraft liner 120gsm,Packaging paper,Domestic,Qazvin Manufacturing Site,Qazvin,Qazvin Finished Goods,Paper line A,Mixed domestic/imported supply,236.5,81.7,45.0,192.3,299300000,0.93,410000000,102.9,29.8,4.3,8.3,0.036,265000,36.0,100.0,100.0,760.0,18.8,5.1,48.0,0.94,100.0,25,NORMAL,8
136.48,2021-09-01,PKG-BOARD-300 · Domestic,PKG-BOARD-300,Folding boxboard 300gsm,Packaging board,Domestic,Qazvin Manufacturing Site,Qazvin,Qazvin Finished Goods,Board line,Mixed domestic/imported supply,161.8,86.6,51.0,141.8,314630000,0.93,431000000,105.4,25.7,3.0,9.7,0.068,265000,36.0,100.0,100.0,760.0,18.8,5.1,48.0,0.94,100.0,25,NORMAL,8
105.61,2021-09-01,PKG-BOARD-350 · Export,PKG-BOARD-350,Folding boxboard 350gsm,Packaging board,Export,Qazvin Manufacturing Site,Qazvin,Qazvin Finished Goods,Board line,Mixed domestic/imported supply,122.0,48.6,44.0,124.2,329960000,0.96,452000000,105.6,22.7,2.6,5.5,0.03,265000,36.0,100.0,100.0,760.0,18.8,5.1,48.0,0.94,100.0,25,NORMAL,8
193.18,2021-09-01,OFF-UWF-080 · Domestic,OFF-UWF-080,Uncoated woodfree 80gsm,Writing paper,Domestic,Qazvin Manufacturing Site,Qazvin,Qazvin Finished Goods,Paper line B,Mixed domestic/imported supply,255.5,131.2,45.2,228.1,345290000,0.93,473000000,106.6,33.5,3.5,3.3,0.037,265000,36.0,100.0,100.0,760.0,18.8,5.1,48.0,0.94,100.0,25,NORMAL,8
126.12,2021-09-01,OFF-UWF-070 · Public sector,OFF-UWF-070,Uncoated woodfree 70gsm,Writing paper,Public sector,Qazvin Manufacturing Site,Qazvin,Qazvin Finished Goods,Paper line B,Mixed domestic/imported supply,130.4,78.3,54.6,140.7,360620000,0.93,494000000,105.0,24.0,2.5,7.8,0.075,265000,36.0,100.0,100.0,760.0,18.8,5.1,48.0,0.94,100.0,25,NORMAL,8
109.73,2021-09-01,COA-ART-135 · Domestic,COA-ART-135,Coated art paper 135gsm,Commercial print,Domestic,Qazvin Manufacturing Site,Qazvin,Qazvin Finished Goods,Coating line,Mixed domestic/imported supply,169.3,68.8,52.1,134.7,375950000,0.93,515000000,103.8,22.6,2.4,6.7,0.079,265000,36.0,100.0,100.0,760.0,18.8,5.1,48.0,0.94,100.0,25,NORMAL,8
97.01,2021-09-01,COA-ART-170 · Domestic,COA-ART-170,Coated art paper 170gsm,Commercial print,Domestic,Qazvin Manufacturing Site,Qazvin,Qazvin Finished Goods,Coating line,Mixed domestic/imported supply,126.2,55.8,54.1,100.8,391280000,0.93,536000000,107.7,19.9,2.7,1.9,0.06,265000,36.0,100.0,100.0,760.0,18.8,5.1,48.0,0.94,100.0,25,NORMAL,8
85.67,2021-09-01,LBL-STOCK-090 · FMCG,LBL-STOCK-090,Label stock 90gsm,Labels,FMCG,Qazvin Manufacturing Site,Qazvin,Qazvin Finished Goods,Coating line,Mixed domestic/imported supply,125.6,56.5,49.4,92.5,406610000,0.96,557000000,106.2,15.1,1.6,4.2,0.036,265000,36.0,100.0,100.0,760.0,18.8,5.1,48.0,0.94,100.0,25,NORMAL,8
98.26,2021-09-01,IND-CORE-250 · Domestic,IND-CORE-250,Industrial core board,Industrial,Domestic,Qazvin Manufacturing Site,Qazvin,Qazvin Finished Goods,Board line,Mixed domestic/imported supply,138.9,56.1,47.8,114.4,421940000,0.93,578000000,103.6,18.7,2.0,6.8,0.032,265000,36.0,100.0,100.0,760.0,18.8,5.1,48.0,0.94,100.0,25,NORMAL,8
109.68,2021-09-01,FOD-GRADE-110 · FMCG,FOD-GRADE-110,Food-grade paper 110gsm,Food packaging,FMCG,Qazvin Manufacturing Site,Qazvin,Qazvin Finished Goods,Paper line A,Mixed domestic/imported supply,163.7,66.8,53.3,112.3,437270000,0.96,599000000,105.4,22.6,2.9,6.2,0.014,265000,36.0,100.0,100.0,760.0,18.8,5.1,48.0,0.94,100.0,25,NORMAL,8
1.74,2021-09-01,NCR-SET-080 · Public sector,NCR-SET-080,NCR forms 80gsm,Specialty,Public sector,Qazvin Manufacturing Site,Qazvin,Qazvin Finished Goods,Specialty line,Mixed domestic/imported supply,58.4,25.1,50.2,54.2,452600000,0.93,620000000,106.4,13.4,1.7,3.1,0.077,265000,36.0,100.0,100.0,760.0,18.8,5.1,48.0,0.94,100.0,25,NORMAL,8
78.83,2021-09-01,EXP-KRAFT-140 · Export,EXP-KRAFT-140,Export kraft 140gsm,Packaging paper,Export,Qazvin Manufacturing Site,Qazvin,Qazvin Finished Goods,Paper line A,Mixed domestic/imported supply,89.2,54.7,46.0,81.6,467930000,0.96,641000000,101.4,19.9,2.8,4.4,0.019,265000,36.0,100.0,100.0,760.0,18.8,5.1,48.0,0.94,100.0,25,NORMAL,8
179.67,2021-10-01,PKG-KRAFT-120 · Domestic,PKG-KRAFT-120,Kraft liner 120gsm,Packaging paper,Domestic,Qazvin Manufacturing Site,Qazvin,Qazvin Finished Goods,Paper line A,Mixed domestic/imported supply,208.5,79.3,47.9,168.4,305286000,0.93,418200000,108.1,27.5,3.4,3.5,0.047,270282,37.0,102.0,100.5,768.9,11.6,0.0,49.0,0.935,101.0,23,NORMAL,8
147.1,2021-10-01,PKG-BOARD-300 · Domestic,PKG-BOARD-300,Folding boxboard 300gsm,Packaging board,Domestic,Qazvin Manufacturing Site,Qazvin,Qazvin Finished Goods,Board line,Mixed domestic/imported supply,196.3,81.5,56.4,145.0,320922600,0.93,439620000,108.7,32.1,4.2,5.6,0.065,270282,37.0,102.0,100.5,768.9,11.6,0.0,49.0,0.935,101.0,23,NORMAL,8
114.59,2021-10-01,PKG-BOARD-350 · Export,PKG-BOARD-350,Folding boxboard 350gsm,Packaging board,Export,Qazvin Manufacturing Site,Qazvin,Qazvin Finished Goods,Board line,Mixed domestic/imported supply,116.3,52.4,50.5,115.8,336559200,0.96,461040000,106.6,27.3,3.0,7.1,0.034,270282,37.0,102.0,100.5,768.9,11.6,0.0,49.0,0.935,101.0,23,NORMAL,8
202.54,2021-10-01,OFF-UWF-080 · Domestic,OFF-UWF-080,Uncoated woodfree 80gsm,Writing paper,Domestic,Qazvin Manufacturing Site,Qazvin,Qazvin Finished Goods,Paper line B,Mixed domestic/imported supply,231.4,94.1,53.0,230.5,352195800,0.93,482460000,107.1,29.9,4.0,4.2,0.061,270282,37.0,102.0,100.5,768.9,11.6,0.0,49.0,0.935,101.0,23,NORMAL,8
127.9,2021-10-01,OFF-UWF-070 · Public sector,OFF-UWF-070,Uncoated woodfree 70gsm,Writing paper,Public sector,Qazvin Manufacturing Site,Qazvin,Qazvin Finished Goods,Paper line B,Mixed domestic/imported supply,123.0,63.3,52.0,142.0,367832400,0.93,503880000,107.3,24.1,3.5,7.1,0.004,270282,37.0,102.0,100.5,768.9,11.6,0.0,49.0,0.935,101.0,23,NORMAL,8
119.84,2021-10-01,COA-ART-135 · Domestic,COA-ART-135,Coated art paper 135gsm,Commercial print,Domestic,Qazvin Manufacturing Site,Qazvin,Qazvin Finished Goods,Coating line,Mixed domestic/imported supply,168.0,58.9,58.2,129.5,383469000,0.93,525300000,106.6,22.8,3.2,4.7,0.041,270282,37.0,102.0,100.5,768.9,11.6,0.0,49.0,0.935,101.0,23,NORMAL,8
98.48,2021-10-01,COA-ART-170 · Domestic,COA-ART-170,Coated art paper 170gsm,Commercial print,Domestic,Qazvin Manufacturing Site,Qazvin,Qazvin Finished Goods,Coating line,Mixed domestic/imported supply,121.0,43.6,53.5,93.1,399105600,0.93,546720000,106.2,21.6,2.4,5.9,0.043,270282,37.0,102.0,100.5,768.9,11.6,0.0,49.0,0.935,101.0,23,NORMAL,8
87.58,2021-10-01,LBL-STOCK-090 · FMCG,LBL-STOCK-090,Label stock 90gsm,Labels,FMCG,Qazvin Manufacturing Site,Qazvin,Qazvin Finished Goods,Coating line,Mixed domestic/imported supply,105.6,58.5,55.0,98.2,414742200,0.96,568140000,105.4,17.5,2.5,7.4,0.017,270282,37.0,102.0,100.5,768.9,11.6,0.0,49.0,0.935,101.0,23,NORMAL,8
109.14,2021-10-01,IND-CORE-250 · Domestic,IND-CORE-250,Industrial core board,Industrial,Domestic,Qazvin Manufacturing Site,Qazvin,Qazvin Finished Goods,Board line,Mixed domestic/imported supply,129.2,58.9,54.9,113.5,430378800,0.93,589560000,109.4,23.3,2.9,4.4,0.073,270282,37.0,102.0,100.5,768.9,11.6,0.0,49.0,0.935,101.0,23,NORMAL,8
109.57,2021-10-01,FOD-GRADE-110 · FMCG,FOD-GRADE-110,Food-grade paper 110gsm,Food packaging,FMCG,Qazvin Manufacturing Site,Qazvin,Qazvin Finished Goods,Paper line A,Mixed domestic/imported supply,130.7,67.2,52.4,120.2,446015400,0.96,610980000,107.8,18.3,1.9,9.6,0.034,270282,37.0,102.0,100.5,768.9,11.6,0.0,49.0,0.935,101.0,23,NORMAL,8
51.45,2021-10-01,NCR-SET-080 · Public sector,NCR-SET-080,NCR forms 80gsm,Specialty,Public sector,Qazvin Manufacturing Site,Qazvin,Qazvin Finished Goods,Specialty line,Mixed domestic/imported supply,76.9,32.7,52.9,53.5,461652000,0.93,632400000,103.3,9.7,1.1,2.4,0.023,270282,37.0,102.0,100.5,768.9,11.6,0.0,49.0,0.935,101.0,23,NORMAL,8
85.87,2021-10-01,EXP-KRAFT-140 · Export,EXP-KRAFT-140,Export kraft 140gsm,Packaging paper,Export,Qazvin Manufacturing Site,Qazvin,Qazvin Finished Goods,Paper line A,Mixed domestic/imported supply,95.1,40.9,52.4,88.4,477288600,0.96,653820000,110.4,19.9,2.5,7.7,0.052,270282,37.0,102.0,100.5,768.9,11.6,0.0,49.0,0.935,101.0,23,NORMAL,8
170.53,2021-11-01,PKG-KRAFT-120 · Domestic,PKG-KRAFT-120,Kraft liner 120gsm,Packaging paper,Domestic,Qazvin Manufacturing Site,Qazvin,Qazvin Finished Goods,Paper line A,Mixed domestic/imported supply,238.3,87.1,51.4,174.6,311272000,0.93,426400000,105.3,29.0,3.2,4.4,0.053,275525,37.9,104.0,100.9,777.5,5.5,0.0,49.9,0.931,101.9,26,NORMAL,8
139.47,2021-11-01,PKG-BOARD-300 · Domestic,PKG-BOARD-300,Folding boxboard 300gsm,Packaging board,Domestic,Qazvin Manufacturing Site,Qazvin,Qazvin Finished Goods,Board line,Mixed domestic/imported supply,180.1,81.9,46.2,163.8,327215200,0.93,448240000,105.9,35.9,5.3,5.8,0.027,275525,37.9,104.0,100.9,777.5,5.5,0.0,49.9,0.931,101.9,26,NORMAL,8
108.6,2021-11-01,PKG-BOARD-350 · Export,PKG-BOARD-350,Folding boxboard 350gsm,Packaging board,Export,Qazvin Manufacturing Site,Qazvin,Qazvin Finished Goods,Board line,Mixed domestic/imported supply,114.8,69.8,53.0,116.6,343158400,0.96,470080000,106.9,20.7,2.2,4.1,0.007,275525,37.9,104.0,100.9,777.5,5.5,0.0,49.9,0.931,101.9,26,NORMAL,8
198.01,2021-11-01,OFF-UWF-080 · Domestic,OFF-UWF-080,Uncoated woodfree 80gsm,Writing paper,Domestic,Qazvin Manufacturing Site,Qazvin,Qazvin Finished Goods,Paper line B,Mixed domestic/imported supply,181.5,132.3,46.6,215.4,359101600,0.93,491920000,106.9,44.1,6.8,5.7,0.044,275525,37.9,104.0,100.9,777.5,5.5,0.0,49.9,0.931,101.9,26,NORMAL,8
128.28,2021-11-01,OFF-UWF-070 · Public sector,OFF-UWF-070,Uncoated woodfree 70gsm,Writing paper,Public sector,Qazvin Manufacturing Site,Qazvin,Qazvin Finished Goods,Paper line B,Mixed domestic/imported supply,124.2,84.4,45.0,126.1,375044800,0.93,513760000,105.3,23.8,2.6,9.4,0.03,275525,37.9,104.0,100.9,777.5,5.5,0.0,49.9,0.931,101.9,26,NORMAL,8
110.86,2021-11-01,COA-ART-135 · Domestic,COA-ART-135,Coated art paper 135gsm,Commercial print,Domestic,Qazvin Manufacturing Site,Qazvin,Qazvin Finished Goods,Coating line,Mixed domestic/imported supply,112.4,56.8,49.2,130.7,390988000,0.93,535600000,103.9,28.2,4.5,3.6,0.043,275525,37.9,104.0,100.9,777.5,5.5,0.0,49.9,0.931,101.9,26,NORMAL,8
89.62,2021-11-01,COA-ART-170 · Domestic,COA-ART-170,Coated art paper 170gsm,Commercial print,Domestic,Qazvin Manufacturing Site,Qazvin,Qazvin Finished Goods,Coating line,Mixed domestic/imported supply,109.2,62.5,58.3,99.7,406931200,0.93,557440000,105.3,21.5,2.9,1.1,0.024,275525,37.9,104.0,100.9,777.5,5.5,0.0,49.9,0.931,101.9,26,NORMAL,8
86.16,2021-11-01,LBL-STOCK-090 · FMCG,LBL-STOCK-090,Label stock 90gsm,Labels,FMCG,Qazvin Manufacturing Site,Qazvin,Qazvin Finished Goods,Coating line,Mixed domestic/imported supply,129.8,52.0,59.1,87.5,422874400,0.96,579280000,108.1,18.2,3.0,6.0,0.048,275525,37.9,104.0,100.9,777.5,5.5,0.0,49.9,0.931,101.9,26,NORMAL,8
94.68,2021-11-01,IND-CORE-250 · Domestic,IND-CORE-250,Industrial core board,Industrial,Domestic,Qazvin Manufacturing Site,Qazvin,Qazvin Finished Goods,Board line,Mixed domestic/imported supply,94.0,52.0,50.4,108.9,438817600,0.93,601120000,103.9,24.2,3.3,9.0,0.043,275525,37.9,104.0,100.9,777.5,5.5,0.0,49.9,0.931,101.9,26,NORMAL,8
106.3,2021-11-01,FOD-GRADE-110 · FMCG,FOD-GRADE-110,Food-grade paper 110gsm,Food packaging,FMCG,Qazvin Manufacturing Site,Qazvin,Qazvin Finished Goods,Paper line A,Mixed domestic/imported supply,163.3,56.6,51.6,115.3,454760800,0.96,622960000,104.5,23.1,2.6,4.0,0.035,275525,37.9,104.0,100.9,777.5,5.5,0.0,49.9,0.931,101.9,26,NORMAL,8
42.2,2021-11-01,NCR-SET-080 · Public sector,NCR-SET-080,NCR forms 80gsm,Specialty,Public sector,Qazvin Manufacturing Site,Qazvin,Qazvin Finished Goods,Specialty line,Mixed domestic/imported supply,73.7,31.7,46.9,53.5,470704000,0.93,644800000,106.4,9.4,1.4,6.3,0.029,275525,37.9,104.0,100.9,777.5,5.5,0.0,49.9,0.931,101.9,26,NORMAL,8
81.04,2021-11-01,EXP-KRAFT-140 · Export,EXP-KRAFT-140,Export kraft 140gsm,Packaging paper,Export,Qazvin Manufacturing Site,Qazvin,Qazvin Finished Goods,Paper line A,Mixed domestic/imported supply,91.1,49.4,46.0,92.2,486647200,0.96,666640000,101.7,14.7,1.7,5.0,0.049,275525,37.9,104.0,100.9,777.5,5.5,0.0,49.9,0.931,101.9,26,NORMAL,8
157.95,2021-12-01,PKG-KRAFT-120 · Domestic,PKG-KRAFT-120,Kraft liner 120gsm,Packaging paper,Domestic,Qazvin Manufacturing Site,Qazvin,Qazvin Finished Goods,Paper line A,Mixed domestic/imported supply,240.4,88.6,50.5,171.3,317258000,0.93,434600000,105.1,39.1,4.4,4.9,0.027,280603,38.9,106.0,101.4,785.2,2.3,0.0,50.7,0.927,102.8,26,NORMAL,8
133.63,2021-12-01,PKG-BOARD-300 · Domestic,PKG-BOARD-300,Folding boxboard 300gsm,Packaging board,Domestic,Qazvin Manufacturing Site,Qazvin,Qazvin Finished Goods,Board line,Mixed domestic/imported supply,194.1,93.6,55.5,150.1,333507800,0.93,456860000,109.1,25.7,3.6,3.4,0.054,280603,38.9,106.0,101.4,785.2,2.3,0.0,50.7,0.927,102.8,26,NORMAL,8
99.73,2021-12-01,PKG-BOARD-350 · Export,PKG-BOARD-350,Folding boxboard 350gsm,Packaging board,Export,Qazvin Manufacturing Site,Qazvin,Qazvin Finished Goods,Board line,Mixed domestic/imported supply,117.6,70.6,60.5,112.9,349757600,0.96,479120000,103.5,23.9,2.8,6.7,0.038,280603,38.9,106.0,101.4,785.2,2.3,0.0,50.7,0.927,102.8,26,NORMAL,8
186.24,2021-12-01,OFF-UWF-080 · Domestic,OFF-UWF-080,Uncoated woodfree 80gsm,Writing paper,Domestic,Qazvin Manufacturing Site,Qazvin,Qazvin Finished Goods,Paper line B,Mixed domestic/imported supply,255.2,125.0,54.0,220.2,366007400,0.93,501380000,106.2,52.9,6.5,5.0,0.037,280603,38.9,106.0,101.4,785.2,2.3,0.0,50.7,0.927,102.8,26,NORMAL,8
111.15,2021-12-01,OFF-UWF-070 · Public sector,OFF-UWF-070,Uncoated woodfree 70gsm,Writing paper,Public sector,Qazvin Manufacturing Site,Qazvin,Qazvin Finished Goods,Paper line B,Mixed domestic/imported supply,163.5,70.4,47.1,142.6,382257200,0.93,523640000,104.0,29.8,3.4,9.8,0.063,280603,38.9,106.0,101.4,785.2,2.3,0.0,50.7,0.927,102.8,26,NORMAL,8
111.16,2021-12-01,COA-ART-135 · Domestic,COA-ART-135,Coated art paper 135gsm,Commercial print,Domestic,Qazvin Manufacturing Site,Qazvin,Qazvin Finished Goods,Coating line,Mixed domestic/imported supply,155.2,72.4,58.0,112.3,398507000,0.93,545900000,105.9,22.9,2.7,5.8,0.044,280603,38.9,106.0,101.4,785.2,2.3,0.0,50.7,0.927,102.8,26,NORMAL,8
85.15,2021-12-01,COA-ART-170 · Domestic,COA-ART-170,Coated art paper 170gsm,Commercial print,Domestic,Qazvin Manufacturing Site,Qazvin,Qazvin Finished Goods,Coating line,Mixed domestic/imported supply,113.1,55.2,54.4,96.1,414756800,0.93,568160000,101.2,16.9,2.9,7.2,0.048,280603,38.9,106.0,101.4,785.2,2.3,0.0,50.7,0.927,102.8,26,NORMAL,8
81.58,2021-12-01,LBL-STOCK-090 · FMCG,LBL-STOCK-090,Label stock 90gsm,Labels,FMCG,Qazvin Manufacturing Site,Qazvin,Qazvin Finished Goods,Coating line,Mixed domestic/imported supply,103.1,49.5,46.0,103.5,431006600,0.96,590420000,104.0,21.0,3.6,5.8,0.039,280603,38.9,106.0,101.4,785.2,2.3,0.0,50.7,0.927,102.8,26,NORMAL,8
89.88,2021-12-01,IND-CORE-250 · Domestic,IND-CORE-250,Industrial core board,Industrial,Domestic,Qazvin Manufacturing Site,Qazvin,Qazvin Finished Goods,Board line,Mixed domestic/imported supply,122.6,49.0,50.2,112.9,447256400,0.93,612680000,102.2,23.1,3.1,4.5,0.034,280603,38.9,106.0,101.4,785.2,2.3,0.0,50.7,0.927,102.8,26,NORMAL,8
103.33,2021-12-01,FOD-GRADE-110 · FMCG,FOD-GRADE-110,Food-grade paper 110gsm,Food packaging,FMCG,Qazvin Manufacturing Site,Qazvin,Qazvin Finished Goods,Paper line A,Mixed domestic/imported supply,101.3,57.7,53.6,117.5,463506200,0.96,634940000,105.1,22.7,3.7,10.1,0.021,280603,38.9,106.0,101.4,785.2,2.3,0.0,50.7,0.927,102.8,26,NORMAL,8
42.37,2021-12-01,NCR-SET-080 · Public sector,NCR-SET-080,NCR forms 80gsm,Specialty,Public sector,Qazvin Manufacturing Site,Qazvin,Qazvin Finished Goods,Specialty line,Mixed domestic/imported supply,51.7,31.8,56.1,52.7,479756000,0.93,657200000,102.6,11.4,2.0,9.5,0.026,280603,38.9,106.0,101.4,785.2,2.3,0.0,50.7,0.927,102.8,26,NORMAL,8
76.8,2021-12-01,EXP-KRAFT-140 · Export,EXP-KRAFT-140,Export kraft 140gsm,Packaging paper,Export,Qazvin Manufacturing Site,Qazvin,Qazvin Finished Goods,Paper line A,Mixed domestic/imported supply,119.4,40.0,45.2,93.3,496005800,0.96,679460000,102.7,16.2,2.6,6.2,0.024,280603,38.9,106.0,101.4,785.2,2.3,0.0,50.7,0.927,102.8,26,NORMAL,8
136.28,2022-01-01,PKG-KRAFT-120 · Domestic,PKG-KRAFT-120,Kraft liner 120gsm,Packaging paper,Domestic,Qazvin Manufacturing Site,Qazvin,Qazvin Finished Goods,Paper line A,Mixed domestic/imported supply,173.7,94.7,58.4,195.9,323244000,0.93,442800000,96.2,40.9,7.3,9.6,0.051,285398,39.8,108.0,101.8,791.7,2.7,0.0,51.3,0.923,103.5,26,NORMAL,8
105.54,2022-01-01,PKG-BOARD-300 · Domestic,PKG-BOARD-300,Folding boxboard 300gsm,Packaging board,Domestic,Qazvin Manufacturing Site,Qazvin,Qazvin Finished Goods,Board line,Mixed domestic/imported supply,202.5,88.2,59.2,149.2,339800400,0.93,465480000,93.5,29.0,3.7,5.3,0.051,285398,39.8,108.0,101.8,791.7,2.7,0.0,51.3,0.923,103.5,26,NORMAL,8
87.15,2022-01-01,PKG-BOARD-350 · Export,PKG-BOARD-350,Folding boxboard 350gsm,Packaging board,Export,Qazvin Manufacturing Site,Qazvin,Qazvin Finished Goods,Board line,Mixed domestic/imported supply,106.9,60.4,48.8,113.5,356356800,0.96,488160000,97.5,23.1,3.5,3.7,0.032,285398,39.8,108.0,101.8,791.7,2.7,0.0,51.3,0.923,103.5,26,NORMAL,8
153.55,2022-01-01,OFF-UWF-080 · Domestic,OFF-UWF-080,Uncoated woodfree 80gsm,Writing paper,Domestic,Qazvin Manufacturing Site,Qazvin,Qazvin Finished Goods,Paper line B,Mixed domestic/imported supply,198.4,111.7,51.5,204.2,372913200,0.93,510840000,95.6,42.2,5.4,7.0,0.06,285398,39.8,108.0,101.8,791.7,2.7,0.0,51.3,0.923,103.5,26,NORMAL,8
92.61,2022-01-01,OFF-UWF-070 · Public sector,OFF-UWF-070,Uncoated woodfree 70gsm,Writing paper,Public sector,Qazvin Manufacturing Site,Qazvin,Qazvin Finished Goods,Paper line B,Mixed domestic/imported supply,185.1,59.2,45.1,131.9,389469600,0.93,533520000,98.1,26.0,3.4,6.3,0.051,285398,39.8,108.0,101.8,791.7,2.7,0.0,51.3,0.923,103.5,26,NORMAL,8
94.59,2022-01-01,COA-ART-135 · Domestic,COA-ART-135,Coated art paper 135gsm,Commercial print,Domestic,Qazvin Manufacturing Site,Qazvin,Qazvin Finished Goods,Coating line,Mixed domestic/imported supply,133.0,64.1,49.0,122.8,406026000,0.93,556200000,103.1,28.0,4.4,10.0,0.022,285398,39.8,108.0,101.8,791.7,2.7,0.0,51.3,0.923,103.5,26,NORMAL,8
73.75,2022-01-01,COA-ART-170 · Domestic,COA-ART-170,Coated art paper 170gsm,Commercial print,Domestic,Qazvin Manufacturing Site,Qazvin,Qazvin Finished Goods,Coating line,Mixed domestic/imported supply,127.9,56.2,53.2,100.1,422582400,0.93,578880000,97.4,20.3,2.7,4.7,0.014,285398,39.8,108.0,101.8,791.7,2.7,0.0,51.3,0.923,103.5,26,NORMAL,8
67.11,2022-01-01,LBL-STOCK-090 · FMCG,LBL-STOCK-090,Label stock 90gsm,Labels,FMCG,Qazvin Manufacturing Site,Qazvin,Qazvin Finished Goods,Coating line,Mixed domestic/imported supply,119.0,56.8,58.9,90.3,439138800,0.96,601560000,94.2,17.9,2.4,4.8,0.061,285398,39.8,108.0,101.8,791.7,2.7,0.0,51.3,0.923,103.5,26,NORMAL,8
77.74,2022-01-01,IND-CORE-250 · Domestic,IND-CORE-250,Industrial core board,Industrial,Domestic,Qazvin Manufacturing Site,Qazvin,Qazvin Finished Goods,Board line,Mixed domestic/imported supply,93.1,51.2,50.0,104.8,455695200,0.93,624240000,100.2,17.7,2.8,6.3,0.053,285398,39.8,108.0,101.8,791.7,2.7,0.0,51.3,0.923,103.5,26,NORMAL,8
92.78,2022-01-01,FOD-GRADE-110 · FMCG,FOD-GRADE-110,Food-grade paper 110gsm,Food packaging,FMCG,Qazvin Manufacturing Site,Qazvin,Qazvin Finished Goods,Paper line A,Mixed domestic/imported supply,162.8,52.7,48.9,114.9,472251600,0.96,646920000,102.3,22.4,3.6,9.2,0.048,285398,39.8,108.0,101.8,791.7,2.7,0.0,51.3,0.923,103.5,26,NORMAL,8
11.41,2022-01-01,NCR-SET-080 · Public sector,NCR-SET-080,NCR forms 80gsm,Specialty,Public sector,Qazvin Manufacturing Site,Qazvin,Qazvin Finished Goods,Specialty line,Mixed domestic/imported supply,71.2,31.9,48.0,60.4,488808000,0.93,669600000,99.4,7.3,0.9,4.7,0.047,285398,39.8,108.0,101.8,791.7,2.7,0.0,51.3,0.923,103.5,26,NORMAL,8
63.86,2022-01-01,EXP-KRAFT-140 · Export,EXP-KRAFT-140,Export kraft 140gsm,Packaging paper,Export,Qazvin Manufacturing Site,Qazvin,Qazvin Finished Goods,Paper line A,Mixed domestic/imported supply,98.2,43.4,47.8,91.6,505364400,0.96,692280000,100.2,20.4,3.2,8.3,0.046,285398,39.8,108.0,101.8,791.7,2.7,0.0,51.3,0.923,103.5,26,NORMAL,8
132.72,2022-02-01,PKG-KRAFT-120 · Domestic,PKG-KRAFT-120,Kraft liner 120gsm,Packaging paper,Domestic,Qazvin Manufacturing Site,Qazvin,Qazvin Finished Goods,Paper line A,Mixed domestic/imported supply,254.8,92.1,54.7,182.9,328930700,0.93,450590000,100.4,33.8,4.6,5.3,0.042,289819,40.6,109.9,102.1,796.8,6.7,0.0,51.8,0.92,104.0,23,NORMAL,8
106.0,2022-02-01,PKG-BOARD-300 · Domestic,PKG-BOARD-300,Folding boxboard 300gsm,Packaging board,Domestic,Qazvin Manufacturing Site,Qazvin,Qazvin Finished Goods,Board line,Mixed domestic/imported supply,206.0,64.7,57.3,144.8,345778370,0.93,473669000,97.7,28.5,5.2,6.5,0.038,289819,40.6,109.9,102.1,796.8,6.7,0.0,51.8,0.92,104.0,23,NORMAL,8
91.03,2022-02-01,PKG-BOARD-350 · Export,PKG-BOARD-350,Folding boxboard 350gsm,Packaging board,Export,Qazvin Manufacturing Site,Qazvin,Qazvin Finished Goods,Board line,Mixed domestic/imported supply,126.2,49.1,57.9,118.4,362626040,0.96,496748000,98.7,15.6,2.9,7.2,0.068,289819,40.6,109.9,102.1,796.8,6.7,0.0,51.8,0.92,104.0,23,NORMAL,8
149.01,2022-02-01,OFF-UWF-080 · Domestic,OFF-UWF-080,Uncoated woodfree 80gsm,Writing paper,Domestic,Qazvin Manufacturing Site,Qazvin,Qazvin Finished Goods,Paper line B,Mixed domestic/imported supply,287.4,122.7,61.1,202.6,379473710,0.93,519827000,96.8,49.1,8.2,7.2,0.047,289819,40.6,109.9,102.1,796.8,6.7,0.0,51.8,0.92,104.0,23,NORMAL,8
98.93,2022-02-01,OFF-UWF-070 · Public sector,OFF-UWF-070,Uncoated woodfree 70gsm,Writing paper,Public sector,Qazvin Manufacturing Site,Qazvin,Qazvin Finished Goods,Paper line B,Mixed domestic/imported supply,151.4,81.4,61.6,122.4,396321380,0.93,542906000,104.8,23.8,4.4,7.5,0.031,289819,40.6,109.9,102.1,796.8,6.7,0.0,51.8,0.92,104.0,23,NORMAL,8
89.98,2022-02-01,COA-ART-135 · Domestic,COA-ART-135,Coated art paper 135gsm,Commercial print,Domestic,Qazvin Manufacturing Site,Qazvin,Qazvin Finished Goods,Coating line,Mixed domestic/imported supply,125.8,63.3,45.8,117.6,413169050,0.93,565985000,100.9,29.4,4.4,5.6,0.052,289819,40.6,109.9,102.1,796.8,6.7,0.0,51.8,0.92,104.0,23,NORMAL,8
72.03,2022-02-01,COA-ART-170 · Domestic,COA-ART-170,Coated art paper 170gsm,Commercial print,Domestic,Qazvin Manufacturing Site,Qazvin,Qazvin Finished Goods,Coating line,Mixed domestic/imported supply,117.4,48.9,55.6,94.0,430016720,0.93,589064000,95.7,18.0,2.5,6.3,0.013,289819,40.6,109.9,102.1,796.8,6.7,0.0,51.8,0.92,104.0,23,NORMAL,8
68.22,2022-02-01,LBL-STOCK-090 · FMCG,LBL-STOCK-090,Label stock 90gsm,Labels,FMCG,Qazvin Manufacturing Site,Qazvin,Qazvin Finished Goods,Coating line,Mixed domestic/imported supply,112.2,54.5,52.1,101.5,446864390,0.96,612143000,99.1,20.7,2.8,6.0,0.038,289819,40.6,109.9,102.1,796.8,6.7,0.0,51.8,0.92,104.0,23,NORMAL,8
73.59,2022-02-01,IND-CORE-250 · Domestic,IND-CORE-250,Industrial core board,Industrial,Domestic,Qazvin Manufacturing Site,Qazvin,Qazvin Finished Goods,Board line,Mixed domestic/imported supply,91.3,52.4,53.9,112.0,463712060,0.93,635222000,92.7,21.3,2.8,3.3,0.033,289819,40.6,109.9,102.1,796.8,6.7,0.0,51.8,0.92,104.0,23,NORMAL,8
88.47,2022-02-01,FOD-GRADE-110 · FMCG,FOD-GRADE-110,Food-grade paper 110gsm,Food packaging,FMCG,Qazvin Manufacturing Site,Qazvin,Qazvin Finished Goods,Paper line A,Mixed domestic/imported supply,159.3,60.4,59.3,122.2,480559730,0.96,658301000,98.7,25.2,3.6,1.7,0.045,289819,40.6,109.9,102.1,796.8,6.7,0.0,51.8,0.92,104.0,23,NORMAL,8
33.9,2022-02-01,NCR-SET-080 · Public sector,NCR-SET-080,NCR forms 80gsm,Specialty,Public sector,Qazvin Manufacturing Site,Qazvin,Qazvin Finished Goods,Specialty line,Mixed domestic/imported supply,66.9,29.2,46.0,51.5,497407400,0.93,681380000,96.7,7.6,1.1,2.2,0.069,289819,40.6,109.9,102.1,796.8,6.7,0.0,51.8,0.92,104.0,23,NORMAL,8
69.61,2022-02-01,EXP-KRAFT-140 · Export,EXP-KRAFT-140,Export kraft 140gsm,Packaging paper,Export,Qazvin Manufacturing Site,Qazvin,Qazvin Finished Goods,Paper line A,Mixed domestic/imported supply,77.5,53.7,44.9,89.6,514255070,0.96,704459000,99.7,16.6,2.4,6.8,0.046,289819,40.6,109.9,102.1,796.8,6.7,0.0,51.8,0.92,104.0,23,NORMAL,8
91.75,2022-03-01,PKG-KRAFT-120 · Domestic,PKG-KRAFT-120,Kraft liner 120gsm,Packaging paper,Domestic,Qazvin Manufacturing Site,Qazvin,Qazvin Finished Goods,Paper line A,Mixed domestic/imported supply,160.9,109.8,53.6,194.9,334916700,0.93,458790000,88.5,23.4,4.1,11.1,0.003,293798,41.3,111.9,102.4,800.2,13.2,2.9,52.0,0.917,104.3,21,NOWRUZ_SHUTDOWN,48
74.67,2022-03-01,PKG-BOARD-300 · Domestic,PKG-BOARD-300,Folding boxboard 300gsm,Packaging board,Domestic,Qazvin Manufacturing Site,Qazvin,Qazvin Finished Goods,Board line,Mixed domestic/imported supply,175.4,84.5,49.7,158.0,352070970,0.93,482289000,90.1,25.0,4.9,7.0,0.048,293798,41.3,111.9,102.4,800.2,13.2,2.9,52.0,0.917,104.3,21,NOWRUZ_SHUTDOWN,48
56.7,2022-03-01,PKG-BOARD-350 · Export,PKG-BOARD-350,Folding boxboard 350gsm,Packaging board,Export,Qazvin Manufacturing Site,Qazvin,Qazvin Finished Goods,Board line,Mixed domestic/imported supply,156.0,53.2,46.4,113.0,369225240,0.96,505788000,90.4,14.7,2.6,6.4,0.066,293798,41.3,111.9,102.4,800.2,13.2,2.9,52.0,0.917,104.3,21,NOWRUZ_SHUTDOWN,48
106.43,2022-03-01,OFF-UWF-080 · Domestic,OFF-UWF-080,Uncoated woodfree 80gsm,Writing paper,Domestic,Qazvin Manufacturing Site,Qazvin,Qazvin Finished Goods,Paper line B,Mixed domestic/imported supply,246.5,117.4,52.1,206.6,386379510,0.93,529287000,85.2,35.5,6.8,6.1,0.04,293798,41.3,111.9,102.4,800.2,13.2,2.9,52.0,0.917,104.3,21,NOWRUZ_SHUTDOWN,48
61.77,2022-03-01,OFF-UWF-070 · Public sector,OFF-UWF-070,Uncoated woodfree 70gsm,Writing paper,Public sector,Qazvin Manufacturing Site,Qazvin,Qazvin Finished Goods,Paper line B,Mixed domestic/imported supply,137.3,78.7,57.7,124.5,403533780,0.93,552786000,85.4,23.5,4.2,7.4,0.023,293798,41.3,111.9,102.4,800.2,13.2,2.9,52.0,0.917,104.3,21,NOWRUZ_SHUTDOWN,48
59.15,2022-03-01,COA-ART-135 · Domestic,COA-ART-135,Coated art paper 135gsm,Commercial print,Domestic,Qazvin Manufacturing Site,Qazvin,Qazvin Finished Goods,Coating line,Mixed domestic/imported supply,120.0,57.8,44.5,122.2,420688050,0.93,576285000,85.5,18.7,3.1,8.1,0.009,293798,41.3,111.9,102.4,800.2,13.2,2.9,52.0,0.917,104.3,21,NOWRUZ_SHUTDOWN,48
49.11,2022-03-01,COA-ART-170 · Domestic,COA-ART-170,Coated art paper 170gsm,Commercial print,Domestic,Qazvin Manufacturing Site,Qazvin,Qazvin Finished Goods,Coating line,Mixed domestic/imported supply,121.2,54.4,60.2,108.9,437842320,0.93,599784000,87.4,19.8,3.6,5.8,0.025,293798,41.3,111.9,102.4,800.2,13.2,2.9,52.0,0.917,104.3,21,NOWRUZ_SHUTDOWN,48
42.72,2022-03-01,LBL-STOCK-090 · FMCG,LBL-STOCK-090,Label stock 90gsm,Labels,FMCG,Qazvin Manufacturing Site,Qazvin,Qazvin Finished Goods,Coating line,Mixed domestic/imported supply,97.7,47.3,56.4,92.9,454996590,0.96,623283000,88.0,11.6,1.7,5.8,0.033,293798,41.3,111.9,102.4,800.2,13.2,2.9,52.0,0.917,104.3,21,NOWRUZ_SHUTDOWN,48
46.94,2022-03-01,IND-CORE-250 · Domestic,IND-CORE-250,Industrial core board,Industrial,Domestic,Qazvin Manufacturing Site,Qazvin,Qazvin Finished Goods,Board line,Mixed domestic/imported supply,112.3,59.3,48.5,113.5,472150860,0.93,646782000,88.7,22.3,3.2,5.6,0.026,293798,41.3,111.9,102.4,800.2,13.2,2.9,52.0,0.917,104.3,21,NOWRUZ_SHUTDOWN,48
56.29,2022-03-01,FOD-GRADE-110 · FMCG,FOD-GRADE-110,Food-grade paper 110gsm,Food packaging,FMCG,Qazvin Manufacturing Site,Qazvin,Qazvin Finished Goods,Paper line A,Mixed domestic/imported supply,156.2,53.7,62.0,125.8,489305130,0.96,670281000,87.3,19.4,3.6,6.8,0.037,293798,41.3,111.9,102.4,800.2,13.2,2.9,52.0,0.917,104.3,21,NOWRUZ_SHUTDOWN,48
28.88,2022-03-01,NCR-SET-080 · Public sector,NCR-SET-080,NCR forms 80gsm,Specialty,Public sector,Qazvin Manufacturing Site,Qazvin,Qazvin Finished Goods,Specialty line,Mixed domestic/imported supply,64.7,31.9,56.0,55.9,506459400,0.93,693780000,86.1,11.3,2.0,4.6,0.04,293798,41.3,111.9,102.4,800.2,13.2,2.9,52.0,0.917,104.3,21,NOWRUZ_SHUTDOWN,48
43.86,2022-03-01,EXP-KRAFT-140 · Export,EXP-KRAFT-140,Export kraft 140gsm,Packaging paper,Export,Qazvin Manufacturing Site,Qazvin,Qazvin Finished Goods,Paper line A,Mixed domestic/imported supply,83.2,37.8,51.7,86.7,523613670,0.96,717279000,87.1,14.1,2.2,6.7,0.0,293798,41.3,111.9,102.4,800.2,13.2,2.9,52.0,0.917,104.3,21,NOWRUZ_SHUTDOWN,48
127.49,2022-04-01,PKG-KRAFT-120 · Domestic,PKG-KRAFT-120,Kraft liner 120gsm,Packaging paper,Domestic,Qazvin Manufacturing Site,Qazvin,Qazvin Finished Goods,Paper line A,Mixed domestic/imported supply,248.4,100.6,57.5,171.3,340603400,0.93,466580000,98.6,27.5,5.2,9.0,0.043,297306,42.0,113.8,102.6,801.8,20.4,13.1,52.0,0.916,104.5,23,NORMAL,8
96.73,2022-04-01,PKG-BOARD-300 · Domestic,PKG-BOARD-300,Folding boxboard 300gsm,Packaging board,Domestic,Qazvin Manufacturing Site,Qazvin,Qazvin Finished Goods,Board line,Mixed domestic/imported supply,177.0,89.5,55.1,148.6,358048940,0.93,490478000,96.3,24.9,4.3,6.4,0.027,297306,42.0,113.8,102.6,801.8,20.4,13.1,52.0,0.916,104.5,23,NORMAL,8
85.7,2022-04-01,PKG-BOARD-350 · Export,PKG-BOARD-350,Folding boxboard 350gsm,Packaging board,Export,Qazvin Manufacturing Site,Qazvin,Qazvin Finished Goods,Board line,Mixed domestic/imported supply,112.9,69.8,53.4,122.8,375494480,0.96,514376000,98.3,24.7,4.9,4.0,0.04,297306,42.0,113.8,102.6,801.8,20.4,13.1,52.0,0.916,104.5,23,NORMAL,8
138.46,2022-04-01,OFF-UWF-080 · Domestic,OFF-UWF-080,Uncoated woodfree 80gsm,Writing paper,Domestic,Qazvin Manufacturing Site,Qazvin,Qazvin Finished Goods,Paper line B,Mixed domestic/imported supply,182.3,110.4,49.9,226.6,392940020,0.93,538274000,94.3,47.0,7.9,10.2,0.045,297306,42.0,113.8,102.6,801.8,20.4,13.1,52.0,0.916,104.5,23,NORMAL,8
94.16,2022-04-01,OFF-UWF-070 · Public sector,OFF-UWF-070,Uncoated woodfree 70gsm,Writing paper,Public sector,Qazvin Manufacturing Site,Qazvin,Qazvin Finished Goods,Paper line B,Mixed domestic/imported supply,144.7,74.1,44.9,143.5,410385560,0.93,562172000,101.8,29.4,5.8,4.7,0.048,297306,42.0,113.8,102.6,801.8,20.4,13.1,52.0,0.916,104.5,23,NORMAL,8
79.37,2022-04-01,COA-ART-135 · Domestic,COA-ART-135,Coated art paper 135gsm,Commercial print,Domestic,Qazvin Manufacturing Site,Qazvin,Qazvin Finished Goods,Coating line,Mixed domestic/imported supply,165.2,56.7,55.9,128.3,427831100,0.93,586070000,97.6,27.9,4.8,7.9,0.022,297306,42.0,113.8,102.6,801.8,20.4,13.1,52.0,0.916,104.5,23,NORMAL,8
70.83,2022-04-01,COA-ART-170 · Domestic,COA-ART-170,Coated art paper 170gsm,Commercial print,Domestic,Qazvin Manufacturing Site,Qazvin,Qazvin Finished Goods,Coating line,Mixed domestic/imported supply,115.6,59.0,58.0,101.9,445276640,0.93,609968000,96.2,23.1,4.5,5.7,0.061,297306,42.0,113.8,102.6,801.8,20.4,13.1,52.0,0.916,104.5,23,NORMAL,8
63.23,2022-04-01,LBL-STOCK-090 · FMCG,LBL-STOCK-090,Label stock 90gsm,Labels,FMCG,Qazvin Manufacturing Site,Qazvin,Qazvin Finished Goods,Coating line,Mixed domestic/imported supply,126.7,57.0,61.3,91.3,462722180,0.96,633866000,97.7,19.0,3.7,7.2,0.027,297306,42.0,113.8,102.6,801.8,20.4,13.1,52.0,0.916,104.5,23,NORMAL,8
72.83,2022-04-01,IND-CORE-250 · Domestic,IND-CORE-250,Industrial core board,Industrial,Domestic,Qazvin Manufacturing Site,Qazvin,Qazvin Finished Goods,Board line,Mixed domestic/imported supply,106.6,49.9,61.6,107.9,480167720,0.93,657764000,100.7,21.3,2.9,6.5,0.088,297306,42.0,113.8,102.6,801.8,20.4,13.1,52.0,0.916,104.5,23,NORMAL,8
76.61,2022-04-01,FOD-GRADE-110 · FMCG,FOD-GRADE-110,Food-grade paper 110gsm,Food packaging,FMCG,Qazvin Manufacturing Site,Qazvin,Qazvin Finished Goods,Paper line A,Mixed domestic/imported supply,155.9,54.9,54.1,107.8,497613260,0.96,681662000,95.4,20.2,3.1,6.4,0.08,297306,42.0,113.8,102.6,801.8,20.4,13.1,52.0,0.916,104.5,23,NORMAL,8
30.56,2022-04-01,NCR-SET-080 · Public sector,NCR-SET-080,NCR forms 80gsm,Specialty,Public sector,Qazvin Manufacturing Site,Qazvin,Qazvin Finished Goods,Specialty line,Mixed domestic/imported supply,47.5,31.5,53.1,53.2,515058800,0.93,705560000,97.1,8.3,1.4,7.5,0.029,297306,42.0,113.8,102.6,801.8,20.4,13.1,52.0,0.916,104.5,23,NORMAL,8
61.44,2022-04-01,EXP-KRAFT-140 · Export,EXP-KRAFT-140,Export kraft 140gsm,Packaging paper,Export,Qazvin Manufacturing Site,Qazvin,Qazvin Finished Goods,Paper line A,Mixed domestic/imported supply,100.8,40.7,55.6,80.9,532504340,0.96,729458000,96.9,14.6,2.7,7.8,0.061,297306,42.0,113.8,102.6,801.8,20.4,13.1,52.0,0.916,104.5,23,NORMAL,8
150.97,2022-05-01,PKG-KRAFT-120 · Domestic,PKG-KRAFT-120,Kraft liner 120gsm,Packaging paper,Domestic,Qazvin Manufacturing Site,Qazvin,Qazvin Finished Goods,Paper line A,Mixed domestic/imported supply,190.1,104.5,48.3,178.6,345990800,0.93,473960000,103.4,38.2,7.0,5.7,0.024,300348,42.5,115.6,102.8,801.6,26.5,20.8,51.7,0.915,104.5,25,NORMAL,8
116.88,2022-05-01,PKG-BOARD-300 · Domestic,PKG-BOARD-300,Folding boxboard 300gsm,Packaging board,Domestic,Qazvin Manufacturing Site,Qazvin,Qazvin Finished Goods,Board line,Mixed domestic/imported supply,160.2,75.6,46.6,149.5,363712280,0.93,498236000,103.3,36.8,7.2,6.3,0.02,300348,42.5,115.6,102.8,801.6,26.5,20.8,51.7,0.915,104.5,25,NORMAL,8
89.36,2022-05-01,PKG-BOARD-350 · Export,PKG-BOARD-350,Folding boxboard 350gsm,Packaging board,Export,Qazvin Manufacturing Site,Qazvin,Qazvin Finished Goods,Board line,Mixed domestic/imported supply,111.4,49.2,57.8,123.2,381433760,0.96,522512000,103.0,16.9,3.2,8.5,0.017,300348,42.5,115.6,102.8,801.6,26.5,20.8,51.7,0.915,104.5,25,NORMAL,8
159.17,2022-05-01,OFF-UWF-080 · Domestic,OFF-UWF-080,Uncoated woodfree 80gsm,Writing paper,Domestic,Qazvin Manufacturing Site,Qazvin,Qazvin Finished Goods,Paper line B,Mixed domestic/imported supply,218.7,115.4,54.8,215.3,399155240,0.93,546788000,101.7,33.4,6.6,5.8,0.034,300348,42.5,115.6,102.8,801.6,26.5,20.8,51.7,0.915,104.5,25,NORMAL,8
96.54,2022-05-01,OFF-UWF-070 · Public sector,OFF-UWF-070,Uncoated woodfree 70gsm,Writing paper,Public sector,Qazvin Manufacturing Site,Qazvin,Qazvin Finished Goods,Paper line B,Mixed domestic/imported supply,132.4,75.7,48.9,131.5,416876720,0.93,571064000,102.0,20.3,4.0,7.9,0.05,300348,42.5,115.6,102.8,801.6,26.5,20.8,51.7,0.915,104.5,25,NORMAL,8
96.03,2022-05-01,COA-ART-135 · Domestic,COA-ART-135,Coated art paper 135gsm,Commercial print,Domestic,Qazvin Manufacturing Site,Qazvin,Qazvin Finished Goods,Coating line,Mixed domestic/imported supply,160.7,62.5,51.5,125.6,434598200,0.93,595340000,101.7,24.9,3.9,8.3,0.051,300348,42.5,115.6,102.8,801.6,26.5,20.8,51.7,0.915,104.5,25,NORMAL,8
74.39,2022-05-01,COA-ART-170 · Domestic,COA-ART-170,Coated art paper 170gsm,Commercial print,Domestic,Qazvin Manufacturing Site,Qazvin,Qazvin Finished Goods,Coating line,Mixed domestic/imported supply,95.5,60.7,50.6,103.5,452319680,0.93,619616000,100.9,20.5,3.5,7.5,0.04,300348,42.5,115.6,102.8,801.6,26.5,20.8,51.7,0.915,104.5,25,NORMAL,8
83.55,2022-05-01,LBL-STOCK-090 · FMCG,LBL-STOCK-090,Label stock 90gsm,Labels,FMCG,Qazvin Manufacturing Site,Qazvin,Qazvin Finished Goods,Coating line,Mixed domestic/imported supply,122.0,55.0,60.1,103.1,470041160,0.96,643892000,105.9,20.4,3.5,1.8,0.073,300348,42.5,115.6,102.8,801.6,26.5,20.8,51.7,0.915,104.5,25,NORMAL,8
89.36,2022-05-01,IND-CORE-250 · Domestic,IND-CORE-250,Industrial core board,Industrial,Domestic,Qazvin Manufacturing Site,Qazvin,Qazvin Finished Goods,Board line,Mixed domestic/imported supply,128.2,57.7,54.0,104.5,487762640,0.93,668168000,105.1,18.0,2.7,4.2,0.071,300348,42.5,115.6,102.8,801.6,26.5,20.8,51.7,0.915,104.5,25,NORMAL,8
98.17,2022-05-01,FOD-GRADE-110 · FMCG,FOD-GRADE-110,Food-grade paper 110gsm,Food packaging,FMCG,Qazvin Manufacturing Site,Qazvin,Qazvin Finished Goods,Paper line A,Mixed domestic/imported supply,139.2,54.4,59.6,108.4,505484120,0.96,692444000,102.2,27.1,5.4,8.4,0.061,300348,42.5,115.6,102.8,801.6,26.5,20.8,51.7,0.915,104.5,25,NORMAL,8
0.0,2022-05-01,NCR-SET-080 · Public sector,NCR-SET-080,NCR forms 80gsm,Specialty,Public sector,Qazvin Manufacturing Site,Qazvin,Qazvin Finished Goods,Specialty line,Mixed domestic/imported supply,73.2,27.5,48.8,51.5,523205600,0.93,716720000,101.9,9.7,1.5,10.2,0.061,300348,42.5,115.6,102.8,801.6,26.5,20.8,51.7,0.915,104.5,25,NORMAL,8
81.05,2022-05-01,EXP-KRAFT-140 · Export,EXP-KRAFT-140,Export kraft 140gsm,Packaging paper,Export,Qazvin Manufacturing Site,Qazvin,Qazvin Finished Goods,Paper line A,Mixed domestic/imported supply,118.9,38.4,44.8,80.9,540927080,0.96,740996000,104.1,14.8,2.2,8.3,0.02,300348,42.5,115.6,102.8,801.6,26.5,20.8,51.7,0.915,104.5,25,NORMAL,8
152.88,2022-06-01,PKG-KRAFT-120 · Domestic,PKG-KRAFT-120,Kraft liner 120gsm,Packaging paper,Domestic,Qazvin Manufacturing Site,Qazvin,Qazvin Finished Goods,Paper line A,Mixed domestic/imported supply,204.7,86.8,46.4,188.7,351378200,0.93,481340000,108.5,33.4,4.3,5.9,0.036,302969,43.0,117.4,102.8,799.5,29.7,24.0,51.2,0.915,104.2,24,NORMAL,8
125.0,2022-06-01,PKG-BOARD-300 · Domestic,PKG-BOARD-300,Folding boxboard 300gsm,Packaging board,Domestic,Qazvin Manufacturing Site,Qazvin,Qazvin Finished Goods,Board line,Mixed domestic/imported supply,177.6,67.2,46.5,138.8,369375620,0.93,505994000,101.5,22.5,4.3,5.2,0.064,302969,43.0,117.4,102.8,799.5,29.7,24.0,51.2,0.915,104.2,24,NORMAL,8
94.51,2022-06-01,PKG-BOARD-350 · Export,PKG-BOARD-350,Folding boxboard 350gsm,Packaging board,Export,Qazvin Manufacturing Site,Qazvin,Qazvin Finished Goods,Board line,Mixed domestic/imported supply,143.1,63.8,54.0,122.2,387373040,0.96,530648000,103.1,26.9,4.6,6.8,0.041,302969,43.0,117.4,102.8,799.5,29.7,24.0,51.2,0.915,104.2,24,NORMAL,8
171.23,2022-06-01,OFF-UWF-080 · Domestic,OFF-UWF-080,Uncoated woodfree 80gsm,Writing paper,Domestic,Qazvin Manufacturing Site,Qazvin,Qazvin Finished Goods,Paper line B,Mixed domestic/imported supply,186.8,105.9,57.8,203.8,405370460,0.93,555302000,104.6,31.4,4.7,10.8,0.064,302969,43.0,117.4,102.8,799.5,29.7,24.0,51.2,0.915,104.2,24,NORMAL,8
101.57,2022-06-01,OFF-UWF-070 · Public sector,OFF-UWF-070,Uncoated woodfree 70gsm,Writing paper,Public sector,Qazvin Manufacturing Site,Qazvin,Qazvin Finished Goods,Paper line B,Mixed domestic/imported supply,146.3,73.0,43.7,138.7,423367880,0.93,579956000,100.4,28.8,5.6,2.3,0.054,302969,43.0,117.4,102.8,799.5,29.7,24.0,51.2,0.915,104.2,24,NORMAL,8
98.07,2022-06-01,COA-ART-135 · Domestic,COA-ART-135,Coated art paper 135gsm,Commercial print,Domestic,Qazvin Manufacturing Site,Qazvin,Qazvin Finished Goods,Coating line,Mixed domestic/imported supply,164.4,67.7,45.1,132.0,441365300,0.93,604610000,106.1,24.8,3.2,10.9,0.039,302969,43.0,117.4,102.8,799.5,29.7,24.0,51.2,0.915,104.2,24,NORMAL,8
82.98,2022-06-01,COA-ART-170 · Domestic,COA-ART-170,Coated art paper 170gsm,Commercial print,Domestic,Qazvin Manufacturing Site,Qazvin,Qazvin Finished Goods,Coating line,Mixed domestic/imported supply,95.4,53.2,61.2,109.5,459362720,0.93,629264000,103.8,21.0,3.1,7.4,0.029,302969,43.0,117.4,102.8,799.5,29.7,24.0,51.2,0.915,104.2,24,NORMAL,8
72.09,2022-06-01,LBL-STOCK-090 · FMCG,LBL-STOCK-090,Label stock 90gsm,Labels,FMCG,Qazvin Manufacturing Site,Qazvin,Qazvin Finished Goods,Coating line,Mixed domestic/imported supply,81.5,55.4,53.6,94.7,477360140,0.96,653918000,102.4,23.1,4.3,7.4,0.036,302969,43.0,117.4,102.8,799.5,29.7,24.0,51.2,0.915,104.2,24,NORMAL,8
82.17,2022-06-01,IND-CORE-250 · Domestic,IND-CORE-250,Industrial core board,Industrial,Domestic,Qazvin Manufacturing Site,Qazvin,Qazvin Finished Goods,Board line,Mixed domestic/imported supply,106.1,47.2,48.5,112.1,495357560,0.93,678572000,102.3,20.8,3.5,8.6,0.007,302969,43.0,117.4,102.8,799.5,29.7,24.0,51.2,0.915,104.2,24,NORMAL,8
103.24,2022-06-01,FOD-GRADE-110 · FMCG,FOD-GRADE-110,Food-grade paper 110gsm,Food packaging,FMCG,Qazvin Manufacturing Site,Qazvin,Qazvin Finished Goods,Paper line A,Mixed domestic/imported supply,150.7,50.8,48.3,115.4,513354980,0.96,703226000,105.3,20.7,3.8,6.7,0.042,302969,43.0,117.4,102.8,799.5,29.7,24.0,51.2,0.915,104.2,24,NORMAL,8
42.68,2022-06-01,NCR-SET-080 · Public sector,NCR-SET-080,NCR forms 80gsm,Specialty,Public sector,Qazvin Manufacturing Site,Qazvin,Qazvin Finished Goods,Specialty line,Mixed domestic/imported supply,59.9,28.8,56.8,56.7,531352400,0.93,727880000,100.7,12.7,2.3,5.6,0.039,302969,43.0,117.4,102.8,799.5,29.7,24.0,51.2,0.915,104.2,24,NORMAL,8
79.02,2022-06-01,EXP-KRAFT-140 · Export,EXP-KRAFT-140,Export kraft 140gsm,Packaging paper,Export,Qazvin Manufacturing Site,Qazvin,Qazvin Finished Goods,Paper line A,Mixed domestic/imported supply,75.9,52.5,44.9,94.8,549349820,0.96,752534000,104.6,15.3,3.0,5.9,0.035,302969,43.0,117.4,102.8,799.5,29.7,24.0,51.2,0.915,104.2,24,NORMAL,8
114.49,2022-07-01,PKG-KRAFT-120 · Domestic,PKG-KRAFT-120,Kraft liner 120gsm,Packaging paper,Domestic,Qazvin Manufacturing Site,Qazvin,Qazvin Finished Goods,Paper line A,Mixed domestic/imported supply,162.3,88.5,50.8,189.7,356466300,0.93,488310000,97.8,32.3,6.4,17.4,0.031,305251,43.3,119.1,102.8,795.8,29.3,75.8,50.6,0.916,103.9,24,POWER_CURTAILMENT,62
102.93,2022-07-01,PKG-BOARD-300 · Domestic,PKG-BOARD-300,Folding boxboard 300gsm,Packaging board,Domestic,Qazvin Manufacturing Site,Qazvin,Qazvin Finished Goods,Board line,Mixed domestic/imported supply,198.8,93.3,48.7,149.5,374724330,0.93,513321000,98.4,20.5,2.8,14.5,0.051,305251,43.3,119.1,102.8,795.8,29.3,75.8,50.6,0.916,103.9,24,POWER_CURTAILMENT,62
74.87,2022-07-01,PKG-BOARD-350 · Export,PKG-BOARD-350,Folding boxboard 350gsm,Packaging board,Export,Qazvin Manufacturing Site,Qazvin,Qazvin Finished Goods,Board line,Mixed domestic/imported supply,144.2,65.2,54.6,119.5,392982360,0.96,538332000,98.4,24.3,4.4,15.2,0.065,305251,43.3,119.1,102.8,795.8,29.3,75.8,50.6,0.916,103.9,24,POWER_CURTAILMENT,62
128.67,2022-07-01,OFF-UWF-080 · Domestic,OFF-UWF-080,Uncoated woodfree 80gsm,Writing paper,Domestic,Qazvin Manufacturing Site,Qazvin,Qazvin Finished Goods,Paper line B,Mixed domestic/imported supply,198.4,121.6,45.6,228.6,411240390,0.93,563343000,98.4,37.7,6.1,14.1,0.035,305251,43.3,119.1,102.8,795.8,29.3,75.8,50.6,0.916,103.9,24,POWER_CURTAILMENT,62
81.27,2022-07-01,OFF-UWF-070 · Public sector,OFF-UWF-070,Uncoated woodfree 70gsm,Writing paper,Public sector,Qazvin Manufacturing Site,Qazvin,Qazvin Finished Goods,Paper line B,Mixed domestic/imported supply,152.1,78.5,51.1,138.0,429498420,0.93,588354000,101.0,20.1,3.8,19.0,0.026,305251,43.3,119.1,102.8,795.8,29.3,75.8,50.6,0.916,103.9,24,POWER_CURTAILMENT,62
76.55,2022-07-01,COA-ART-135 · Domestic,COA-ART-135,Coated art paper 135gsm,Commercial print,Domestic,Qazvin Manufacturing Site,Qazvin,Qazvin Finished Goods,Coating line,Mixed domestic/imported supply,131.6,54.4,52.7,116.2,447756450,0.93,613365000,100.4,19.1,3.5,16.2,0.035,305251,43.3,119.1,102.8,795.8,29.3,75.8,50.6,0.916,103.9,24,POWER_CURTAILMENT,62
63.08,2022-07-01,COA-ART-170 · Domestic,COA-ART-170,Coated art paper 170gsm,Commercial print,Domestic,Qazvin Manufacturing Site,Qazvin,Qazvin Finished Goods,Coating line,Mixed domestic/imported supply,112.5,47.4,58.5,106.7,466014480,0.93,638376000,101.1,19.7,3.6,15.3,0.055,305251,43.3,119.1,102.8,795.8,29.3,75.8,50.6,0.916,103.9,24,POWER_CURTAILMENT,62
64.61,2022-07-01,LBL-STOCK-090 · FMCG,LBL-STOCK-090,Label stock 90gsm,Labels,FMCG,Qazvin Manufacturing Site,Qazvin,Qazvin Finished Goods,Coating line,Mixed domestic/imported supply,92.1,51.6,47.9,93.8,484272510,0.96,663387000,99.6,17.0,3.0,14.8,0.055,305251,43.3,119.1,102.8,795.8,29.3,75.8,50.6,0.916,103.9,24,POWER_CURTAILMENT,62
70.98,2022-07-01,IND-CORE-250 · Domestic,IND-CORE-250,Industrial core board,Industrial,Domestic,Qazvin Manufacturing Site,Qazvin,Qazvin Finished Goods,Board line,Mixed domestic/imported supply,127.8,52.9,43.9,112.9,502530540,0.93,688398000,98.0,14.5,2.3,15.1,0.054,305251,43.3,119.1,102.8,795.8,29.3,75.8,50.6,0.916,103.9,24,POWER_CURTAILMENT,62
74.46,2022-07-01,FOD-GRADE-110 · FMCG,FOD-GRADE-110,Food-grade paper 110gsm,Food packaging,FMCG,Qazvin Manufacturing Site,Qazvin,Qazvin Finished Goods,Paper line A,Mixed domestic/imported supply,145.8,68.0,56.1,123.8,520788570,0.96,713409000,99.4,19.2,2.8,16.8,0.028,305251,43.3,119.1,102.8,795.8,29.3,75.8,50.6,0.916,103.9,24,POWER_CURTAILMENT,62
27.98,2022-07-01,NCR-SET-080 · Public sector,NCR-SET-080,NCR forms 80gsm,Specialty,Public sector,Qazvin Manufacturing Site,Qazvin,Qazvin Finished Goods,Specialty line,Mixed domestic/imported supply,64.3,28.4,52.3,60.9,539046600,0.93,738420000,100.0,10.3,1.9,15.4,0.045,305251,43.3,119.1,102.8,795.8,29.3,75.8,50.6,0.916,103.9,24,POWER_CURTAILMENT,62
61.02,2022-07-01,EXP-KRAFT-140 · Export,EXP-KRAFT-140,Export kraft 140gsm,Packaging paper,Export,Qazvin Manufacturing Site,Qazvin,Qazvin Finished Goods,Paper line A,Mixed domestic/imported supply,83.9,51.3,49.0,85.6,557304630,0.96,763431000,104.6,16.3,3.2,15.7,0.045,305251,43.3,119.1,102.8,795.8,29.3,75.8,50.6,0.916,103.9,24,POWER_CURTAILMENT,62
124.91,2022-08-01,PKG-KRAFT-120 · Domestic,PKG-KRAFT-120,Kraft liner 120gsm,Packaging paper,Domestic,Qazvin Manufacturing Site,Qazvin,Qazvin Finished Goods,Paper line A,Mixed domestic/imported supply,179.3,101.2,49.3,168.6,361255100,0.93,494870000,97.7,38.4,7.0,4.5,0.052,307304,43.5,120.7,102.7,790.7,25.3,14.9,49.8,0.918,103.4,25,NORMAL,8
104.99,2022-08-01,PKG-BOARD-300 · Domestic,PKG-BOARD-300,Folding boxboard 300gsm,Packaging board,Domestic,Qazvin Manufacturing Site,Qazvin,Qazvin Finished Goods,Board line,Mixed domestic/imported supply,205.4,94.4,45.5,157.7,379758410,0.93,520217000,98.8,23.8,3.3,6.0,0.068,307304,43.5,120.7,102.7,790.7,25.3,14.9,49.8,0.918,103.4,25,NORMAL,8
82.56,2022-08-01,PKG-BOARD-350 · Export,PKG-BOARD-350,Folding boxboard 350gsm,Packaging board,Export,Qazvin Manufacturing Site,Qazvin,Qazvin Finished Goods,Board line,Mixed domestic/imported supply,99.2,55.9,42.7,106.1,398261720,0.96,545564000,95.1,14.7,2.1,5.5,0.057,307304,43.5,120.7,102.7,790.7,25.3,14.9,49.8,0.918,103.4,25,NORMAL,8
145.28,2022-08-01,OFF-UWF-080 · Domestic,OFF-UWF-080,Uncoated woodfree 80gsm,Writing paper,Domestic,Qazvin Manufacturing Site,Qazvin,Qazvin Finished Goods,Paper line B,Mixed domestic/imported supply,294.3,109.4,45.4,229.1,416765030,0.93,570911000,102.0,41.7,7.9,2.5,0.03,307304,43.5,120.7,102.7,790.7,25.3,14.9,49.8,0.918,103.4,25,NORMAL,8
91.78,2022-08-01,OFF-UWF-070 · Public sector,OFF-UWF-070,Uncoated woodfree 70gsm,Writing paper,Public sector,Qazvin Manufacturing Site,Qazvin,Qazvin Finished Goods,Paper line B,Mixed domestic/imported supply,181.3,78.5,49.4,135.9,435268340,0.93,596258000,97.5,22.4,3.9,4.5,0.03,307304,43.5,120.7,102.7,790.7,25.3,14.9,49.8,0.918,103.4,25,NORMAL,8
85.47,2022-08-01,COA-ART-135 · Domestic,COA-ART-135,Coated art paper 135gsm,Commercial print,Domestic,Qazvin Manufacturing Site,Qazvin,Qazvin Finished Goods,Coating line,Mixed domestic/imported supply,161.6,63.6,47.3,126.0,453771650,0.93,621605000,101.9,23.4,3.7,5.5,0.072,307304,43.5,120.7,102.7,790.7,25.3,14.9,49.8,0.918,103.4,25,NORMAL,8
64.17,2022-08-01,COA-ART-170 · Domestic,COA-ART-170,Coated art paper 170gsm,Commercial print,Domestic,Qazvin Manufacturing Site,Qazvin,Qazvin Finished Goods,Coating line,Mixed domestic/imported supply,112.9,56.9,55.2,108.7,472274960,0.93,646952000,93.1,20.9,3.7,8.1,0.094,307304,43.5,120.7,102.7,790.7,25.3,14.9,49.8,0.918,103.4,25,NORMAL,8
61.75,2022-08-01,LBL-STOCK-090 · FMCG,LBL-STOCK-090,Label stock 90gsm,Labels,FMCG,Qazvin Manufacturing Site,Qazvin,Qazvin Finished Goods,Coating line,Mixed domestic/imported supply,80.6,49.3,58.4,98.3,490778270,0.96,672299000,95.8,18.5,3.6,7.3,0.059,307304,43.5,120.7,102.7,790.7,25.3,14.9,49.8,0.918,103.4,25,NORMAL,8
69.77,2022-08-01,IND-CORE-250 · Domestic,IND-CORE-250,Industrial core board,Industrial,Domestic,Qazvin Manufacturing Site,Qazvin,Qazvin Finished Goods,Board line,Mixed domestic/imported supply,141.3,48.0,46.5,104.0,509281580,0.93,697646000,97.1,21.8,3.0,3.5,0.028,307304,43.5,120.7,102.7,790.7,25.3,14.9,49.8,0.918,103.4,25,NORMAL,8
81.39,2022-08-01,FOD-GRADE-110 · FMCG,FOD-GRADE-110,Food-grade paper 110gsm,Food packaging,FMCG,Qazvin Manufacturing Site,Qazvin,Qazvin Finished Goods,Paper line A,Mixed domestic/imported supply,160.5,65.8,43.9,107.7,527784890,0.96,722993000,95.3,19.5,3.7,7.7,0.053,307304,43.5,120.7,102.7,790.7,25.3,14.9,49.8,0.918,103.4,25,NORMAL,8
36.35,2022-08-01,NCR-SET-080 · Public sector,NCR-SET-080,NCR forms 80gsm,Specialty,Public sector,Qazvin Manufacturing Site,Qazvin,Qazvin Finished Goods,Specialty line,Mixed domestic/imported supply,74.5,25.5,46.9,51.7,546288200,0.93,748340000,99.4,11.5,2.2,5.4,0.041,307304,43.5,120.7,102.7,790.7,25.3,14.9,49.8,0.918,103.4,25,NORMAL,8
64.6,2022-08-01,EXP-KRAFT-140 · Export,EXP-KRAFT-140,Export kraft 140gsm,Packaging paper,Export,Qazvin Manufacturing Site,Qazvin,Qazvin Finished Goods,Paper line A,Mixed domestic/imported supply,93.6,50.6,43.2,95.3,564791510,0.96,773687000,98.4,18.4,3.2,7.3,0.02,307304,43.5,120.7,102.7,790.7,25.3,14.9,49.8,0.918,103.4,25,NORMAL,8
173.54,2022-09-01,PKG-KRAFT-120 · Domestic,PKG-KRAFT-120,Kraft liner 120gsm,Packaging paper,Domestic,Qazvin Manufacturing Site,Qazvin,Qazvin Finished Goods,Paper line A,Mixed domestic/imported supply,199.9,104.5,44.7,186.3,366043900,0.93,501430000,108.6,30.5,4.0,4.5,0.052,309263,43.6,122.3,102.5,784.5,18.8,5.1,48.9,0.921,102.9,22,NORMAL,8
134.83,2022-09-01,PKG-BOARD-300 · Domestic,PKG-BOARD-300,Folding boxboard 300gsm,Packaging board,Domestic,Qazvin Manufacturing Site,Qazvin,Qazvin Finished Goods,Board line,Mixed domestic/imported supply,129.6,82.6,51.6,163.9,384792490,0.93,527113000,103.1,21.6,2.7,7.5,0.037,309263,43.6,122.3,102.5,784.5,18.8,5.1,48.9,0.921,102.9,22,NORMAL,8
121.73,2022-09-01,PKG-BOARD-350 · Export,PKG-BOARD-350,Folding boxboard 350gsm,Packaging board,Export,Qazvin Manufacturing Site,Qazvin,Qazvin Finished Goods,Board line,Mixed domestic/imported supply,103.8,68.8,45.7,113.2,403541080,0.96,552796000,109.1,26.5,3.5,6.2,0.038,309263,43.6,122.3,102.5,784.5,18.8,5.1,48.9,0.921,102.9,22,NORMAL,8
180.44,2022-09-01,OFF-UWF-080 · Domestic,OFF-UWF-080,Uncoated woodfree 80gsm,Writing paper,Domestic,Qazvin Manufacturing Site,Qazvin,Qazvin Finished Goods,Paper line B,Mixed domestic/imported supply,181.1,111.1,55.9,225.4,422289670,0.93,578479000,104.6,39.1,5.1,8.8,0.009,309263,43.6,122.3,102.5,784.5,18.8,5.1,48.9,0.921,102.9,22,NORMAL,8
128.78,2022-09-01,OFF-UWF-070 · Public sector,OFF-UWF-070,Uncoated woodfree 70gsm,Writing paper,Public sector,Qazvin Manufacturing Site,Qazvin,Qazvin Finished Goods,Paper line B,Mixed domestic/imported supply,157.1,57.5,43.0,146.1,441038260,0.93,604162000,111.3,23.7,4.1,2.4,0.034,309263,43.6,122.3,102.5,784.5,18.8,5.1,48.9,0.921,102.9,22,NORMAL,8
112.72,2022-09-01,COA-ART-135 · Domestic,COA-ART-135,Coated art paper 135gsm,Commercial print,Domestic,Qazvin Manufacturing Site,Qazvin,Qazvin Finished Goods,Coating line,Mixed domestic/imported supply,104.5,73.3,49.3,117.5,459786850,0.93,629845000,110.6,19.5,2.5,5.9,0.069,309263,43.6,122.3,102.5,784.5,18.8,5.1,48.9,0.921,102.9,22,NORMAL,8
94.82,2022-09-01,COA-ART-170 · Domestic,COA-ART-170,Coated art paper 170gsm,Commercial print,Domestic,Qazvin Manufacturing Site,Qazvin,Qazvin Finished Goods,Coating line,Mixed domestic/imported supply,136.5,49.2,57.7,109.7,478535440,0.93,655528000,105.4,22.3,2.8,1.4,0.041,309263,43.6,122.3,102.5,784.5,18.8,5.1,48.9,0.921,102.9,22,NORMAL,8
92.2,2022-09-01,LBL-STOCK-090 · FMCG,LBL-STOCK-090,Label stock 90gsm,Labels,FMCG,Qazvin Manufacturing Site,Qazvin,Qazvin Finished Goods,Coating line,Mixed domestic/imported supply,118.0,51.0,49.5,102.2,497284030,0.96,681211000,106.6,23.6,3.1,7.1,0.035,309263,43.6,122.3,102.5,784.5,18.8,5.1,48.9,0.921,102.9,22,NORMAL,8
102.86,2022-09-01,IND-CORE-250 · Domestic,IND-CORE-250,Industrial core board,Industrial,Domestic,Qazvin Manufacturing Site,Qazvin,Qazvin Finished Goods,Board line,Mixed domestic/imported supply,140.6,46.4,50.1,108.3,516032620,0.93,706894000,105.6,15.4,2.1,5.7,0.056,309263,43.6,122.3,102.5,784.5,18.8,5.1,48.9,0.921,102.9,22,NORMAL,8
109.23,2022-09-01,FOD-GRADE-110 · FMCG,FOD-GRADE-110,Food-grade paper 110gsm,Food packaging,FMCG,Qazvin Manufacturing Site,Qazvin,Qazvin Finished Goods,Paper line A,Mixed domestic/imported supply,122.2,56.4,42.4,120.8,534781210,0.96,732577000,101.9,19.4,2.5,4.9,0.045,309263,43.6,122.3,102.5,784.5,18.8,5.1,48.9,0.921,102.9,22,NORMAL,8
8.98,2022-09-01,NCR-SET-080 · Public sector,NCR-SET-080,NCR forms 80gsm,Specialty,Public sector,Qazvin Manufacturing Site,Qazvin,Qazvin Finished Goods,Specialty line,Mixed domestic/imported supply,64.0,25.6,45.8,59.3,553529800,0.93,758260000,105.5,9.5,1.4,5.3,0.032,309263,43.6,122.3,102.5,784.5,18.8,5.1,48.9,0.921,102.9,22,NORMAL,8
90.99,2022-09-01,EXP-KRAFT-140 · Export,EXP-KRAFT-140,Export kraft 140gsm,Packaging paper,Export,Qazvin Manufacturing Site,Qazvin,Qazvin Finished Goods,Paper line A,Mixed domestic/imported supply,97.5,49.3,52.0,94.0,572278390,0.96,783943000,106.7,21.9,2.7,5.0,0.036,309263,43.6,122.3,102.5,784.5,18.8,5.1,48.9,0.921,102.9,22,NORMAL,8
172.36,2022-10-01,PKG-KRAFT-120 · Domestic,PKG-KRAFT-120,Kraft liner 120gsm,Packaging paper,Domestic,Qazvin Manufacturing Site,Qazvin,Qazvin Finished Goods,Paper line A,Mixed domestic/imported supply,198.0,80.7,41.6,169.6,370832700,0.93,507990000,102.0,26.4,4.3,6.6,0.032,348633,48.6,123.9,102.3,777.5,11.6,0.0,47.9,0.924,102.4,26,FX_PRESSURE,51
144.49,2022-10-01,PKG-BOARD-300 · Domestic,PKG-BOARD-300,Folding boxboard 300gsm,Packaging board,Domestic,Qazvin Manufacturing Site,Qazvin,Qazvin Finished Goods,Board line,Mixed domestic/imported supply,167.0,64.2,44.2,152.9,389826570,0.93,534009000,102.7,34.9,4.0,5.8,0.063,348633,48.6,123.9,102.3,777.5,11.6,0.0,47.9,0.924,102.4,26,FX_PRESSURE,51
123.16,2022-10-01,PKG-BOARD-350 · Export,PKG-BOARD-350,Folding boxboard 350gsm,Packaging board,Export,Qazvin Manufacturing Site,Qazvin,Qazvin Finished Goods,Board line,Mixed domestic/imported supply,107.3,52.3,56.0,112.8,408820440,0.96,560028000,107.9,22.6,2.8,1.9,0.037,348633,48.6,123.9,102.3,777.5,11.6,0.0,47.9,0.924,102.4,26,FX_PRESSURE,51
187.39,2022-10-01,OFF-UWF-080 · Domestic,OFF-UWF-080,Uncoated woodfree 80gsm,Writing paper,Domestic,Qazvin Manufacturing Site,Qazvin,Qazvin Finished Goods,Paper line B,Mixed domestic/imported supply,275.4,95.4,43.4,193.5,427814310,0.93,586047000,97.3,41.1,6.2,3.9,0.049,348633,48.6,123.9,102.3,777.5,11.6,0.0,47.9,0.924,102.4,26,FX_PRESSURE,51
122.32,2022-10-01,OFF-UWF-070 · Public sector,OFF-UWF-070,Uncoated woodfree 70gsm,Writing paper,Public sector,Qazvin Manufacturing Site,Qazvin,Qazvin Finished Goods,Paper line B,Mixed domestic/imported supply,149.4,62.9,55.1,130.4,446808180,0.93,612066000,100.7,27.3,3.1,7.9,0.041,348633,48.6,123.9,102.3,777.5,11.6,0.0,47.9,0.924,102.4,26,FX_PRESSURE,51
118.26,2022-10-01,COA-ART-135 · Domestic,COA-ART-135,Coated art paper 135gsm,Commercial print,Domestic,Qazvin Manufacturing Site,Qazvin,Qazvin Finished Goods,Coating line,Mixed domestic/imported supply,169.7,58.8,51.3,123.3,465802050,0.93,638085000,101.3,24.9,4.1,3.9,0.035,348633,48.6,123.9,102.3,777.5,11.6,0.0,47.9,0.924,102.4,26,FX_PRESSURE,51
96.59,2022-10-01,COA-ART-170 · Domestic,COA-ART-170,Coated art paper 170gsm,Commercial print,Domestic,Qazvin Manufacturing Site,Qazvin,Qazvin Finished Goods,Coating line,Mixed domestic/imported supply,131.3,45.1,44.1,99.2,484795920,0.93,664104000,104.8,17.3,2.6,5.5,0.056,348633,48.6,123.9,102.3,777.5,11.6,0.0,47.9,0.924,102.4,26,FX_PRESSURE,51
85.23,2022-10-01,LBL-STOCK-090 · FMCG,LBL-STOCK-090,Label stock 90gsm,Labels,FMCG,Qazvin Manufacturing Site,Qazvin,Qazvin Finished Goods,Coating line,Mixed domestic/imported supply,110.2,55.9,54.6,88.2,503789790,0.96,690123000,99.2,13.5,2.0,4.9,0.013,348633,48.6,123.9,102.3,777.5,11.6,0.0,47.9,0.924,102.4,26,FX_PRESSURE,51
103.69,2022-10-01,IND-CORE-250 · Domestic,IND-CORE-250,Industrial core board,Industrial,Domestic,Qazvin Manufacturing Site,Qazvin,Qazvin Finished Goods,Board line,Mixed domestic/imported supply,105.8,61.7,55.2,109.8,522783660,0.93,716142000,102.6,17.3,2.4,10.7,0.06,348633,48.6,123.9,102.3,777.5,11.6,0.0,47.9,0.924,102.4,26,FX_PRESSURE,51
112.51,2022-10-01,FOD-GRADE-110 · FMCG,FOD-GRADE-110,Food-grade paper 110gsm,Food packaging,FMCG,Qazvin Manufacturing Site,Qazvin,Qazvin Finished Goods,Paper line A,Mixed domestic/imported supply,127.4,66.1,43.1,124.1,541777530,0.96,742161000,101.7,23.9,4.4,6.8,0.029,348633,48.6,123.9,102.3,777.5,11.6,0.0,47.9,0.924,102.4,26,FX_PRESSURE,51
44.69,2022-10-01,NCR-SET-080 · Public sector,NCR-SET-080,NCR forms 80gsm,Specialty,Public sector,Qazvin Manufacturing Site,Qazvin,Qazvin Finished Goods,Specialty line,Mixed domestic/imported supply,58.3,29.8,45.8,52.9,560771400,0.93,768180000,98.2,9.6,1.7,4.7,0.03,348633,48.6,123.9,102.3,777.5,11.6,0.0,47.9,0.924,102.4,26,FX_PRESSURE,51
99.69,2022-10-01,EXP-KRAFT-140 · Export,EXP-KRAFT-140,Export kraft 140gsm,Packaging paper,Export,Qazvin Manufacturing Site,Qazvin,Qazvin Finished Goods,Paper line A,Mixed domestic/imported supply,86.3,44.0,49.3,84.0,579765270,0.96,794199000,108.1,16.9,2.9,1.0,0.045,348633,48.6,123.9,102.3,777.5,11.6,0.0,47.9,0.924,102.4,26,FX_PRESSURE,51
173.79,2022-11-01,PKG-KRAFT-120 · Domestic,PKG-KRAFT-120,Kraft liner 120gsm,Packaging paper,Domestic,Qazvin Manufacturing Site,Qazvin,Qazvin Finished Goods,Paper line A,Mixed domestic/imported supply,171.7,107.0,42.9,193.9,375322200,0.93,514140000,106.7,34.2,4.9,3.2,0.001,313505,43.4,125.4,102.0,770.2,5.5,0.0,46.9,0.928,101.9,26,NORMAL,8
140.13,2022-11-01,PKG-BOARD-300 · Domestic,PKG-BOARD-300,Folding boxboard 300gsm,Packaging board,Domestic,Qazvin Manufacturing Site,Qazvin,Qazvin Finished Goods,Board line,Mixed domestic/imported supply,177.9,84.9,51.5,149.8,394546020,0.93,540474000,103.8,35.7,4.8,7.8,0.009,313505,43.4,125.4,102.0,770.2,5.5,0.0,46.9,0.928,101.9,26,NORMAL,8
112.79,2022-11-01,PKG-BOARD-350 · Export,PKG-BOARD-350,Folding boxboard 350gsm,Packaging board,Export,Qazvin Manufacturing Site,Qazvin,Qazvin Finished Goods,Board line,Mixed domestic/imported supply,141.8,69.4,54.3,114.8,413769840,0.96,566808000,103.9,15.8,1.7,4.1,0.066,313505,43.4,125.4,102.0,770.2,5.5,0.0,46.9,0.928,101.9,26,NORMAL,8
174.58,2022-11-01,OFF-UWF-080 · Domestic,OFF-UWF-080,Uncoated woodfree 80gsm,Writing paper,Domestic,Qazvin Manufacturing Site,Qazvin,Qazvin Finished Goods,Paper line B,Mixed domestic/imported supply,260.1,101.2,50.7,204.8,432993660,0.93,593142000,99.6,50.5,8.6,9.4,0.017,313505,43.4,125.4,102.0,770.2,5.5,0.0,46.9,0.928,101.9,26,NORMAL,8
126.78,2022-11-01,OFF-UWF-070 · Public sector,OFF-UWF-070,Uncoated woodfree 70gsm,Writing paper,Public sector,Qazvin Manufacturing Site,Qazvin,Qazvin Finished Goods,Paper line B,Mixed domestic/imported supply,149.4,68.2,48.6,134.1,452217480,0.93,619476000,107.3,29.9,4.8,6.4,0.024,313505,43.4,125.4,102.0,770.2,5.5,0.0,46.9,0.928,101.9,26,NORMAL,8
110.85,2022-11-01,COA-ART-135 · Domestic,COA-ART-135,Coated art paper 135gsm,Commercial print,Domestic,Qazvin Manufacturing Site,Qazvin,Qazvin Finished Goods,Coating line,Mixed domestic/imported supply,118.8,53.9,55.8,117.1,471441300,0.93,645810000,107.2,18.2,2.2,6.0,0.027,313505,43.4,125.4,102.0,770.2,5.5,0.0,46.9,0.928,101.9,26,NORMAL,8
90.54,2022-11-01,COA-ART-170 · Domestic,COA-ART-170,Coated art paper 170gsm,Commercial print,Domestic,Qazvin Manufacturing Site,Qazvin,Qazvin Finished Goods,Coating line,Mixed domestic/imported supply,90.9,57.2,46.7,105.3,490665120,0.93,672144000,106.6,24.9,3.1,7.2,0.034,313505,43.4,125.4,102.0,770.2,5.5,0.0,46.9,0.928,101.9,26,NORMAL,8
85.83,2022-11-01,LBL-STOCK-090 · FMCG,LBL-STOCK-090,Label stock 90gsm,Labels,FMCG,Qazvin Manufacturing Site,Qazvin,Qazvin Finished Goods,Coating line,Mixed domestic/imported supply,112.9,47.6,51.9,89.2,509888940,0.96,698478000,102.6,20.2,2.2,5.8,0.059,313505,43.4,125.4,102.0,770.2,5.5,0.0,46.9,0.928,101.9,26,NORMAL,8
107.2,2022-11-01,IND-CORE-250 · Domestic,IND-CORE-250,Industrial core board,Industrial,Domestic,Qazvin Manufacturing Site,Qazvin,Qazvin Finished Goods,Board line,Mixed domestic/imported supply,124.6,46.5,54.9,100.6,529112760,0.93,724812000,106.8,20.9,2.9,5.8,0.065,313505,43.4,125.4,102.0,770.2,5.5,0.0,46.9,0.928,101.9,26,NORMAL,8
116.3,2022-11-01,FOD-GRADE-110 · FMCG,FOD-GRADE-110,Food-grade paper 110gsm,Food packaging,FMCG,Qazvin Manufacturing Site,Qazvin,Qazvin Finished Goods,Paper line A,Mixed domestic/imported supply,107.3,65.8,51.4,128.0,548336580,0.96,751146000,107.5,22.3,3.3,5.8,0.051,313505,43.4,125.4,102.0,770.2,5.5,0.0,46.9,0.928,101.9,26,NORMAL,8
42.69,2022-11-01,NCR-SET-080 · Public sector,NCR-SET-080,NCR forms 80gsm,Specialty,Public sector,Qazvin Manufacturing Site,Qazvin,Qazvin Finished Goods,Specialty line,Mixed domestic/imported supply,62.9,26.3,49.2,56.3,567560400,0.93,777480000,105.2,8.5,1.5,3.9,0.071,313505,43.4,125.4,102.0,770.2,5.5,0.0,46.9,0.928,101.9,26,NORMAL,8
92.75,2022-11-01,EXP-KRAFT-140 · Export,EXP-KRAFT-140,Export kraft 140gsm,Packaging paper,Export,Qazvin Manufacturing Site,Qazvin,Qazvin Finished Goods,Paper line A,Mixed domestic/imported supply,81.9,51.6,45.9,90.8,586784220,0.96,803814000,107.5,18.2,2.1,9.4,0.05,313505,43.4,125.4,102.0,770.2,5.5,0.0,46.9,0.928,101.9,26,NORMAL,8
158.15,2022-12-01,PKG-KRAFT-120 · Domestic,PKG-KRAFT-120,Kraft liner 120gsm,Packaging paper,Domestic,Qazvin Manufacturing Site,Qazvin,Qazvin Finished Goods,Paper line A,Mixed domestic/imported supply,183.8,89.0,42.4,175.4,379811700,0.93,520290000,100.7,34.4,3.8,8.2,0.029,316085,43.1,126.9,101.7,763.0,2.3,0.0,46.0,0.932,101.4,25,NORMAL,8
125.79,2022-12-01,PKG-BOARD-300 · Domestic,PKG-BOARD-300,Folding boxboard 300gsm,Packaging board,Domestic,Qazvin Manufacturing Site,Qazvin,Qazvin Finished Goods,Board line,Mixed domestic/imported supply,156.3,91.2,42.8,143.3,399265470,0.93,546939000,100.2,21.3,3.0,3.3,0.053,316085,43.1,126.9,101.7,763.0,2.3,0.0,46.0,0.932,101.4,25,NORMAL,8
105.93,2022-12-01,PKG-BOARD-350 · Export,PKG-BOARD-350,Folding boxboard 350gsm,Packaging board,Export,Qazvin Manufacturing Site,Qazvin,Qazvin Finished Goods,Board line,Mixed domestic/imported supply,150.8,66.7,51.5,111.8,418719240,0.96,573588000,105.4,22.1,2.4,8.0,0.022,316085,43.1,126.9,101.7,763.0,2.3,0.0,46.0,0.932,101.4,25,NORMAL,8
175.04,2022-12-01,OFF-UWF-080 · Domestic,OFF-UWF-080,Uncoated woodfree 80gsm,Writing paper,Domestic,Qazvin Manufacturing Site,Qazvin,Qazvin Finished Goods,Paper line B,Mixed domestic/imported supply,223.4,133.3,45.8,217.4,438173010,0.93,600237000,102.5,39.6,4.6,3.3,0.033,316085,43.1,126.9,101.7,763.0,2.3,0.0,46.0,0.932,101.4,25,NORMAL,8
111.09,2022-12-01,OFF-UWF-070 · Public sector,OFF-UWF-070,Uncoated woodfree 70gsm,Writing paper,Public sector,Qazvin Manufacturing Site,Qazvin,Qazvin Finished Goods,Paper line B,Mixed domestic/imported supply,135.0,67.0,47.4,143.1,457626780,0.93,626886000,100.9,23.0,3.1,5.4,0.03,316085,43.1,126.9,101.7,763.0,2.3,0.0,46.0,0.932,101.4,25,NORMAL,8
104.03,2022-12-01,COA-ART-135 · Domestic,COA-ART-135,Coated art paper 135gsm,Commercial print,Domestic,Qazvin Manufacturing Site,Qazvin,Qazvin Finished Goods,Coating line,Mixed domestic/imported supply,125.9,60.3,51.2,125.2,477080550,0.93,653535000,102.8,21.9,3.1,5.2,0.057,316085,43.1,126.9,101.7,763.0,2.3,0.0,46.0,0.932,101.4,25,NORMAL,8
79.84,2022-12-01,COA-ART-170 · Domestic,COA-ART-170,Coated art paper 170gsm,Commercial print,Domestic,Qazvin Manufacturing Site,Qazvin,Qazvin Finished Goods,Coating line,Mixed domestic/imported supply,86.3,47.3,39.5,105.2,496534320,0.93,680184000,103.1,18.4,1.9,10.6,0.067,316085,43.1,126.9,101.7,763.0,2.3,0.0,46.0,0.932,101.4,25,NORMAL,8
89.06,2022-12-01,LBL-STOCK-090 · FMCG,LBL-STOCK-090,Label stock 90gsm,Labels,FMCG,Qazvin Manufacturing Site,Qazvin,Qazvin Finished Goods,Coating line,Mixed domestic/imported supply,89.1,50.7,42.8,87.4,515988090,0.96,706833000,103.5,20.4,2.7,3.8,0.023,316085,43.1,126.9,101.7,763.0,2.3,0.0,46.0,0.932,101.4,25,NORMAL,8
91.48,2022-12-01,IND-CORE-250 · Domestic,IND-CORE-250,Industrial core board,Industrial,Domestic,Qazvin Manufacturing Site,Qazvin,Qazvin Finished Goods,Board line,Mixed domestic/imported supply,93.0,47.4,48.8,105.0,535441860,0.93,733482000,103.6,18.8,3.0,7.2,0.043,316085,43.1,126.9,101.7,763.0,2.3,0.0,46.0,0.932,101.4,25,NORMAL,8
97.86,2022-12-01,FOD-GRADE-110 · FMCG,FOD-GRADE-110,Food-grade paper 110gsm,Food packaging,FMCG,Qazvin Manufacturing Site,Qazvin,Qazvin Finished Goods,Paper line A,Mixed domestic/imported supply,127.6,73.7,53.3,117.2,554895630,0.96,760131000,102.5,20.2,2.7,8.4,0.047,316085,43.1,126.9,101.7,763.0,2.3,0.0,46.0,0.932,101.4,25,NORMAL,8
41.78,2022-12-01,NCR-SET-080 · Public sector,NCR-SET-080,NCR forms 80gsm,Specialty,Public sector,Qazvin Manufacturing Site,Qazvin,Qazvin Finished Goods,Specialty line,Mixed domestic/imported supply,53.6,33.6,53.5,50.8,574349400,0.93,786780000,102.6,7.8,1.0,4.9,0.058,316085,43.1,126.9,101.7,763.0,2.3,0.0,46.0,0.932,101.4,25,NORMAL,8
87.71,2022-12-01,EXP-KRAFT-140 · Export,EXP-KRAFT-140,Export kraft 140gsm,Packaging paper,Export,Qazvin Manufacturing Site,Qazvin,Qazvin Finished Goods,Paper line A,Mixed domestic/imported supply,114.8,55.6,40.7,83.7,593803170,0.96,813429000,104.9,21.5,2.6,8.3,0.0,316085,43.1,126.9,101.7,763.0,2.3,0.0,46.0,0.932,101.4,25,NORMAL,8
133.64,2023-01-01,PKG-KRAFT-120 · Domestic,PKG-KRAFT-120,Kraft liner 120gsm,Packaging paper,Domestic,Qazvin Manufacturing Site,Qazvin,Qazvin Finished Goods,Paper line A,Mixed domestic/imported supply,217.3,81.4,41.4,174.6,384600500,0.93,526850000,94.7,29.5,3.4,7.3,0.063,319148,42.7,128.5,101.3,756.2,2.7,0.0,45.2,0.937,101.1,27,NORMAL,8
111.97,2023-01-01,PKG-BOARD-300 · Domestic,PKG-BOARD-300,Folding boxboard 300gsm,Packaging board,Domestic,Qazvin Manufacturing Site,Qazvin,Qazvin Finished Goods,Board line,Mixed domestic/imported supply,160.9,77.4,46.0,160.9,404299550,0.93,553835000,95.6,21.6,3.2,5.8,0.041,319148,42.7,128.5,101.3,756.2,2.7,0.0,45.2,0.937,101.1,27,NORMAL,8
90.04,2023-01-01,PKG-BOARD-350 · Export,PKG-BOARD-350,Folding boxboard 350gsm,Packaging board,Export,Qazvin Manufacturing Site,Qazvin,Qazvin Finished Goods,Board line,Mixed domestic/imported supply,130.4,70.1,47.3,121.9,423998600,0.96,580820000,94.3,24.2,2.8,4.9,0.04,319148,42.7,128.5,101.3,756.2,2.7,0.0,45.2,0.937,101.1,27,NORMAL,8
155.28,2023-01-01,OFF-UWF-080 · Domestic,OFF-UWF-080,Uncoated woodfree 80gsm,Writing paper,Domestic,Qazvin Manufacturing Site,Qazvin,Qazvin Finished Goods,Paper line B,Mixed domestic/imported supply,216.3,132.1,44.1,222.9,443697650,0.93,607805000,99.6,45.1,5.6,8.1,0.03,319148,42.7,128.5,101.3,756.2,2.7,0.0,45.2,0.937,101.1,27,NORMAL,8
95.49,2023-01-01,OFF-UWF-070 · Public sector,OFF-UWF-070,Uncoated woodfree 70gsm,Writing paper,Public sector,Qazvin Manufacturing Site,Qazvin,Qazvin Finished Goods,Paper line B,Mixed domestic/imported supply,160.2,68.6,44.6,143.9,463396700,0.93,634790000,93.1,26.6,2.5,8.5,0.033,319148,42.7,128.5,101.3,756.2,2.7,0.0,45.2,0.937,101.1,27,NORMAL,8
92.3,2023-01-01,COA-ART-135 · Domestic,COA-ART-135,Coated art paper 135gsm,Commercial print,Domestic,Qazvin Manufacturing Site,Qazvin,Qazvin Finished Goods,Coating line,Mixed domestic/imported supply,159.6,60.1,41.9,123.2,483095750,0.93,661775000,97.8,19.9,2.1,3.8,0.026,319148,42.7,128.5,101.3,756.2,2.7,0.0,45.2,0.937,101.1,27,NORMAL,8
77.43,2023-01-01,COA-ART-170 · Domestic,COA-ART-170,Coated art paper 170gsm,Commercial print,Domestic,Qazvin Manufacturing Site,Qazvin,Qazvin Finished Goods,Coating line,Mixed domestic/imported supply,95.3,58.9,52.8,97.2,502794800,0.93,688760000,99.1,18.8,2.2,4.8,0.06,319148,42.7,128.5,101.3,756.2,2.7,0.0,45.2,0.937,101.1,27,NORMAL,8
71.08,2023-01-01,LBL-STOCK-090 · FMCG,LBL-STOCK-090,Label stock 90gsm,Labels,FMCG,Qazvin Manufacturing Site,Qazvin,Qazvin Finished Goods,Coating line,Mixed domestic/imported supply,81.6,47.1,44.8,89.0,522493850,0.96,715745000,97.9,19.6,2.6,11.0,0.044,319148,42.7,128.5,101.3,756.2,2.7,0.0,45.2,0.937,101.1,27,NORMAL,8
83.48,2023-01-01,IND-CORE-250 · Domestic,IND-CORE-250,Industrial core board,Industrial,Domestic,Qazvin Manufacturing Site,Qazvin,Qazvin Finished Goods,Board line,Mixed domestic/imported supply,134.6,64.7,53.5,110.1,542192900,0.93,742730000,98.7,14.2,1.7,1.8,0.069,319148,42.7,128.5,101.3,756.2,2.7,0.0,45.2,0.937,101.1,27,NORMAL,8
93.66,2023-01-01,FOD-GRADE-110 · FMCG,FOD-GRADE-110,Food-grade paper 110gsm,Food packaging,FMCG,Qazvin Manufacturing Site,Qazvin,Qazvin Finished Goods,Paper line A,Mixed domestic/imported supply,148.9,57.6,43.5,125.5,561891950,0.96,769715000,98.9,15.9,2.2,10.4,0.081,319148,42.7,128.5,101.3,756.2,2.7,0.0,45.2,0.937,101.1,27,NORMAL,8
0.0,2023-01-01,NCR-SET-080 · Public sector,NCR-SET-080,NCR forms 80gsm,Specialty,Public sector,Qazvin Manufacturing Site,Qazvin,Qazvin Finished Goods,Specialty line,Mixed domestic/imported supply,61.9,24.1,49.6,60.7,581591000,0.93,796700000,97.5,10.7,1.3,4.5,0.062,319148,42.7,128.5,101.3,756.2,2.7,0.0,45.2,0.937,101.1,27,NORMAL,8
71.13,2023-01-01,EXP-KRAFT-140 · Export,EXP-KRAFT-140,Export kraft 140gsm,Packaging paper,Export,Qazvin Manufacturing Site,Qazvin,Qazvin Finished Goods,Paper line A,Mixed domestic/imported supply,79.6,51.2,46.8,82.9,601290050,0.96,823685000,96.0,14.9,1.9,5.3,0.06,319148,42.7,128.5,101.3,756.2,2.7,0.0,45.2,0.937,101.1,27,NORMAL,8
129.1,2023-02-01,PKG-KRAFT-120 · Domestic,PKG-KRAFT-120,Kraft liner 120gsm,Packaging paper,Domestic,Qazvin Manufacturing Site,Qazvin,Qazvin Finished Goods,Paper line A,Mixed domestic/imported supply,186.7,95.0,49.8,173.7,389389300,0.93,533410000,97.5,27.2,3.3,2.8,0.054,322793,42.2,130.1,101.0,750.4,6.7,0.0,44.6,0.942,101.0,21,NORMAL,8
117.88,2023-02-01,PKG-BOARD-300 · Domestic,PKG-BOARD-300,Folding boxboard 300gsm,Packaging board,Domestic,Qazvin Manufacturing Site,Qazvin,Qazvin Finished Goods,Board line,Mixed domestic/imported supply,150.3,85.6,52.6,149.3,409333630,0.93,560731000,99.3,34.1,3.6,6.2,0.041,322793,42.2,130.1,101.0,750.4,6.7,0.0,44.6,0.942,101.0,21,NORMAL,8
93.78,2023-02-01,PKG-BOARD-350 · Export,PKG-BOARD-350,Folding boxboard 350gsm,Packaging board,Export,Qazvin Manufacturing Site,Qazvin,Qazvin Finished Goods,Board line,Mixed domestic/imported supply,119.1,61.5,53.2,104.3,429277960,0.96,588052000,96.3,24.8,3.2,5.8,0.047,322793,42.2,130.1,101.0,750.4,6.7,0.0,44.6,0.942,101.0,21,NORMAL,8
143.51,2023-02-01,OFF-UWF-080 · Domestic,OFF-UWF-080,Uncoated woodfree 80gsm,Writing paper,Domestic,Qazvin Manufacturing Site,Qazvin,Qazvin Finished Goods,Paper line B,Mixed domestic/imported supply,243.4,108.3,52.3,212.1,449222290,0.93,615373000,98.1,39.1,3.5,6.5,0.015,322793,42.2,130.1,101.0,750.4,6.7,0.0,44.6,0.942,101.0,21,NORMAL,8
90.91,2023-02-01,OFF-UWF-070 · Public sector,OFF-UWF-070,Uncoated woodfree 70gsm,Writing paper,Public sector,Qazvin Manufacturing Site,Qazvin,Qazvin Finished Goods,Paper line B,Mixed domestic/imported supply,177.5,69.6,50.5,145.0,469166620,0.93,642694000,94.9,22.8,2.5,6.3,0.058,322793,42.2,130.1,101.0,750.4,6.7,0.0,44.6,0.942,101.0,21,NORMAL,8
85.68,2023-02-01,COA-ART-135 · Domestic,COA-ART-135,Coated art paper 135gsm,Commercial print,Domestic,Qazvin Manufacturing Site,Qazvin,Qazvin Finished Goods,Coating line,Mixed domestic/imported supply,143.3,72.8,38.9,133.9,489110950,0.93,670015000,91.5,21.0,2.6,7.4,0.008,322793,42.2,130.1,101.0,750.4,6.7,0.0,44.6,0.942,101.0,21,NORMAL,8
67.75,2023-02-01,COA-ART-170 · Domestic,COA-ART-170,Coated art paper 170gsm,Commercial print,Domestic,Qazvin Manufacturing Site,Qazvin,Qazvin Finished Goods,Coating line,Mixed domestic/imported supply,124.2,57.7,50.1,98.5,509055280,0.93,697336000,98.3,21.9,2.6,9.6,0.047,322793,42.2,130.1,101.0,750.4,6.7,0.0,44.6,0.942,101.0,21,NORMAL,8
70.31,2023-02-01,LBL-STOCK-090 · FMCG,LBL-STOCK-090,Label stock 90gsm,Labels,FMCG,Qazvin Manufacturing Site,Qazvin,Qazvin Finished Goods,Coating line,Mixed domestic/imported supply,80.7,53.2,45.2,99.2,528999610,0.96,724657000,96.1,20.0,2.6,8.6,0.051,322793,42.2,130.1,101.0,750.4,6.7,0.0,44.6,0.942,101.0,21,NORMAL,8
74.95,2023-02-01,IND-CORE-250 · Domestic,IND-CORE-250,Industrial core board,Industrial,Domestic,Qazvin Manufacturing Site,Qazvin,Qazvin Finished Goods,Board line,Mixed domestic/imported supply,132.6,66.1,48.5,105.8,548943940,0.93,751978000,95.2,13.7,1.3,5.5,0.052,322793,42.2,130.1,101.0,750.4,6.7,0.0,44.6,0.942,101.0,21,NORMAL,8
89.33,2023-02-01,FOD-GRADE-110 · FMCG,FOD-GRADE-110,Food-grade paper 110gsm,Food packaging,FMCG,Qazvin Manufacturing Site,Qazvin,Qazvin Finished Goods,Paper line A,Mixed domestic/imported supply,109.7,56.1,46.7,118.2,568888270,0.96,779299000,95.2,24.3,2.8,5.4,0.059,322793,42.2,130.1,101.0,750.4,6.7,0.0,44.6,0.942,101.0,21,NORMAL,8
41.32,2023-02-01,NCR-SET-080 · Public sector,NCR-SET-080,NCR forms 80gsm,Specialty,Public sector,Qazvin Manufacturing Site,Qazvin,Qazvin Finished Goods,Specialty line,Mixed domestic/imported supply,53.3,35.0,53.5,56.8,588832600,0.93,806620000,99.5,7.8,1.0,6.2,0.037,322793,42.2,130.1,101.0,750.4,6.7,0.0,44.6,0.942,101.0,21,NORMAL,8
70.57,2023-02-01,EXP-KRAFT-140 · Export,EXP-KRAFT-140,Export kraft 140gsm,Packaging paper,Export,Qazvin Manufacturing Site,Qazvin,Qazvin Finished Goods,Paper line A,Mixed domestic/imported supply,109.4,55.7,44.9,88.9,608776930,0.96,833941000,97.8,17.5,2.2,4.5,0.016,322793,42.2,130.1,101.0,750.4,6.7,0.0,44.6,0.942,101.0,21,NORMAL,8
93.81,2023-03-01,PKG-KRAFT-120 · Domestic,PKG-KRAFT-120,Kraft liner 120gsm,Packaging paper,Domestic,Qazvin Manufacturing Site,Qazvin,Qazvin Finished Goods,Paper line A,Mixed domestic/imported supply,247.9,95.4,51.5,189.1,394178100,0.93,539970000,87.5,27.6,3.3,3.6,0.056,327083,41.6,131.7,100.6,745.7,13.2,2.9,44.2,0.946,101.1,21,NOWRUZ_SHUTDOWN,50
77.89,2023-03-01,PKG-BOARD-300 · Domestic,PKG-BOARD-300,Folding boxboard 300gsm,Packaging board,Domestic,Qazvin Manufacturing Site,Qazvin,Qazvin Finished Goods,Board line,Mixed domestic/imported supply,164.0,90.3,46.3,149.7,414367710,0.93,567627000,87.2,19.0,2.1,6.4,0.038,327083,41.6,131.7,100.6,745.7,13.2,2.9,44.2,0.946,101.1,21,NOWRUZ_SHUTDOWN,50
62.6,2023-03-01,PKG-BOARD-350 · Export,PKG-BOARD-350,Folding boxboard 350gsm,Packaging board,Export,Qazvin Manufacturing Site,Qazvin,Qazvin Finished Goods,Board line,Mixed domestic/imported supply,154.4,68.3,38.9,110.9,434557320,0.96,595284000,87.8,18.1,1.8,3.6,0.018,327083,41.6,131.7,100.6,745.7,13.2,2.9,44.2,0.946,101.1,21,NOWRUZ_SHUTDOWN,50
97.15,2023-03-01,OFF-UWF-080 · Domestic,OFF-UWF-080,Uncoated woodfree 80gsm,Writing paper,Domestic,Qazvin Manufacturing Site,Qazvin,Qazvin Finished Goods,Paper line B,Mixed domestic/imported supply,199.2,120.8,44.3,225.9,454746930,0.93,622941000,85.5,39.3,4.7,12.1,0.026,327083,41.6,131.7,100.6,745.7,13.2,2.9,44.2,0.946,101.1,21,NOWRUZ_SHUTDOWN,50
58.67,2023-03-01,OFF-UWF-070 · Public sector,OFF-UWF-070,Uncoated woodfree 70gsm,Writing paper,Public sector,Qazvin Manufacturing Site,Qazvin,Qazvin Finished Goods,Paper line B,Mixed domestic/imported supply,119.3,57.0,49.6,138.7,474936540,0.93,650598000,84.2,23.5,2.6,8.4,0.077,327083,41.6,131.7,100.6,745.7,13.2,2.9,44.2,0.946,101.1,21,NOWRUZ_SHUTDOWN,50
64.82,2023-03-01,COA-ART-135 · Domestic,COA-ART-135,Coated art paper 135gsm,Commercial print,Domestic,Qazvin Manufacturing Site,Qazvin,Qazvin Finished Goods,Coating line,Mixed domestic/imported supply,154.1,64.1,44.8,125.3,495126150,0.93,678255000,88.9,15.1,1.6,3.0,0.004,327083,41.6,131.7,100.6,745.7,13.2,2.9,44.2,0.946,101.1,21,NOWRUZ_SHUTDOWN,50
41.68,2023-03-01,COA-ART-170 · Domestic,COA-ART-170,Coated art paper 170gsm,Commercial print,Domestic,Qazvin Manufacturing Site,Qazvin,Qazvin Finished Goods,Coating line,Mixed domestic/imported supply,94.2,60.1,37.8,105.7,515315760,0.93,705912000,87.8,21.0,2.4,5.0,0.008,327083,41.6,131.7,100.6,745.7,13.2,2.9,44.2,0.946,101.1,21,NOWRUZ_SHUTDOWN,50
49.27,2023-03-01,LBL-STOCK-090 · FMCG,LBL-STOCK-090,Label stock 90gsm,Labels,FMCG,Qazvin Manufacturing Site,Qazvin,Qazvin Finished Goods,Coating line,Mixed domestic/imported supply,130.7,54.2,45.2,101.4,535505370,0.96,733569000,85.5,18.7,2.3,3.5,0.066,327083,41.6,131.7,100.6,745.7,13.2,2.9,44.2,0.946,101.1,21,NOWRUZ_SHUTDOWN,50
54.5,2023-03-01,IND-CORE-250 · Domestic,IND-CORE-250,Industrial core board,Industrial,Domestic,Qazvin Manufacturing Site,Qazvin,Qazvin Finished Goods,Board line,Mixed domestic/imported supply,115.2,54.6,51.2,111.2,555694980,0.93,761226000,86.7,16.8,1.9,8.4,0.053,327083,41.6,131.7,100.6,745.7,13.2,2.9,44.2,0.946,101.1,21,NOWRUZ_SHUTDOWN,50
55.74,2023-03-01,FOD-GRADE-110 · FMCG,FOD-GRADE-110,Food-grade paper 110gsm,Food packaging,FMCG,Qazvin Manufacturing Site,Qazvin,Qazvin Finished Goods,Paper line A,Mixed domestic/imported supply,128.5,52.9,46.4,114.5,575884590,0.96,788883000,86.5,15.0,1.9,6.0,0.032,327083,41.6,131.7,100.6,745.7,13.2,2.9,44.2,0.946,101.1,21,NOWRUZ_SHUTDOWN,50
28.66,2023-03-01,NCR-SET-080 · Public sector,NCR-SET-080,NCR forms 80gsm,Specialty,Public sector,Qazvin Manufacturing Site,Qazvin,Qazvin Finished Goods,Specialty line,Mixed domestic/imported supply,55.0,30.1,44.3,59.8,596074200,0.93,816540000,83.0,8.5,0.8,8.5,0.004,327083,41.6,131.7,100.6,745.7,13.2,2.9,44.2,0.946,101.1,21,NOWRUZ_SHUTDOWN,50
49.3,2023-03-01,EXP-KRAFT-140 · Export,EXP-KRAFT-140,Export kraft 140gsm,Packaging paper,Export,Qazvin Manufacturing Site,Qazvin,Qazvin Finished Goods,Paper line A,Mixed domestic/imported supply,77.3,54.5,47.2,90.7,616263810,0.96,844197000,87.0,10.5,1.1,7.1,0.056,327083,41.6,131.7,100.6,745.7,13.2,2.9,44.2,0.946,101.1,21,NOWRUZ_SHUTDOWN,50
123.74,2023-04-01,PKG-KRAFT-120 · Domestic,PKG-KRAFT-120,Kraft liner 120gsm,Packaging paper,Domestic,Qazvin Manufacturing Site,Qazvin,Qazvin Finished Goods,Paper line A,Mixed domestic/imported supply,235.1,97.5,45.0,188.7,399565500,0.93,547350000,95.3,28.6,2.3,7.0,0.056,332040,41.0,133.5,100.3,742.6,20.4,13.1,44.0,0.951,101.3,21,NORMAL,8
109.99,2023-04-01,PKG-BOARD-300 · Domestic,PKG-BOARD-300,Folding boxboard 300gsm,Packaging board,Domestic,Qazvin Manufacturing Site,Qazvin,Qazvin Finished Goods,Board line,Mixed domestic/imported supply,154.1,90.7,39.2,161.2,420031050,0.93,575385000,98.7,27.3,2.3,4.4,0.041,332040,41.0,133.5,100.3,742.6,20.4,13.1,44.0,0.951,101.3,21,NORMAL,8
85.61,2023-04-01,PKG-BOARD-350 · Export,PKG-BOARD-350,Folding boxboard 350gsm,Packaging board,Export,Qazvin Manufacturing Site,Qazvin,Qazvin Finished Goods,Board line,Mixed domestic/imported supply,131.1,71.9,51.2,105.2,440496600,0.96,603420000,97.5,24.2,2.2,3.8,0.054,332040,41.0,133.5,100.3,742.6,20.4,13.1,44.0,0.951,101.3,21,NORMAL,8
137.12,2023-04-01,OFF-UWF-080 · Domestic,OFF-UWF-080,Uncoated woodfree 80gsm,Writing paper,Domestic,Qazvin Manufacturing Site,Qazvin,Qazvin Finished Goods,Paper line B,Mixed domestic/imported supply,211.8,125.4,37.4,212.5,460962150,0.93,631455000,96.1,44.9,3.7,8.9,0.033,332040,41.0,133.5,100.3,742.6,20.4,13.1,44.0,0.951,101.3,21,NORMAL,8
92.29,2023-04-01,OFF-UWF-070 · Public sector,OFF-UWF-070,Uncoated woodfree 70gsm,Writing paper,Public sector,Qazvin Manufacturing Site,Qazvin,Qazvin Finished Goods,Paper line B,Mixed domestic/imported supply,149.7,73.3,42.4,122.5,481427700,0.93,659490000,99.0,30.0,2.3,2.9,0.075,332040,41.0,133.5,100.3,742.6,20.4,13.1,44.0,0.951,101.3,21,NORMAL,8
77.7,2023-04-01,COA-ART-135 · Domestic,COA-ART-135,Coated art paper 135gsm,Commercial print,Domestic,Qazvin Manufacturing Site,Qazvin,Qazvin Finished Goods,Coating line,Mixed domestic/imported supply,126.9,61.2,44.8,117.2,501893250,0.93,687525000,90.9,24.9,1.9,9.4,0.034,332040,41.0,133.5,100.3,742.6,20.4,13.1,44.0,0.951,101.3,21,NORMAL,8
63.75,2023-04-01,COA-ART-170 · Domestic,COA-ART-170,Coated art paper 170gsm,Commercial print,Domestic,Qazvin Manufacturing Site,Qazvin,Qazvin Finished Goods,Coating line,Mixed domestic/imported supply,126.1,63.2,45.0,101.9,522358800,0.93,715560000,99.0,15.2,1.7,6.1,0.035,332040,41.0,133.5,100.3,742.6,20.4,13.1,44.0,0.951,101.3,21,NORMAL,8
75.13,2023-04-01,LBL-STOCK-090 · FMCG,LBL-STOCK-090,Label stock 90gsm,Labels,FMCG,Qazvin Manufacturing Site,Qazvin,Qazvin Finished Goods,Coating line,Mixed domestic/imported supply,123.8,42.1,37.8,95.3,542824350,0.96,743595000,99.5,13.3,1.1,8.3,0.067,332040,41.0,133.5,100.3,742.6,20.4,13.1,44.0,0.951,101.3,21,NORMAL,8
71.44,2023-04-01,IND-CORE-250 · Domestic,IND-CORE-250,Industrial core board,Industrial,Domestic,Qazvin Manufacturing Site,Qazvin,Qazvin Finished Goods,Board line,Mixed domestic/imported supply,115.9,60.6,45.4,111.2,563289900,0.93,771630000,95.3,21.6,2.0,7.3,0.05,332040,41.0,133.5,100.3,742.6,20.4,13.1,44.0,0.951,101.3,21,NORMAL,8
85.23,2023-04-01,FOD-GRADE-110 · FMCG,FOD-GRADE-110,Food-grade paper 110gsm,Food packaging,FMCG,Qazvin Manufacturing Site,Qazvin,Qazvin Finished Goods,Paper line A,Mixed domestic/imported supply,129.8,55.7,49.3,114.1,583755450,0.96,799665000,96.2,25.4,2.5,6.4,0.035,332040,41.0,133.5,100.3,742.6,20.4,13.1,44.0,0.951,101.3,21,NORMAL,8
40.15,2023-04-01,NCR-SET-080 · Public sector,NCR-SET-080,NCR forms 80gsm,Specialty,Public sector,Qazvin Manufacturing Site,Qazvin,Qazvin Finished Goods,Specialty line,Mixed domestic/imported supply,75.3,33.2,42.0,56.8,604221000,0.93,827700000,100.6,12.3,1.4,7.0,0.052,332040,41.0,133.5,100.3,742.6,20.4,13.1,44.0,0.951,101.3,21,NORMAL,8
69.19,2023-04-01,EXP-KRAFT-140 · Export,EXP-KRAFT-140,Export kraft 140gsm,Packaging paper,Export,Qazvin Manufacturing Site,Qazvin,Qazvin Finished Goods,Paper line A,Mixed domestic/imported supply,106.7,51.3,43.3,95.9,624686550,0.96,855735000,94.9,13.3,1.3,6.5,0.024,332040,41.0,133.5,100.3,742.6,20.4,13.1,44.0,0.951,101.3,21,NORMAL,8
148.09,2023-05-01,PKG-KRAFT-120 · Domestic,PKG-KRAFT-120,Kraft liner 120gsm,Packaging paper,Domestic,Qazvin Manufacturing Site,Qazvin,Qazvin Finished Goods,Paper line A,Mixed domestic/imported supply,214.3,104.1,43.4,196.6,404952900,0.93,554730000,101.8,33.1,3.0,6.0,0.038,337641,40.2,135.3,99.9,741.2,26.5,20.8,44.1,0.955,101.8,26,NORMAL,8
116.22,2023-05-01,PKG-BOARD-300 · Domestic,PKG-BOARD-300,Folding boxboard 300gsm,Packaging board,Domestic,Qazvin Manufacturing Site,Qazvin,Qazvin Finished Goods,Board line,Mixed domestic/imported supply,169.5,71.8,43.6,151.4,425694390,0.93,583143000,100.2,25.4,2.6,6.9,0.022,337641,40.2,135.3,99.9,741.2,26.5,20.8,44.1,0.955,101.8,26,NORMAL,8
102.29,2023-05-01,PKG-BOARD-350 · Export,PKG-BOARD-350,Folding boxboard 350gsm,Packaging board,Export,Qazvin Manufacturing Site,Qazvin,Qazvin Finished Goods,Board line,Mixed domestic/imported supply,141.5,66.6,41.4,111.8,446435880,0.96,611556000,100.3,15.6,1.1,7.2,0.036,337641,40.2,135.3,99.9,741.2,26.5,20.8,44.1,0.955,101.8,26,NORMAL,8
159.86,2023-05-01,OFF-UWF-080 · Domestic,OFF-UWF-080,Uncoated woodfree 80gsm,Writing paper,Domestic,Qazvin Manufacturing Site,Qazvin,Qazvin Finished Goods,Paper line B,Mixed domestic/imported supply,270.7,123.9,52.1,227.3,467177370,0.93,639969000,101.3,38.5,2.8,5.0,0.039,337641,40.2,135.3,99.9,741.2,26.5,20.8,44.1,0.955,101.8,26,NORMAL,8
105.75,2023-05-01,OFF-UWF-070 · Public sector,OFF-UWF-070,Uncoated woodfree 70gsm,Writing paper,Public sector,Qazvin Manufacturing Site,Qazvin,Qazvin Finished Goods,Paper line B,Mixed domestic/imported supply,165.6,65.0,43.3,129.8,487918860,0.93,668382000,103.8,29.4,2.6,3.9,0.067,337641,40.2,135.3,99.9,741.2,26.5,20.8,44.1,0.955,101.8,26,NORMAL,8
96.83,2023-05-01,COA-ART-135 · Domestic,COA-ART-135,Coated art paper 135gsm,Commercial print,Domestic,Qazvin Manufacturing Site,Qazvin,Qazvin Finished Goods,Coating line,Mixed domestic/imported supply,123.2,67.1,42.2,132.8,508660350,0.93,696795000,99.0,22.7,2.3,6.4,0.026,337641,40.2,135.3,99.9,741.2,26.5,20.8,44.1,0.955,101.8,26,NORMAL,8
81.12,2023-05-01,COA-ART-170 · Domestic,COA-ART-170,Coated art paper 170gsm,Commercial print,Domestic,Qazvin Manufacturing Site,Qazvin,Qazvin Finished Goods,Coating line,Mixed domestic/imported supply,96.7,44.9,48.6,96.6,529401840,0.93,725208000,101.6,23.8,1.7,4.5,0.04,337641,40.2,135.3,99.9,741.2,26.5,20.8,44.1,0.955,101.8,26,NORMAL,8
80.47,2023-05-01,LBL-STOCK-090 · FMCG,LBL-STOCK-090,Label stock 90gsm,Labels,FMCG,Qazvin Manufacturing Site,Qazvin,Qazvin Finished Goods,Coating line,Mixed domestic/imported supply,104.5,49.3,50.9,98.0,550143330,0.96,753621000,99.3,20.6,2.0,6.5,0.044,337641,40.2,135.3,99.9,741.2,26.5,20.8,44.1,0.955,101.8,26,NORMAL,8
90.4,2023-05-01,IND-CORE-250 · Domestic,IND-CORE-250,Industrial core board,Industrial,Domestic,Qazvin Manufacturing Site,Qazvin,Qazvin Finished Goods,Board line,Mixed domestic/imported supply,122.6,56.8,47.3,101.7,570884820,0.93,782034000,100.8,17.7,1.9,4.7,0.051,337641,40.2,135.3,99.9,741.2,26.5,20.8,44.1,0.955,101.8,26,NORMAL,8
95.91,2023-05-01,FOD-GRADE-110 · FMCG,FOD-GRADE-110,Food-grade paper 110gsm,Food packaging,FMCG,Qazvin Manufacturing Site,Qazvin,Qazvin Finished Goods,Paper line A,Mixed domestic/imported supply,154.1,71.6,45.1,113.6,591626310,0.96,810447000,99.3,17.2,1.6,4.1,0.047,337641,40.2,135.3,99.9,741.2,26.5,20.8,44.1,0.955,101.8,26,NORMAL,8
5.89,2023-05-01,NCR-SET-080 · Public sector,NCR-SET-080,NCR forms 80gsm,Specialty,Public sector,Qazvin Manufacturing Site,Qazvin,Qazvin Finished Goods,Specialty line,Mixed domestic/imported supply,59.1,27.9,44.1,58.8,612367800,0.93,838860000,100.4,9.9,0.8,3.8,0.022,337641,40.2,135.3,99.9,741.2,26.5,20.8,44.1,0.955,101.8,26,NORMAL,8
73.2,2023-05-01,EXP-KRAFT-140 · Export,EXP-KRAFT-140,Export kraft 140gsm,Packaging paper,Export,Qazvin Manufacturing Site,Qazvin,Qazvin Finished Goods,Paper line A,Mixed domestic/imported supply,112.1,44.1,49.3,83.5,633109290,0.96,867273000,99.0,15.3,1.2,10.7,0.081,337641,40.2,135.3,99.9,741.2,26.5,20.8,44.1,0.955,101.8,26,NORMAL,8
152.74,2023-06-01,PKG-KRAFT-120 · Domestic,PKG-KRAFT-120,Kraft liner 120gsm,Packaging paper,Domestic,Qazvin Manufacturing Site,Qazvin,Qazvin Finished Goods,Paper line A,Mixed domestic/imported supply,236.7,87.0,49.3,177.7,410639600,0.93,562520000,100.2,38.5,2.8,7.0,0.045,343818,39.4,137.2,99.7,741.6,29.7,24.0,44.3,0.958,102.4,22,NORMAL,8
126.02,2023-06-01,PKG-BOARD-300 · Domestic,PKG-BOARD-300,Folding boxboard 300gsm,Packaging board,Domestic,Qazvin Manufacturing Site,Qazvin,Qazvin Finished Goods,Board line,Mixed domestic/imported supply,184.8,73.4,52.8,137.4,431672360,0.93,591332000,100.9,21.1,1.5,5.0,0.029,343818,39.4,137.2,99.7,741.6,29.7,24.0,44.3,0.958,102.4,22,NORMAL,8
107.76,2023-06-01,PKG-BOARD-350 · Export,PKG-BOARD-350,Folding boxboard 350gsm,Packaging board,Export,Qazvin Manufacturing Site,Qazvin,Qazvin Finished Goods,Board line,Mixed domestic/imported supply,117.2,57.2,41.5,106.2,452705120,0.96,620144000,104.2,22.6,1.8,5.5,0.047,343818,39.4,137.2,99.7,741.6,29.7,24.0,44.3,0.958,102.4,22,NORMAL,8
161.21,2023-06-01,OFF-UWF-080 · Domestic,OFF-UWF-080,Uncoated woodfree 80gsm,Writing paper,Domestic,Qazvin Manufacturing Site,Qazvin,Qazvin Finished Goods,Paper line B,Mixed domestic/imported supply,282.4,116.2,40.7,217.8,473737880,0.93,648956000,101.2,51.3,3.4,8.2,0.025,343818,39.4,137.2,99.7,741.6,29.7,24.0,44.3,0.958,102.4,22,NORMAL,8
103.4,2023-06-01,OFF-UWF-070 · Public sector,OFF-UWF-070,Uncoated woodfree 70gsm,Writing paper,Public sector,Qazvin Manufacturing Site,Qazvin,Qazvin Finished Goods,Paper line B,Mixed domestic/imported supply,183.4,83.0,49.1,125.0,494770640,0.93,677768000,104.9,20.5,1.8,6.2,0.027,343818,39.4,137.2,99.7,741.6,29.7,24.0,44.3,0.958,102.4,22,NORMAL,8
99.54,2023-06-01,COA-ART-135 · Domestic,COA-ART-135,Coated art paper 135gsm,Commercial print,Domestic,Qazvin Manufacturing Site,Qazvin,Qazvin Finished Goods,Coating line,Mixed domestic/imported supply,148.5,61.1,42.9,125.1,515803400,0.93,706580000,103.2,20.6,1.8,5.6,0.027,343818,39.4,137.2,99.7,741.6,29.7,24.0,44.3,0.958,102.4,22,NORMAL,8
83.23,2023-06-01,COA-ART-170 · Domestic,COA-ART-170,Coated art paper 170gsm,Commercial print,Domestic,Qazvin Manufacturing Site,Qazvin,Qazvin Finished Goods,Coating line,Mixed domestic/imported supply,99.9,45.7,40.0,99.8,536836160,0.93,735392000,101.0,21.0,2.1,9.4,0.028,343818,39.4,137.2,99.7,741.6,29.7,24.0,44.3,0.958,102.4,22,NORMAL,8
79.63,2023-06-01,LBL-STOCK-090 · FMCG,LBL-STOCK-090,Label stock 90gsm,Labels,FMCG,Qazvin Manufacturing Site,Qazvin,Qazvin Finished Goods,Coating line,Mixed domestic/imported supply,94.8,54.8,45.0,102.4,557868920,0.96,764204000,101.7,19.0,1.6,6.2,0.028,343818,39.4,137.2,99.7,741.6,29.7,24.0,44.3,0.958,102.4,22,NORMAL,8
80.0,2023-06-01,IND-CORE-250 · Domestic,IND-CORE-250,Industrial core board,Industrial,Domestic,Qazvin Manufacturing Site,Qazvin,Qazvin Finished Goods,Board line,Mixed domestic/imported supply,105.6,45.2,38.8,104.3,578901680,0.93,793016000,100.2,16.9,1.7,5.4,0.057,343818,39.4,137.2,99.7,741.6,29.7,24.0,44.3,0.958,102.4,22,NORMAL,8
91.01,2023-06-01,FOD-GRADE-110 · FMCG,FOD-GRADE-110,Food-grade paper 110gsm,Food packaging,FMCG,Qazvin Manufacturing Site,Qazvin,Qazvin Finished Goods,Paper line A,Mixed domestic/imported supply,146.1,60.8,50.7,115.8,599934440,0.96,821828000,98.0,21.0,1.3,4.3,0.0,343818,39.4,137.2,99.7,741.6,29.7,24.0,44.3,0.958,102.4,22,NORMAL,8
42.33,2023-06-01,NCR-SET-080 · Public sector,NCR-SET-080,NCR forms 80gsm,Specialty,Public sector,Qazvin Manufacturing Site,Qazvin,Qazvin Finished Goods,Specialty line,Mixed domestic/imported supply,64.2,29.5,41.1,51.7,620967200,0.93,850640000,99.1,8.0,0.8,3.1,0.03,343818,39.4,137.2,99.7,741.6,29.7,24.0,44.3,0.958,102.4,22,NORMAL,8
79.92,2023-06-01,EXP-KRAFT-140 · Export,EXP-KRAFT-140,Export kraft 140gsm,Packaging paper,Export,Qazvin Manufacturing Site,Qazvin,Qazvin Finished Goods,Paper line A,Mixed domestic/imported supply,96.8,53.4,51.7,82.3,641999960,0.96,879452000,100.0,19.1,1.9,3.9,0.075,343818,39.4,137.2,99.7,741.6,29.7,24.0,44.3,0.958,102.4,22,NORMAL,8
126.98,2023-07-01,PKG-KRAFT-120 · Domestic,PKG-KRAFT-120,Kraft liner 120gsm,Packaging paper,Domestic,Qazvin Manufacturing Site,Qazvin,Qazvin Finished Goods,Paper line A,Mixed domestic/imported supply,166.9,111.5,51.1,176.3,416924900,0.93,571130000,101.4,37.8,3.1,21.1,0.019,350466,38.5,139.3,99.4,743.8,29.3,75.8,44.8,0.961,103.2,26,POWER_CURTAILMENT,70
99.65,2023-07-01,PKG-BOARD-300 · Domestic,PKG-BOARD-300,Folding boxboard 300gsm,Packaging board,Domestic,Qazvin Manufacturing Site,Qazvin,Qazvin Finished Goods,Board line,Mixed domestic/imported supply,166.3,90.5,42.4,155.0,438279590,0.93,600383000,99.3,26.7,1.6,14.0,0.052,350466,38.5,139.3,99.4,743.8,29.3,75.8,44.8,0.961,103.2,26,POWER_CURTAILMENT,70
82.32,2023-07-01,PKG-BOARD-350 · Export,PKG-BOARD-350,Folding boxboard 350gsm,Packaging board,Export,Qazvin Manufacturing Site,Qazvin,Qazvin Finished Goods,Board line,Mixed domestic/imported supply,113.1,59.4,44.9,114.5,459634280,0.96,629636000,98.2,21.4,1.6,17.0,0.02,350466,38.5,139.3,99.4,743.8,29.3,75.8,44.8,0.961,103.2,26,POWER_CURTAILMENT,70
130.8,2023-07-01,OFF-UWF-080 · Domestic,OFF-UWF-080,Uncoated woodfree 80gsm,Writing paper,Domestic,Qazvin Manufacturing Site,Qazvin,Qazvin Finished Goods,Paper line B,Mixed domestic/imported supply,245.5,107.9,45.9,206.9,480988970,0.93,658889000,98.3,48.2,3.9,16.4,0.042,350466,38.5,139.3,99.4,743.8,29.3,75.8,44.8,0.961,103.2,26,POWER_CURTAILMENT,70
86.02,2023-07-01,OFF-UWF-070 · Public sector,OFF-UWF-070,Uncoated woodfree 70gsm,Writing paper,Public sector,Qazvin Manufacturing Site,Qazvin,Qazvin Finished Goods,Paper line B,Mixed domestic/imported supply,138.1,57.9,50.4,140.6,502343660,0.93,688142000,100.6,27.6,2.3,17.5,0.067,350466,38.5,139.3,99.4,743.8,29.3,75.8,44.8,0.961,103.2,26,POWER_CURTAILMENT,70
69.84,2023-07-01,COA-ART-135 · Domestic,COA-ART-135,Coated art paper 135gsm,Commercial print,Domestic,Qazvin Manufacturing Site,Qazvin,Qazvin Finished Goods,Coating line,Mixed domestic/imported supply,113.5,77.1,44.1,113.2,523698350,0.93,717395000,98.5,19.6,1.5,11.9,0.024,350466,38.5,139.3,99.4,743.8,29.3,75.8,44.8,0.961,103.2,26,POWER_CURTAILMENT,70
63.36,2023-07-01,COA-ART-170 · Domestic,COA-ART-170,Coated art paper 170gsm,Commercial print,Domestic,Qazvin Manufacturing Site,Qazvin,Qazvin Finished Goods,Coating line,Mixed domestic/imported supply,97.2,61.8,45.5,104.1,545053040,0.93,746648000,97.4,17.4,1.6,15.9,0.039,350466,38.5,139.3,99.4,743.8,29.3,75.8,44.8,0.961,103.2,26,POWER_CURTAILMENT,70
66.58,2023-07-01,LBL-STOCK-090 · FMCG,LBL-STOCK-090,Label stock 90gsm,Labels,FMCG,Qazvin Manufacturing Site,Qazvin,Qazvin Finished Goods,Coating line,Mixed domestic/imported supply,102.5,43.9,44.7,88.9,566407730,0.96,775901000,96.1,16.1,1.2,14.2,0.077,350466,38.5,139.3,99.4,743.8,29.3,75.8,44.8,0.961,103.2,26,POWER_CURTAILMENT,70
69.71,2023-07-01,IND-CORE-250 · Domestic,IND-CORE-250,Industrial core board,Industrial,Domestic,Qazvin Manufacturing Site,Qazvin,Qazvin Finished Goods,Board line,Mixed domestic/imported supply,97.8,46.1,51.7,105.9,587762420,0.93,805154000,97.8,19.2,1.8,14.3,0.057,350466,38.5,139.3,99.4,743.8,29.3,75.8,44.8,0.961,103.2,26,POWER_CURTAILMENT,70
77.58,2023-07-01,FOD-GRADE-110 · FMCG,FOD-GRADE-110,Food-grade paper 110gsm,Food packaging,FMCG,Qazvin Manufacturing Site,Qazvin,Qazvin Finished Goods,Paper line A,Mixed domestic/imported supply,128.4,72.4,40.5,128.6,609117110,0.96,834407000,99.3,24.3,2.0,17.5,0.07,350466,38.5,139.3,99.4,743.8,29.3,75.8,44.8,0.961,103.2,26,POWER_CURTAILMENT,70
34.29,2023-07-01,NCR-SET-080 · Public sector,NCR-SET-080,NCR forms 80gsm,Specialty,Public sector,Qazvin Manufacturing Site,Qazvin,Qazvin Finished Goods,Specialty line,Mixed domestic/imported supply,62.5,25.0,51.9,55.5,630471800,0.93,863660000,96.1,8.0,0.7,17.5,0.054,350466,38.5,139.3,99.4,743.8,29.3,75.8,44.8,0.961,103.2,26,POWER_CURTAILMENT,70
64.45,2023-07-01,EXP-KRAFT-140 · Export,EXP-KRAFT-140,Export kraft 140gsm,Packaging paper,Export,Qazvin Manufacturing Site,Qazvin,Qazvin Finished Goods,Paper line A,Mixed domestic/imported supply,85.2,48.2,45.7,93.0,651826490,0.96,892913000,101.3,16.7,1.3,14.8,0.047,350466,38.5,139.3,99.4,743.8,29.3,75.8,44.8,0.961,103.2,26,POWER_CURTAILMENT,70
119.62,2023-08-01,PKG-KRAFT-120 · Domestic,PKG-KRAFT-120,Kraft liner 120gsm,Packaging paper,Domestic,Qazvin Manufacturing Site,Qazvin,Qazvin Finished Goods,Paper line A,Mixed domestic/imported supply,235.4,89.0,51.2,173.0,423509500,0.93,580150000,93.6,34.9,2.5,2.4,0.03,357444,37.7,141.5,99.3,747.8,25.3,14.9,45.5,0.963,104.0,25,NORMAL,8
111.51,2023-08-01,PKG-BOARD-300 · Domestic,PKG-BOARD-300,Folding boxboard 300gsm,Packaging board,Domestic,Qazvin Manufacturing Site,Qazvin,Qazvin Finished Goods,Board line,Mixed domestic/imported supply,172.8,69.4,54.3,138.4,445201450,0.93,609865000,95.6,31.3,2.0,8.7,0.027,357444,37.7,141.5,99.3,747.8,25.3,14.9,45.5,0.963,104.0,25,NORMAL,8
84.14,2023-08-01,PKG-BOARD-350 · Export,PKG-BOARD-350,Folding boxboard 350gsm,Packaging board,Export,Qazvin Manufacturing Site,Qazvin,Qazvin Finished Goods,Board line,Mixed domestic/imported supply,126.1,67.7,40.6,111.4,466893400,0.96,639580000,93.5,21.1,1.7,5.9,0.009,357444,37.7,141.5,99.3,747.8,25.3,14.9,45.5,0.963,104.0,25,NORMAL,8
138.69,2023-08-01,OFF-UWF-080 · Domestic,OFF-UWF-080,Uncoated woodfree 80gsm,Writing paper,Domestic,Qazvin Manufacturing Site,Qazvin,Qazvin Finished Goods,Paper line B,Mixed domestic/imported supply,283.1,131.1,42.1,204.9,488585350,0.93,669295000,97.4,47.2,3.7,7.2,0.002,357444,37.7,141.5,99.3,747.8,25.3,14.9,45.5,0.963,104.0,25,NORMAL,8
89.94,2023-08-01,OFF-UWF-070 · Public sector,OFF-UWF-070,Uncoated woodfree 70gsm,Writing paper,Public sector,Qazvin Manufacturing Site,Qazvin,Qazvin Finished Goods,Paper line B,Mixed domestic/imported supply,182.0,68.6,53.6,144.7,510277300,0.93,699010000,95.0,25.1,1.5,8.5,0.025,357444,37.7,141.5,99.3,747.8,25.3,14.9,45.5,0.963,104.0,25,NORMAL,8
81.46,2023-08-01,COA-ART-135 · Domestic,COA-ART-135,Coated art paper 135gsm,Commercial print,Domestic,Qazvin Manufacturing Site,Qazvin,Qazvin Finished Goods,Coating line,Mixed domestic/imported supply,161.1,66.5,53.6,118.8,531969250,0.93,728725000,92.8,22.1,1.5,5.5,0.037,357444,37.7,141.5,99.3,747.8,25.3,14.9,45.5,0.963,104.0,25,NORMAL,8
65.0,2023-08-01,COA-ART-170 · Domestic,COA-ART-170,Coated art paper 170gsm,Commercial print,Domestic,Qazvin Manufacturing Site,Qazvin,Qazvin Finished Goods,Coating line,Mixed domestic/imported supply,99.9,55.9,49.8,92.4,553661200,0.93,758440000,95.3,13.6,0.9,6.0,0.047,357444,37.7,141.5,99.3,747.8,25.3,14.9,45.5,0.963,104.0,25,NORMAL,8
66.58,2023-08-01,LBL-STOCK-090 · FMCG,LBL-STOCK-090,Label stock 90gsm,Labels,FMCG,Qazvin Manufacturing Site,Qazvin,Qazvin Finished Goods,Coating line,Mixed domestic/imported supply,120.2,50.0,49.9,100.1,575353150,0.96,788155000,94.3,20.3,1.4,3.3,0.019,357444,37.7,141.5,99.3,747.8,25.3,14.9,45.5,0.963,104.0,25,NORMAL,8
74.59,2023-08-01,IND-CORE-250 · Domestic,IND-CORE-250,Industrial core board,Industrial,Domestic,Qazvin Manufacturing Site,Qazvin,Qazvin Finished Goods,Board line,Mixed domestic/imported supply,103.7,53.2,49.2,101.6,597045100,0.93,817870000,94.1,23.8,1.9,7.4,0.05,357444,37.7,141.5,99.3,747.8,25.3,14.9,45.5,0.963,104.0,25,NORMAL,8
84.7,2023-08-01,FOD-GRADE-110 · FMCG,FOD-GRADE-110,Food-grade paper 110gsm,Food packaging,FMCG,Qazvin Manufacturing Site,Qazvin,Qazvin Finished Goods,Paper line A,Mixed domestic/imported supply,163.4,71.7,42.3,124.7,618737050,0.96,847585000,91.9,23.3,2.1,4.3,0.039,357444,37.7,141.5,99.3,747.8,25.3,14.9,45.5,0.963,104.0,25,NORMAL,8
32.62,2023-08-01,NCR-SET-080 · Public sector,NCR-SET-080,NCR forms 80gsm,Specialty,Public sector,Qazvin Manufacturing Site,Qazvin,Qazvin Finished Goods,Specialty line,Mixed domestic/imported supply,52.7,25.0,41.7,56.6,640429000,0.93,877300000,92.0,8.7,0.5,6.3,0.044,357444,37.7,141.5,99.3,747.8,25.3,14.9,45.5,0.963,104.0,25,NORMAL,8
68.55,2023-08-01,EXP-KRAFT-140 · Export,EXP-KRAFT-140,Export kraft 140gsm,Packaging paper,Export,Qazvin Manufacturing Site,Qazvin,Qazvin Finished Goods,Paper line A,Mixed domestic/imported supply,101.3,55.2,50.7,80.6,662120950,0.96,907015000,91.7,11.3,1.0,5.6,0.039,357444,37.7,141.5,99.3,747.8,25.3,14.9,45.5,0.963,104.0,25,NORMAL,8
170.41,2023-09-01,PKG-KRAFT-120 · Domestic,PKG-KRAFT-120,Kraft liner 120gsm,Packaging paper,Domestic,Qazvin Manufacturing Site,Qazvin,Qazvin Finished Goods,Paper line A,Mixed domestic/imported supply,198.5,83.0,53.0,178.9,430692700,0.93,589990000,105.6,35.9,2.9,6.5,0.021,364590,36.8,143.9,99.2,753.5,18.8,5.1,46.3,0.965,105.0,21,NORMAL,8
141.42,2023-09-01,PKG-BOARD-300 · Domestic,PKG-BOARD-300,Folding boxboard 300gsm,Packaging board,Domestic,Qazvin Manufacturing Site,Qazvin,Qazvin Finished Goods,Board line,Mixed domestic/imported supply,146.4,85.7,51.1,143.9,452752570,0.93,620209000,104.0,21.8,1.7,7.0,0.046,364590,36.8,143.9,99.2,753.5,18.8,5.1,46.3,0.965,105.0,21,NORMAL,8
117.87,2023-09-01,PKG-BOARD-350 · Export,PKG-BOARD-350,Folding boxboard 350gsm,Packaging board,Export,Qazvin Manufacturing Site,Qazvin,Qazvin Finished Goods,Board line,Mixed domestic/imported supply,123.3,53.0,41.7,110.5,474812440,0.96,650428000,104.2,18.2,1.5,6.9,0.048,364590,36.8,143.9,99.2,753.5,18.8,5.1,46.3,0.965,105.0,21,NORMAL,8
187.38,2023-09-01,OFF-UWF-080 · Domestic,OFF-UWF-080,Uncoated woodfree 80gsm,Writing paper,Domestic,Qazvin Manufacturing Site,Qazvin,Qazvin Finished Goods,Paper line B,Mixed domestic/imported supply,284.1,109.6,45.6,232.4,496872310,0.93,680647000,106.9,52.0,2.8,6.0,0.071,364590,36.8,143.9,99.2,753.5,18.8,5.1,46.3,0.965,105.0,21,NORMAL,8
120.19,2023-09-01,OFF-UWF-070 · Public sector,OFF-UWF-070,Uncoated woodfree 70gsm,Writing paper,Public sector,Qazvin Manufacturing Site,Qazvin,Qazvin Finished Goods,Paper line B,Mixed domestic/imported supply,157.7,57.9,39.6,136.4,518932180,0.93,710866000,105.7,21.5,1.7,5.7,0.043,364590,36.8,143.9,99.2,753.5,18.8,5.1,46.3,0.965,105.0,21,NORMAL,8
112.96,2023-09-01,COA-ART-135 · Domestic,COA-ART-135,Coated art paper 135gsm,Commercial print,Domestic,Qazvin Manufacturing Site,Qazvin,Qazvin Finished Goods,Coating line,Mixed domestic/imported supply,169.3,53.1,41.6,125.4,540992050,0.93,741085000,107.0,25.4,2.0,5.3,0.037,364590,36.8,143.9,99.2,753.5,18.8,5.1,46.3,0.965,105.0,21,NORMAL,8
90.05,2023-09-01,COA-ART-170 · Domestic,COA-ART-170,Coated art paper 170gsm,Commercial print,Domestic,Qazvin Manufacturing Site,Qazvin,Qazvin Finished Goods,Coating line,Mixed domestic/imported supply,87.9,43.0,41.2,110.3,563051920,0.93,771304000,107.0,14.4,0.8,5.7,0.059,364590,36.8,143.9,99.2,753.5,18.8,5.1,46.3,0.965,105.0,21,NORMAL,8
88.53,2023-09-01,LBL-STOCK-090 · FMCG,LBL-STOCK-090,Label stock 90gsm,Labels,FMCG,Qazvin Manufacturing Site,Qazvin,Qazvin Finished Goods,Coating line,Mixed domestic/imported supply,98.9,49.0,40.3,88.3,585111790,0.96,801523000,105.6,16.3,1.0,8.6,0.011,364590,36.8,143.9,99.2,753.5,18.8,5.1,46.3,0.965,105.0,21,NORMAL,8
97.82,2023-09-01,IND-CORE-250 · Domestic,IND-CORE-250,Industrial core board,Industrial,Domestic,Qazvin Manufacturing Site,Qazvin,Qazvin Finished Goods,Board line,Mixed domestic/imported supply,98.4,62.8,44.7,104.8,607171660,0.93,831742000,103.0,16.7,1.1,3.4,0.025,364590,36.8,143.9,99.2,753.5,18.8,5.1,46.3,0.965,105.0,21,NORMAL,8
116.15,2023-09-01,FOD-GRADE-110 · FMCG,FOD-GRADE-110,Food-grade paper 110gsm,Food packaging,FMCG,Qazvin Manufacturing Site,Qazvin,Qazvin Finished Goods,Paper line A,Mixed domestic/imported supply,140.4,66.8,48.7,121.4,629231530,0.96,861961000,108.5,27.0,2.2,5.4,0.035,364590,36.8,143.9,99.2,753.5,18.8,5.1,46.3,0.965,105.0,21,NORMAL,8
8.4,2023-09-01,NCR-SET-080 · Public sector,NCR-SET-080,NCR forms 80gsm,Specialty,Public sector,Qazvin Manufacturing Site,Qazvin,Qazvin Finished Goods,Specialty line,Mixed domestic/imported supply,65.9,23.7,43.5,52.5,651291400,0.93,892180000,107.0,12.0,0.7,6.6,0.066,364590,36.8,143.9,99.2,753.5,18.8,5.1,46.3,0.965,105.0,21,NORMAL,8
98.52,2023-09-01,EXP-KRAFT-140 · Export,EXP-KRAFT-140,Export kraft 140gsm,Packaging paper,Export,Qazvin Manufacturing Site,Qazvin,Qazvin Finished Goods,Paper line A,Mixed domestic/imported supply,116.7,49.7,54.0,87.3,673351270,0.96,922399000,104.5,16.4,1.2,7.4,0.03,364590,36.8,143.9,99.2,753.5,18.8,5.1,46.3,0.965,105.0,21,NORMAL,8
187.12,2023-10-01,PKG-KRAFT-120 · Domestic,PKG-KRAFT-120,Kraft liner 120gsm,Packaging paper,Domestic,Qazvin Manufacturing Site,Qazvin,Qazvin Finished Goods,Paper line A,Mixed domestic/imported supply,172.3,83.6,40.8,193.0,438175200,0.93,600240000,110.1,32.7,2.6,7.9,0.042,371726,35.9,146.4,99.2,760.5,11.6,0.0,47.3,0.965,106.0,26,NORMAL,8
157.34,2023-10-01,PKG-BOARD-300 · Domestic,PKG-BOARD-300,Folding boxboard 300gsm,Packaging board,Domestic,Qazvin Manufacturing Site,Qazvin,Qazvin Finished Goods,Board line,Mixed domestic/imported supply,131.8,78.4,51.7,150.3,460618320,0.93,630984000,109.0,25.5,2.1,7.3,0.05,371726,35.9,146.4,99.2,760.5,11.6,0.0,47.3,0.965,106.0,26,NORMAL,8
132.9,2023-10-01,PKG-BOARD-350 · Export,PKG-BOARD-350,Folding boxboard 350gsm,Packaging board,Export,Qazvin Manufacturing Site,Qazvin,Qazvin Finished Goods,Board line,Mixed domestic/imported supply,153.3,58.5,47.2,123.6,483061440,0.96,661728000,107.5,17.4,1.4,3.8,0.064,371726,35.9,146.4,99.2,760.5,11.6,0.0,47.3,0.965,106.0,26,NORMAL,8
195.01,2023-10-01,OFF-UWF-080 · Domestic,OFF-UWF-080,Uncoated woodfree 80gsm,Writing paper,Domestic,Qazvin Manufacturing Site,Qazvin,Qazvin Finished Goods,Paper line B,Mixed domestic/imported supply,182.0,123.3,55.0,226.2,505504560,0.93,692472000,103.4,43.1,3.0,5.0,0.048,371726,35.9,146.4,99.2,760.5,11.6,0.0,47.3,0.965,106.0,26,NORMAL,8
134.01,2023-10-01,OFF-UWF-070 · Public sector,OFF-UWF-070,Uncoated woodfree 70gsm,Writing paper,Public sector,Qazvin Manufacturing Site,Qazvin,Qazvin Finished Goods,Paper line B,Mixed domestic/imported supply,146.6,79.6,55.4,139.2,527947680,0.93,723216000,111.0,22.0,1.4,6.0,0.054,371726,35.9,146.4,99.2,760.5,11.6,0.0,47.3,0.965,106.0,26,NORMAL,8
126.25,2023-10-01,COA-ART-135 · Domestic,COA-ART-135,Coated art paper 135gsm,Commercial print,Domestic,Qazvin Manufacturing Site,Qazvin,Qazvin Finished Goods,Coating line,Mixed domestic/imported supply,149.7,63.1,46.0,121.0,550390800,0.93,753960000,109.4,19.2,1.5,5.5,0.063,371726,35.9,146.4,99.2,760.5,11.6,0.0,47.3,0.965,106.0,26,NORMAL,8
101.88,2023-10-01,COA-ART-170 · Domestic,COA-ART-170,Coated art paper 170gsm,Commercial print,Domestic,Qazvin Manufacturing Site,Qazvin,Qazvin Finished Goods,Coating line,Mixed domestic/imported supply,123.5,57.5,43.2,98.8,572833920,0.93,784704000,105.6,15.1,1.3,6.5,0.055,371726,35.9,146.4,99.2,760.5,11.6,0.0,47.3,0.965,106.0,26,NORMAL,8
96.56,2023-10-01,LBL-STOCK-090 · FMCG,LBL-STOCK-090,Label stock 90gsm,Labels,FMCG,Qazvin Manufacturing Site,Qazvin,Qazvin Finished Goods,Coating line,Mixed domestic/imported supply,88.4,51.0,41.4,86.9,595277040,0.96,815448000,103.5,16.5,1.0,5.2,0.041,371726,35.9,146.4,99.2,760.5,11.6,0.0,47.3,0.965,106.0,26,NORMAL,8
109.03,2023-10-01,IND-CORE-250 · Domestic,IND-CORE-250,Industrial core board,Industrial,Domestic,Qazvin Manufacturing Site,Qazvin,Qazvin Finished Goods,Board line,Mixed domestic/imported supply,112.7,61.7,51.0,97.8,617720160,0.93,846192000,106.3,18.6,1.3,6.6,0.002,371726,35.9,146.4,99.2,760.5,11.6,0.0,47.3,0.965,106.0,26,NORMAL,8
125.03,2023-10-01,FOD-GRADE-110 · FMCG,FOD-GRADE-110,Food-grade paper 110gsm,Food packaging,FMCG,Qazvin Manufacturing Site,Qazvin,Qazvin Finished Goods,Paper line A,Mixed domestic/imported supply,140.2,55.8,42.6,126.0,640163280,0.96,876936000,105.8,22.4,1.4,6.8,0.071,371726,35.9,146.4,99.2,760.5,11.6,0.0,47.3,0.965,106.0,26,NORMAL,8
57.07,2023-10-01,NCR-SET-080 · Public sector,NCR-SET-080,NCR forms 80gsm,Specialty,Public sector,Qazvin Manufacturing Site,Qazvin,Qazvin Finished Goods,Specialty line,Mixed domestic/imported supply,47.5,30.7,47.1,55.6,662606400,0.93,907680000,104.6,10.3,0.7,5.1,0.006,371726,35.9,146.4,99.2,760.5,11.6,0.0,47.3,0.965,106.0,26,NORMAL,8
105.5,2023-10-01,EXP-KRAFT-140 · Export,EXP-KRAFT-140,Export kraft 140gsm,Packaging paper,Export,Qazvin Manufacturing Site,Qazvin,Qazvin Finished Goods,Paper line A,Mixed domestic/imported supply,95.0,41.9,52.7,86.9,685049520,0.96,938424000,108.9,14.9,1.0,5.6,0.028,371726,35.9,146.4,99.2,760.5,11.6,0.0,47.3,0.965,106.0,26,NORMAL,8
167.24,2023-11-01,PKG-KRAFT-120 · Domestic,PKG-KRAFT-120,Kraft liner 120gsm,Packaging paper,Domestic,Qazvin Manufacturing Site,Qazvin,Qazvin Finished Goods,Paper line A,Mixed domestic/imported supply,157.8,91.3,66.1,176.8,446256300,0.93,611310000,100.5,25.9,6.9,7.0,0.029,378680,35.1,149.1,99.2,768.5,5.5,0.0,77.2,0.845,119.0,26,IMPORT_DELAY,58
132.13,2023-11-01,PKG-BOARD-300 · Domestic,PKG-BOARD-300,Folding boxboard 300gsm,Packaging board,Domestic,Qazvin Manufacturing Site,Qazvin,Qazvin Finished Goods,Board line,Mixed domestic/imported supply,128.6,68.2,86.0,157.8,469113330,0.93,642621000,98.0,31.1,11.1,6.9,0.061,378680,35.1,149.1,99.2,768.5,5.5,0.0,77.2,0.845,119.0,26,IMPORT_DELAY,58
130.2,2023-11-01,PKG-BOARD-350 · Export,PKG-BOARD-350,Folding boxboard 350gsm,Packaging board,Export,Qazvin Manufacturing Site,Qazvin,Qazvin Finished Goods,Board line,Mixed domestic/imported supply,152.3,66.7,67.0,104.9,491970360,0.96,673932000,106.3,24.4,7.1,10.2,0.058,378680,35.1,149.1,99.2,768.5,5.5,0.0,77.2,0.845,119.0,26,IMPORT_DELAY,58
167.97,2023-11-01,OFF-UWF-080 · Domestic,OFF-UWF-080,Uncoated woodfree 80gsm,Writing paper,Domestic,Qazvin Manufacturing Site,Qazvin,Qazvin Finished Goods,Paper line B,Mixed domestic/imported supply,222.5,113.7,80.0,216.5,514827390,0.93,705243000,97.8,30.7,8.9,5.9,0.036,378680,35.1,149.1,99.2,768.5,5.5,0.0,77.2,0.845,119.0,26,IMPORT_DELAY,58
111.05,2023-11-01,OFF-UWF-070 · Public sector,OFF-UWF-070,Uncoated woodfree 70gsm,Writing paper,Public sector,Qazvin Manufacturing Site,Qazvin,Qazvin Finished Goods,Paper line B,Mixed domestic/imported supply,128.0,84.1,77.2,121.7,537684420,0.93,736554000,98.2,29.6,8.6,6.4,0.0,378680,35.1,149.1,99.2,768.5,5.5,0.0,77.2,0.845,119.0,26,IMPORT_DELAY,58
107.81,2023-11-01,COA-ART-135 · Domestic,COA-ART-135,Coated art paper 135gsm,Commercial print,Domestic,Qazvin Manufacturing Site,Qazvin,Qazvin Finished Goods,Coating line,Mixed domestic/imported supply,106.2,77.7,88.2,128.9,560541450,0.93,767865000,102.6,19.5,5.8,5.7,0.071,378680,35.1,149.1,99.2,768.5,5.5,0.0,77.2,0.845,119.0,26,IMPORT_DELAY,58
84.1,2023-11-01,COA-ART-170 · Domestic,COA-ART-170,Coated art paper 170gsm,Commercial print,Domestic,Qazvin Manufacturing Site,Qazvin,Qazvin Finished Goods,Coating line,Mixed domestic/imported supply,107.1,63.1,90.3,99.1,583398480,0.93,799176000,99.2,19.6,7.2,8.1,0.055,378680,35.1,149.1,99.2,768.5,5.5,0.0,77.2,0.845,119.0,26,IMPORT_DELAY,58
88.97,2023-11-01,LBL-STOCK-090 · FMCG,LBL-STOCK-090,Label stock 90gsm,Labels,FMCG,Qazvin Manufacturing Site,Qazvin,Qazvin Finished Goods,Coating line,Mixed domestic/imported supply,96.8,56.2,88.4,88.8,606255510,0.96,830487000,100.3,20.5,7.2,5.9,0.025,378680,35.1,149.1,99.2,768.5,5.5,0.0,77.2,0.845,119.0,26,IMPORT_DELAY,58
92.64,2023-11-01,IND-CORE-250 · Domestic,IND-CORE-250,Industrial core board,Industrial,Domestic,Qazvin Manufacturing Site,Qazvin,Qazvin Finished Goods,Board line,Mixed domestic/imported supply,121.6,62.9,68.1,107.0,629112540,0.93,861798000,99.3,21.6,5.7,3.2,0.044,378680,35.1,149.1,99.2,768.5,5.5,0.0,77.2,0.845,119.0,26,IMPORT_DELAY,58
106.08,2023-11-01,FOD-GRADE-110 · FMCG,FOD-GRADE-110,Food-grade paper 110gsm,Food packaging,FMCG,Qazvin Manufacturing Site,Qazvin,Qazvin Finished Goods,Paper line A,Mixed domestic/imported supply,151.4,69.6,86.6,120.9,651969570,0.96,893109000,99.1,27.2,7.9,6.2,0.029,378680,35.1,149.1,99.2,768.5,5.5,0.0,77.2,0.845,119.0,26,IMPORT_DELAY,58
44.99,2023-11-01,NCR-SET-080 · Public sector,NCR-SET-080,NCR forms 80gsm,Specialty,Public sector,Qazvin Manufacturing Site,Qazvin,Qazvin Finished Goods,Specialty line,Mixed domestic/imported supply,49.5,34.3,74.7,54.7,674826600,0.93,924420000,102.5,8.2,3.0,7.0,0.05,378680,35.1,149.1,99.2,768.5,5.5,0.0,77.2,0.845,119.0,26,IMPORT_DELAY,58
97.52,2023-11-01,EXP-KRAFT-140 · Export,EXP-KRAFT-140,Export kraft 140gsm,Packaging paper,Export,Qazvin Manufacturing Site,Qazvin,Qazvin Finished Goods,Paper line A,Mixed domestic/imported supply,119.2,41.3,86.2,85.2,697683630,0.96,955731000,103.7,17.0,6.2,6.5,0.044,378680,35.1,149.1,99.2,768.5,5.5,0.0,77.2,0.845,119.0,26,IMPORT_DELAY,58
168.0,2023-12-01,PKG-KRAFT-120 · Domestic,PKG-KRAFT-120,Kraft liner 120gsm,Packaging paper,Domestic,Qazvin Manufacturing Site,Qazvin,Qazvin Finished Goods,Paper line A,Mixed domestic/imported supply,195.3,80.9,52.3,199.5,454636700,0.93,622790000,105.2,27.9,2.3,6.5,0.07,385288,34.3,151.9,99.4,777.2,2.3,0.0,49.2,0.963,107.9,25,NORMAL,8
128.58,2023-12-01,PKG-BOARD-300 · Domestic,PKG-BOARD-300,Folding boxboard 300gsm,Packaging board,Domestic,Qazvin Manufacturing Site,Qazvin,Qazvin Finished Goods,Board line,Mixed domestic/imported supply,140.5,75.6,58.1,159.9,477922970,0.93,654689000,98.6,22.4,1.4,2.0,0.047,385288,34.3,151.9,99.4,777.2,2.3,0.0,49.2,0.963,107.9,25,NORMAL,8
110.16,2023-12-01,PKG-BOARD-350 · Export,PKG-BOARD-350,Folding boxboard 350gsm,Packaging board,Export,Qazvin Manufacturing Site,Qazvin,Qazvin Finished Goods,Board line,Mixed domestic/imported supply,125.8,51.0,56.7,121.0,501209240,0.96,686588000,101.1,19.4,1.3,5.5,0.047,385288,34.3,151.9,99.4,777.2,2.3,0.0,49.2,0.963,107.9,25,NORMAL,8
168.29,2023-12-01,OFF-UWF-080 · Domestic,OFF-UWF-080,Uncoated woodfree 80gsm,Writing paper,Domestic,Qazvin Manufacturing Site,Qazvin,Qazvin Finished Goods,Paper line B,Mixed domestic/imported supply,208.5,96.5,45.3,232.5,524495510,0.93,718487000,102.1,42.1,3.4,6.0,0.038,385288,34.3,151.9,99.4,777.2,2.3,0.0,49.2,0.963,107.9,25,NORMAL,8
103.71,2023-12-01,OFF-UWF-070 · Public sector,OFF-UWF-070,Uncoated woodfree 70gsm,Writing paper,Public sector,Qazvin Manufacturing Site,Qazvin,Qazvin Finished Goods,Paper line B,Mixed domestic/imported supply,156.8,83.9,47.3,135.9,547781780,0.93,750386000,101.1,30.2,2.0,8.8,0.065,385288,34.3,151.9,99.4,777.2,2.3,0.0,49.2,0.963,107.9,25,NORMAL,8
105.66,2023-12-01,COA-ART-135 · Domestic,COA-ART-135,Coated art paper 135gsm,Commercial print,Domestic,Qazvin Manufacturing Site,Qazvin,Qazvin Finished Goods,Coating line,Mixed domestic/imported supply,164.3,62.9,57.2,131.6,571068050,0.93,782285000,101.7,22.7,1.4,7.0,0.026,385288,34.3,151.9,99.4,777.2,2.3,0.0,49.2,0.963,107.9,25,NORMAL,8
85.86,2023-12-01,COA-ART-170 · Domestic,COA-ART-170,Coated art paper 170gsm,Commercial print,Domestic,Qazvin Manufacturing Site,Qazvin,Qazvin Finished Goods,Coating line,Mixed domestic/imported supply,106.4,44.5,50.4,95.6,594354320,0.93,814184000,100.3,14.6,1.2,7.4,0.048,385288,34.3,151.9,99.4,777.2,2.3,0.0,49.2,0.963,107.9,25,NORMAL,8
83.1,2023-12-01,LBL-STOCK-090 · FMCG,LBL-STOCK-090,Label stock 90gsm,Labels,FMCG,Qazvin Manufacturing Site,Qazvin,Qazvin Finished Goods,Coating line,Mixed domestic/imported supply,112.9,48.6,41.8,99.2,617640590,0.96,846083000,99.1,20.9,1.4,5.7,0.037,385288,34.3,151.9,99.4,777.2,2.3,0.0,49.2,0.963,107.9,25,NORMAL,8
96.82,2023-12-01,IND-CORE-250 · Domestic,IND-CORE-250,Industrial core board,Industrial,Domestic,Qazvin Manufacturing Site,Qazvin,Qazvin Finished Goods,Board line,Mixed domestic/imported supply,112.2,65.8,44.6,100.6,640926860,0.93,877982000,99.9,16.5,1.3,8.8,0.026,385288,34.3,151.9,99.4,777.2,2.3,0.0,49.2,0.963,107.9,25,NORMAL,8
102.52,2023-12-01,FOD-GRADE-110 · FMCG,FOD-GRADE-110,Food-grade paper 110gsm,Food packaging,FMCG,Qazvin Manufacturing Site,Qazvin,Qazvin Finished Goods,Paper line A,Mixed domestic/imported supply,160.7,66.0,58.5,109.7,664213130,0.96,909881000,98.8,26.8,1.7,9.4,0.054,385288,34.3,151.9,99.4,777.2,2.3,0.0,49.2,0.963,107.9,25,NORMAL,8
48.29,2023-12-01,NCR-SET-080 · Public sector,NCR-SET-080,NCR forms 80gsm,Specialty,Public sector,Qazvin Manufacturing Site,Qazvin,Qazvin Finished Goods,Specialty line,Mixed domestic/imported supply,54.9,30.4,54.9,58.8,687499400,0.93,941780000,104.5,9.4,0.7,6.7,0.024,385288,34.3,151.9,99.4,777.2,2.3,0.0,49.2,0.963,107.9,25,NORMAL,8
93.55,2023-12-01,EXP-KRAFT-140 · Export,EXP-KRAFT-140,Export kraft 140gsm,Packaging paper,Export,Qazvin Manufacturing Site,Qazvin,Qazvin Finished Goods,Paper line A,Mixed domestic/imported supply,110.4,53.6,51.5,89.9,710785670,0.96,973679000,101.0,17.1,1.2,5.7,0.01,385288,34.3,151.9,99.4,777.2,2.3,0.0,49.2,0.963,107.9,25,NORMAL,8
143.93,2024-01-01,PKG-KRAFT-120 · Domestic,PKG-KRAFT-120,Kraft liner 120gsm,Packaging paper,Domestic,Qazvin Manufacturing Site,Qazvin,Qazvin Finished Goods,Paper line A,Mixed domestic/imported supply,175.6,108.6,44.4,188.5,463316400,0.93,634680000,95.0,36.4,3.3,3.6,0.0,391416,33.5,154.8,99.6,786.2,2.7,0.0,50.1,0.961,108.6,26,NORMAL,8
122.93,2024-01-01,PKG-BOARD-300 · Domestic,PKG-BOARD-300,Folding boxboard 300gsm,Packaging board,Domestic,Qazvin Manufacturing Site,Qazvin,Qazvin Finished Goods,Board line,Mixed domestic/imported supply,132.1,81.4,54.9,141.4,487047240,0.93,667188000,99.9,23.5,1.9,5.4,0.061,391416,33.5,154.8,99.6,786.2,2.7,0.0,50.1,0.961,108.6,26,NORMAL,8
104.22,2024-01-01,PKG-BOARD-350 · Export,PKG-BOARD-350,Folding boxboard 350gsm,Packaging board,Export,Qazvin Manufacturing Site,Qazvin,Qazvin Finished Goods,Board line,Mixed domestic/imported supply,119.0,50.8,45.5,122.6,510778080,0.96,699696000,97.8,24.3,1.6,7.2,0.06,391416,33.5,154.8,99.6,786.2,2.7,0.0,50.1,0.961,108.6,26,NORMAL,8
151.13,2024-01-01,OFF-UWF-080 · Domestic,OFF-UWF-080,Uncoated woodfree 80gsm,Writing paper,Domestic,Qazvin Manufacturing Site,Qazvin,Qazvin Finished Goods,Paper line B,Mixed domestic/imported supply,290.2,106.1,49.1,232.3,534508920,0.93,732204000,100.0,47.8,3.9,7.7,0.015,391416,33.5,154.8,99.6,786.2,2.7,0.0,50.1,0.961,108.6,26,NORMAL,8
103.4,2024-01-01,OFF-UWF-070 · Public sector,OFF-UWF-070,Uncoated woodfree 70gsm,Writing paper,Public sector,Qazvin Manufacturing Site,Qazvin,Qazvin Finished Goods,Paper line B,Mixed domestic/imported supply,164.9,73.6,46.9,144.5,558239760,0.93,764712000,103.9,30.0,2.1,9.5,0.061,391416,33.5,154.8,99.6,786.2,2.7,0.0,50.1,0.961,108.6,26,NORMAL,8
94.87,2024-01-01,COA-ART-135 · Domestic,COA-ART-135,Coated art paper 135gsm,Commercial print,Domestic,Qazvin Manufacturing Site,Qazvin,Qazvin Finished Goods,Coating line,Mixed domestic/imported supply,151.4,60.3,58.4,131.8,581970600,0.93,797220000,102.0,18.8,1.2,4.9,0.016,391416,33.5,154.8,99.6,786.2,2.7,0.0,50.1,0.961,108.6,26,NORMAL,8
73.86,2024-01-01,COA-ART-170 · Domestic,COA-ART-170,Coated art paper 170gsm,Commercial print,Domestic,Qazvin Manufacturing Site,Qazvin,Qazvin Finished Goods,Coating line,Mixed domestic/imported supply,138.7,53.9,52.1,105.6,605701440,0.93,829728000,98.9,23.5,1.7,7.4,0.052,391416,33.5,154.8,99.6,786.2,2.7,0.0,50.1,0.961,108.6,26,NORMAL,8
75.95,2024-01-01,LBL-STOCK-090 · FMCG,LBL-STOCK-090,Label stock 90gsm,Labels,FMCG,Qazvin Manufacturing Site,Qazvin,Qazvin Finished Goods,Coating line,Mixed domestic/imported supply,113.7,50.3,45.7,90.5,629432280,0.96,862236000,96.8,19.7,1.6,4.9,0.027,391416,33.5,154.8,99.6,786.2,2.7,0.0,50.1,0.961,108.6,26,NORMAL,8
86.04,2024-01-01,IND-CORE-250 · Domestic,IND-CORE-250,Industrial core board,Industrial,Domestic,Qazvin Manufacturing Site,Qazvin,Qazvin Finished Goods,Board line,Mixed domestic/imported supply,96.7,56.3,47.1,102.4,653163120,0.93,894744000,94.6,15.4,1.0,6.0,0.009,391416,33.5,154.8,99.6,786.2,2.7,0.0,50.1,0.961,108.6,26,NORMAL,8
96.07,2024-01-01,FOD-GRADE-110 · FMCG,FOD-GRADE-110,Food-grade paper 110gsm,Food packaging,FMCG,Qazvin Manufacturing Site,Qazvin,Qazvin Finished Goods,Paper line A,Mixed domestic/imported supply,161.4,69.1,58.5,115.4,676893960,0.96,927252000,101.1,16.8,1.5,6.4,0.049,391416,33.5,154.8,99.6,786.2,2.7,0.0,50.1,0.961,108.6,26,NORMAL,8
2.26,2024-01-01,NCR-SET-080 · Public sector,NCR-SET-080,NCR forms 80gsm,Specialty,Public sector,Qazvin Manufacturing Site,Qazvin,Qazvin Finished Goods,Specialty line,Mixed domestic/imported supply,65.4,23.7,48.5,60.5,700624800,0.93,959760000,98.9,10.9,0.8,12.3,0.057,391416,33.5,154.8,99.6,786.2,2.7,0.0,50.1,0.961,108.6,26,NORMAL,8
76.66,2024-01-01,EXP-KRAFT-140 · Export,EXP-KRAFT-140,Export kraft 140gsm,Packaging paper,Export,Qazvin Manufacturing Site,Qazvin,Qazvin Finished Goods,Paper line A,Mixed domestic/imported supply,120.6,55.6,57.1,90.8,724355640,0.96,992268000,98.7,14.3,0.8,6.3,0.028,391416,33.5,154.8,99.6,786.2,2.7,0.0,50.1,0.961,108.6,26,NORMAL,8
138.07,2024-02-01,PKG-KRAFT-120 · Domestic,PKG-KRAFT-120,Kraft liner 120gsm,Packaging paper,Domestic,Qazvin Manufacturing Site,Qazvin,Qazvin Finished Goods,Paper line A,Mixed domestic/imported supply,209.9,111.6,44.7,192.6,472295400,0.93,646980000,100.2,24.5,2.2,8.0,0.014,396964,32.8,157.8,99.9,795.1,6.7,0.0,50.8,0.958,109.3,22,NORMAL,8
115.02,2024-02-01,PKG-BOARD-300 · Domestic,PKG-BOARD-300,Folding boxboard 300gsm,Packaging board,Domestic,Qazvin Manufacturing Site,Qazvin,Qazvin Finished Goods,Board line,Mixed domestic/imported supply,179.1,70.8,58.0,164.1,496486140,0.93,680118000,99.5,33.0,3.1,3.9,0.045,396964,32.8,157.8,99.9,795.1,6.7,0.0,50.8,0.958,109.3,22,NORMAL,8
97.51,2024-02-01,PKG-BOARD-350 · Export,PKG-BOARD-350,Folding boxboard 350gsm,Packaging board,Export,Qazvin Manufacturing Site,Qazvin,Qazvin Finished Goods,Board line,Mixed domestic/imported supply,148.5,50.6,47.9,119.1,520676880,0.96,713256000,97.2,22.3,2.0,7.0,0.041,396964,32.8,157.8,99.9,795.1,6.7,0.0,50.8,0.958,109.3,22,NORMAL,8
147.97,2024-02-01,OFF-UWF-080 · Domestic,OFF-UWF-080,Uncoated woodfree 80gsm,Writing paper,Domestic,Qazvin Manufacturing Site,Qazvin,Qazvin Finished Goods,Paper line B,Mixed domestic/imported supply,228.0,132.9,48.1,203.7,544867620,0.93,746394000,96.9,33.7,2.7,7.1,0.063,396964,32.8,157.8,99.9,795.1,6.7,0.0,50.8,0.958,109.3,22,NORMAL,8
92.81,2024-02-01,OFF-UWF-070 · Public sector,OFF-UWF-070,Uncoated woodfree 70gsm,Writing paper,Public sector,Qazvin Manufacturing Site,Qazvin,Qazvin Finished Goods,Paper line B,Mixed domestic/imported supply,127.0,65.4,59.4,141.6,569058360,0.93,779532000,97.9,30.9,2.8,7.5,0.005,396964,32.8,157.8,99.9,795.1,6.7,0.0,50.8,0.958,109.3,22,NORMAL,8
87.21,2024-02-01,COA-ART-135 · Domestic,COA-ART-135,Coated art paper 135gsm,Commercial print,Domestic,Qazvin Manufacturing Site,Qazvin,Qazvin Finished Goods,Coating line,Mixed domestic/imported supply,148.8,74.8,44.2,122.6,593249100,0.93,812670000,97.1,25.6,2.4,8.1,0.078,396964,32.8,157.8,99.9,795.1,6.7,0.0,50.8,0.958,109.3,22,NORMAL,8
70.01,2024-02-01,COA-ART-170 · Domestic,COA-ART-170,Coated art paper 170gsm,Commercial print,Domestic,Qazvin Manufacturing Site,Qazvin,Qazvin Finished Goods,Coating line,Mixed domestic/imported supply,88.0,52.8,47.5,106.7,617439840,0.93,845808000,97.1,18.8,1.9,7.3,0.056,396964,32.8,157.8,99.9,795.1,6.7,0.0,50.8,0.958,109.3,22,NORMAL,8
69.01,2024-02-01,LBL-STOCK-090 · FMCG,LBL-STOCK-090,Label stock 90gsm,Labels,FMCG,Qazvin Manufacturing Site,Qazvin,Qazvin Finished Goods,Coating line,Mixed domestic/imported supply,83.7,40.9,53.7,97.3,641630580,0.96,878946000,94.2,21.2,1.7,2.3,0.021,396964,32.8,157.8,99.9,795.1,6.7,0.0,50.8,0.958,109.3,22,NORMAL,8
81.58,2024-02-01,IND-CORE-250 · Domestic,IND-CORE-250,Industrial core board,Industrial,Domestic,Qazvin Manufacturing Site,Qazvin,Qazvin Finished Goods,Board line,Mixed domestic/imported supply,102.0,45.8,45.5,99.3,665821320,0.93,912084000,98.1,22.1,1.9,5.4,0.051,396964,32.8,157.8,99.9,795.1,6.7,0.0,50.8,0.958,109.3,22,NORMAL,8
84.17,2024-02-01,FOD-GRADE-110 · FMCG,FOD-GRADE-110,Food-grade paper 110gsm,Food packaging,FMCG,Qazvin Manufacturing Site,Qazvin,Qazvin Finished Goods,Paper line A,Mixed domestic/imported supply,154.0,59.9,57.3,124.0,690012060,0.96,945222000,91.1,24.7,2.1,8.0,0.059,396964,32.8,157.8,99.9,795.1,6.7,0.0,50.8,0.958,109.3,22,NORMAL,8
36.88,2024-02-01,NCR-SET-080 · Public sector,NCR-SET-080,NCR forms 80gsm,Specialty,Public sector,Qazvin Manufacturing Site,Qazvin,Qazvin Finished Goods,Specialty line,Mixed domestic/imported supply,76.1,33.5,58.9,59.1,714202800,0.93,978360000,99.2,11.2,0.8,5.7,0.018,396964,32.8,157.8,99.9,795.1,6.7,0.0,50.8,0.958,109.3,22,NORMAL,8
82.53,2024-02-01,EXP-KRAFT-140 · Export,EXP-KRAFT-140,Export kraft 140gsm,Packaging paper,Export,Qazvin Manufacturing Site,Qazvin,Qazvin Finished Goods,Paper line A,Mixed domestic/imported supply,91.8,50.1,58.6,93.0,738393540,0.96,1011498000,99.3,14.8,1.0,6.8,0.059,396964,32.8,157.8,99.9,795.1,6.7,0.0,50.8,0.958,109.3,22,NORMAL,8
88.26,2024-03-01,PKG-KRAFT-120 · Domestic,PKG-KRAFT-120,Kraft liner 120gsm,Packaging paper,Domestic,Qazvin Manufacturing Site,Qazvin,Qazvin Finished Goods,Paper line A,Mixed domestic/imported supply,220.5,85.9,59.1,174.1,481873000,0.93,660100000,85.6,20.8,1.6,1.4,0.054,401878,32.2,161.0,100.2,803.4,13.2,2.9,51.4,0.955,109.7,21,NOWRUZ_SHUTDOWN,53
77.35,2024-03-01,PKG-BOARD-300 · Domestic,PKG-BOARD-300,Folding boxboard 300gsm,Packaging board,Domestic,Qazvin Manufacturing Site,Qazvin,Qazvin Finished Goods,Board line,Mixed domestic/imported supply,208.5,68.6,46.5,158.2,506554300,0.93,693910000,88.1,30.0,2.0,5.7,0.062,401878,32.2,161.0,100.2,803.4,13.2,2.9,51.4,0.955,109.7,21,NOWRUZ_SHUTDOWN,53
64.75,2024-03-01,PKG-BOARD-350 · Export,PKG-BOARD-350,Folding boxboard 350gsm,Packaging board,Export,Qazvin Manufacturing Site,Qazvin,Qazvin Finished Goods,Board line,Mixed domestic/imported supply,105.9,68.6,61.4,124.5,531235600,0.96,727720000,88.5,15.5,1.5,7.2,0.022,401878,32.2,161.0,100.2,803.4,13.2,2.9,51.4,0.955,109.7,21,NOWRUZ_SHUTDOWN,53
95.72,2024-03-01,OFF-UWF-080 · Domestic,OFF-UWF-080,Uncoated woodfree 80gsm,Writing paper,Domestic,Qazvin Manufacturing Site,Qazvin,Qazvin Finished Goods,Paper line B,Mixed domestic/imported supply,284.7,130.7,49.0,222.1,555916900,0.93,761530000,86.2,30.1,2.1,6.0,0.027,401878,32.2,161.0,100.2,803.4,13.2,2.9,51.4,0.955,109.7,21,NOWRUZ_SHUTDOWN,53
69.8,2024-03-01,OFF-UWF-070 · Public sector,OFF-UWF-070,Uncoated woodfree 70gsm,Writing paper,Public sector,Qazvin Manufacturing Site,Qazvin,Qazvin Finished Goods,Paper line B,Mixed domestic/imported supply,136.7,72.9,46.4,145.4,580598200,0.93,795340000,88.7,22.4,1.6,7.6,0.02,401878,32.2,161.0,100.2,803.4,13.2,2.9,51.4,0.955,109.7,21,NOWRUZ_SHUTDOWN,53
58.49,2024-03-01,COA-ART-135 · Domestic,COA-ART-135,Coated art paper 135gsm,Commercial print,Domestic,Qazvin Manufacturing Site,Qazvin,Qazvin Finished Goods,Coating line,Mixed domestic/imported supply,136.2,64.9,57.4,116.6,605279500,0.93,829150000,87.3,25.6,1.8,5.5,0.065,401878,32.2,161.0,100.2,803.4,13.2,2.9,51.4,0.955,109.7,21,NOWRUZ_SHUTDOWN,53
48.88,2024-03-01,COA-ART-170 · Domestic,COA-ART-170,Coated art paper 170gsm,Commercial print,Domestic,Qazvin Manufacturing Site,Qazvin,Qazvin Finished Goods,Coating line,Mixed domestic/imported supply,90.3,50.6,45.4,98.3,629960800,0.93,862960000,84.7,18.1,1.5,5.3,0.015,401878,32.2,161.0,100.2,803.4,13.2,2.9,51.4,0.955,109.7,21,NOWRUZ_SHUTDOWN,53
54.09,2024-03-01,LBL-STOCK-090 · FMCG,LBL-STOCK-090,Label stock 90gsm,Labels,FMCG,Qazvin Manufacturing Site,Qazvin,Qazvin Finished Goods,Coating line,Mixed domestic/imported supply,101.7,57.8,46.1,94.9,654642100,0.96,896770000,90.6,11.3,1.2,7.7,0.093,401878,32.2,161.0,100.2,803.4,13.2,2.9,51.4,0.955,109.7,21,NOWRUZ_SHUTDOWN,53
50.78,2024-03-01,IND-CORE-250 · Domestic,IND-CORE-250,Industrial core board,Industrial,Domestic,Qazvin Manufacturing Site,Qazvin,Qazvin Finished Goods,Board line,Mixed domestic/imported supply,113.7,49.0,57.4,105.3,679323400,0.93,930580000,83.5,13.3,1.0,6.8,0.051,401878,32.2,161.0,100.2,803.4,13.2,2.9,51.4,0.955,109.7,21,NOWRUZ_SHUTDOWN,53
59.82,2024-03-01,FOD-GRADE-110 · FMCG,FOD-GRADE-110,Food-grade paper 110gsm,Food packaging,FMCG,Qazvin Manufacturing Site,Qazvin,Qazvin Finished Goods,Paper line A,Mixed domestic/imported supply,151.4,63.6,57.4,107.6,704004700,0.96,964390000,81.2,17.9,1.3,5.2,0.043,401878,32.2,161.0,100.2,803.4,13.2,2.9,51.4,0.955,109.7,21,NOWRUZ_SHUTDOWN,53
21.85,2024-03-01,NCR-SET-080 · Public sector,NCR-SET-080,NCR forms 80gsm,Specialty,Public sector,Qazvin Manufacturing Site,Qazvin,Qazvin Finished Goods,Specialty line,Mixed domestic/imported supply,59.4,26.8,59.4,59.3,728686000,0.93,998200000,85.4,6.6,0.7,7.4,0.01,401878,32.2,161.0,100.2,803.4,13.2,2.9,51.4,0.955,109.7,21,NOWRUZ_SHUTDOWN,53
59.57,2024-03-01,EXP-KRAFT-140 · Export,EXP-KRAFT-140,Export kraft 140gsm,Packaging paper,Export,Qazvin Manufacturing Site,Qazvin,Qazvin Finished Goods,Paper line A,Mixed domestic/imported supply,84.1,47.3,57.6,96.3,753367300,0.96,1032010000,89.5,18.2,1.6,4.7,0.047,401878,32.2,161.0,100.2,803.4,13.2,2.9,51.4,0.955,109.7,21,NOWRUZ_SHUTDOWN,53
128.42,2024-04-01,PKG-KRAFT-120 · Domestic,PKG-KRAFT-120,Kraft liner 120gsm,Packaging paper,Domestic,Qazvin Manufacturing Site,Qazvin,Qazvin Finished Goods,Paper line A,Mixed domestic/imported supply,251.7,106.7,59.0,176.2,491151300,0.93,672810000,97.5,37.6,4.1,6.1,0.027,406154,31.7,164.1,100.6,810.7,20.4,13.1,51.8,0.951,110.0,23,NORMAL,8
105.27,2024-04-01,PKG-BOARD-300 · Domestic,PKG-BOARD-300,Folding boxboard 300gsm,Packaging board,Domestic,Qazvin Manufacturing Site,Qazvin,Qazvin Finished Goods,Board line,Mixed domestic/imported supply,159.0,74.4,58.2,148.6,516307830,0.93,707271000,94.7,24.9,2.7,6.3,0.044,406154,31.7,164.1,100.6,810.7,20.4,13.1,51.8,0.951,110.0,23,NORMAL,8
99.01,2024-04-01,PKG-BOARD-350 · Export,PKG-BOARD-350,Folding boxboard 350gsm,Packaging board,Export,Qazvin Manufacturing Site,Qazvin,Qazvin Finished Goods,Board line,Mixed domestic/imported supply,141.5,70.3,55.4,119.8,541464360,0.96,741732000,96.4,15.6,1.7,6.0,0.055,406154,31.7,164.1,100.6,810.7,20.4,13.1,51.8,0.951,110.0,23,NORMAL,8
131.44,2024-04-01,OFF-UWF-080 · Domestic,OFF-UWF-080,Uncoated woodfree 80gsm,Writing paper,Domestic,Qazvin Manufacturing Site,Qazvin,Qazvin Finished Goods,Paper line B,Mixed domestic/imported supply,202.9,97.4,55.8,205.7,566620890,0.93,776193000,93.7,39.2,3.7,2.5,0.025,406154,31.7,164.1,100.6,810.7,20.4,13.1,51.8,0.951,110.0,23,NORMAL,8
87.24,2024-04-01,OFF-UWF-070 · Public sector,OFF-UWF-070,Uncoated woodfree 70gsm,Writing paper,Public sector,Qazvin Manufacturing Site,Qazvin,Qazvin Finished Goods,Paper line B,Mixed domestic/imported supply,169.0,77.2,56.8,134.9,591777420,0.93,810654000,97.0,19.6,1.5,7.1,0.029,406154,31.7,164.1,100.6,810.7,20.4,13.1,51.8,0.951,110.0,23,NORMAL,8
84.42,2024-04-01,COA-ART-135 · Domestic,COA-ART-135,Coated art paper 135gsm,Commercial print,Domestic,Qazvin Manufacturing Site,Qazvin,Qazvin Finished Goods,Coating line,Mixed domestic/imported supply,133.4,64.5,46.6,121.2,616933950,0.93,845115000,96.9,19.9,1.8,5.2,0.078,406154,31.7,164.1,100.6,810.7,20.4,13.1,51.8,0.951,110.0,23,NORMAL,8
66.71,2024-04-01,COA-ART-170 · Domestic,COA-ART-170,Coated art paper 170gsm,Commercial print,Domestic,Qazvin Manufacturing Site,Qazvin,Qazvin Finished Goods,Coating line,Mixed domestic/imported supply,99.0,59.8,45.5,108.8,642090480,0.93,879576000,95.7,21.7,2.2,5.5,0.005,406154,31.7,164.1,100.6,810.7,20.4,13.1,51.8,0.951,110.0,23,NORMAL,8
68.34,2024-04-01,LBL-STOCK-090 · FMCG,LBL-STOCK-090,Label stock 90gsm,Labels,FMCG,Qazvin Manufacturing Site,Qazvin,Qazvin Finished Goods,Coating line,Mixed domestic/imported supply,106.1,53.4,56.9,92.4,667247010,0.96,914037000,92.0,19.3,2.2,4.6,0.064,406154,31.7,164.1,100.6,810.7,20.4,13.1,51.8,0.951,110.0,23,NORMAL,8
74.94,2024-04-01,IND-CORE-250 · Domestic,IND-CORE-250,Industrial core board,Industrial,Domestic,Qazvin Manufacturing Site,Qazvin,Qazvin Finished Goods,Board line,Mixed domestic/imported supply,140.9,67.1,58.6,108.7,692403540,0.93,948498000,92.9,18.4,1.6,7.6,0.019,406154,31.7,164.1,100.6,810.7,20.4,13.1,51.8,0.951,110.0,23,NORMAL,8
86.64,2024-04-01,FOD-GRADE-110 · FMCG,FOD-GRADE-110,Food-grade paper 110gsm,Food packaging,FMCG,Qazvin Manufacturing Site,Qazvin,Qazvin Finished Goods,Paper line A,Mixed domestic/imported supply,135.0,63.9,44.9,121.8,717560070,0.96,982959000,92.5,17.5,1.7,6.3,0.056,406154,31.7,164.1,100.6,810.7,20.4,13.1,51.8,0.951,110.0,23,NORMAL,8
32.58,2024-04-01,NCR-SET-080 · Public sector,NCR-SET-080,NCR forms 80gsm,Specialty,Public sector,Qazvin Manufacturing Site,Qazvin,Qazvin Finished Goods,Specialty line,Mixed domestic/imported supply,73.0,25.0,56.3,60.5,742716600,0.93,1017420000,95.5,9.6,1.0,5.4,0.058,406154,31.7,164.1,100.6,810.7,20.4,13.1,51.8,0.951,110.0,23,NORMAL,8
70.85,2024-04-01,EXP-KRAFT-140 · Export,EXP-KRAFT-140,Export kraft 140gsm,Packaging paper,Export,Qazvin Manufacturing Site,Qazvin,Qazvin Finished Goods,Paper line A,Mixed domestic/imported supply,114.5,45.5,49.4,95.7,767873130,0.96,1051881000,92.8,11.8,1.4,4.2,0.076,406154,31.7,164.1,100.6,810.7,20.4,13.1,51.8,0.951,110.0,23,NORMAL,8
144.53,2024-05-01,PKG-KRAFT-120 · Domestic,PKG-KRAFT-120,Kraft liner 120gsm,Packaging paper,Domestic,Qazvin Manufacturing Site,Qazvin,Qazvin Finished Goods,Paper line A,Mixed domestic/imported supply,253.9,116.2,61.2,171.8,501028200,0.93,686340000,97.6,37.6,3.7,6.8,0.046,409840,31.3,167.4,101.1,816.8,26.5,20.8,52.0,0.946,110.0,25,NORMAL,8
124.5,2024-05-01,PKG-BOARD-300 · Domestic,PKG-BOARD-300,Folding boxboard 300gsm,Packaging board,Domestic,Qazvin Manufacturing Site,Qazvin,Qazvin Finished Goods,Board line,Mixed domestic/imported supply,186.1,79.4,46.2,150.4,526690620,0.93,721494000,101.5,27.4,2.3,7.0,0.032,409840,31.3,167.4,101.1,816.8,26.5,20.8,52.0,0.946,110.0,25,NORMAL,8
110.31,2024-05-01,PKG-BOARD-350 · Export,PKG-BOARD-350,Folding boxboard 350gsm,Packaging board,Export,Qazvin Manufacturing Site,Qazvin,Qazvin Finished Goods,Board line,Mixed domestic/imported supply,135.2,49.0,58.2,119.9,552353040,0.96,756648000,100.4,23.0,2.0,9.0,0.051,409840,31.3,167.4,101.1,816.8,26.5,20.8,52.0,0.946,110.0,25,NORMAL,8
154.31,2024-05-01,OFF-UWF-080 · Domestic,OFF-UWF-080,Uncoated woodfree 80gsm,Writing paper,Domestic,Qazvin Manufacturing Site,Qazvin,Qazvin Finished Goods,Paper line B,Mixed domestic/imported supply,243.3,90.9,58.1,229.3,578015460,0.93,791802000,99.8,36.2,4.4,4.9,0.044,409840,31.3,167.4,101.1,816.8,26.5,20.8,52.0,0.946,110.0,25,NORMAL,8
97.44,2024-05-01,OFF-UWF-070 · Public sector,OFF-UWF-070,Uncoated woodfree 70gsm,Writing paper,Public sector,Qazvin Manufacturing Site,Qazvin,Qazvin Finished Goods,Paper line B,Mixed domestic/imported supply,175.2,61.5,48.5,145.0,603677880,0.93,826956000,95.6,27.7,2.8,8.3,0.028,409840,31.3,167.4,101.1,816.8,26.5,20.8,52.0,0.946,110.0,25,NORMAL,8
100.96,2024-05-01,COA-ART-135 · Domestic,COA-ART-135,Coated art paper 135gsm,Commercial print,Domestic,Qazvin Manufacturing Site,Qazvin,Qazvin Finished Goods,Coating line,Mixed domestic/imported supply,129.2,77.6,58.7,118.2,629340300,0.93,862110000,102.1,22.0,2.8,6.6,0.036,409840,31.3,167.4,101.1,816.8,26.5,20.8,52.0,0.946,110.0,25,NORMAL,8
77.07,2024-05-01,COA-ART-170 · Domestic,COA-ART-170,Coated art paper 170gsm,Commercial print,Domestic,Qazvin Manufacturing Site,Qazvin,Qazvin Finished Goods,Coating line,Mixed domestic/imported supply,116.8,63.6,46.7,109.5,655002720,0.93,897264000,99.7,20.2,2.1,4.9,0.062,409840,31.3,167.4,101.1,816.8,26.5,20.8,52.0,0.946,110.0,25,NORMAL,8
88.93,2024-05-01,LBL-STOCK-090 · FMCG,LBL-STOCK-090,Label stock 90gsm,Labels,FMCG,Qazvin Manufacturing Site,Qazvin,Qazvin Finished Goods,Coating line,Mixed domestic/imported supply,122.7,44.8,51.2,97.1,680665140,0.96,932418000,105.8,23.2,2.5,3.2,0.029,409840,31.3,167.4,101.1,816.8,26.5,20.8,52.0,0.946,110.0,25,NORMAL,8
89.15,2024-05-01,IND-CORE-250 · Domestic,IND-CORE-250,Industrial core board,Industrial,Domestic,Qazvin Manufacturing Site,Qazvin,Qazvin Finished Goods,Board line,Mixed domestic/imported supply,143.6,63.6,58.4,100.5,706327560,0.93,967572000,104.3,17.9,1.9,5.8,0.049,409840,31.3,167.4,101.1,816.8,26.5,20.8,52.0,0.946,110.0,25,NORMAL,8
101.12,2024-05-01,FOD-GRADE-110 · FMCG,FOD-GRADE-110,Food-grade paper 110gsm,Food packaging,FMCG,Qazvin Manufacturing Site,Qazvin,Qazvin Finished Goods,Paper line A,Mixed domestic/imported supply,139.1,74.6,53.3,112.1,731989980,0.96,1002726000,100.4,18.1,1.9,4.6,0.043,409840,31.3,167.4,101.1,816.8,26.5,20.8,52.0,0.946,110.0,25,NORMAL,8
14.15,2024-05-01,NCR-SET-080 · Public sector,NCR-SET-080,NCR forms 80gsm,Specialty,Public sector,Qazvin Manufacturing Site,Qazvin,Qazvin Finished Goods,Specialty line,Mixed domestic/imported supply,51.0,30.9,47.0,55.4,757652400,0.93,1037880000,98.1,10.5,1.0,4.4,0.041,409840,31.3,167.4,101.1,816.8,26.5,20.8,52.0,0.946,110.0,25,NORMAL,8
92.11,2024-05-01,EXP-KRAFT-140 · Export,EXP-KRAFT-140,Export kraft 140gsm,Packaging paper,Export,Qazvin Manufacturing Site,Qazvin,Qazvin Finished Goods,Paper line A,Mixed domestic/imported supply,77.2,50.3,51.2,94.4,783314820,0.96,1073034000,101.6,15.4,1.9,6.2,0.043,409840,31.3,167.4,101.1,816.8,26.5,20.8,52.0,0.946,110.0,25,NORMAL,8
146.99,2024-06-01,PKG-KRAFT-120 · Domestic,PKG-KRAFT-120,Kraft liner 120gsm,Packaging paper,Domestic,Qazvin Manufacturing Site,Qazvin,Qazvin Finished Goods,Paper line A,Mixed domestic/imported supply,239.5,81.7,49.3,183.0,510605800,0.93,699460000,101.6,35.1,3.4,5.6,0.042,413035,31.0,170.6,101.5,966.3,29.7,24.0,51.9,0.941,116.9,22,PULP_COST_SHOCK,65
130.0,2024-06-01,PKG-BOARD-300 · Domestic,PKG-BOARD-300,Folding boxboard 300gsm,Packaging board,Domestic,Qazvin Manufacturing Site,Qazvin,Qazvin Finished Goods,Board line,Mixed domestic/imported supply,157.4,74.9,52.8,140.1,536758780,0.93,735286000,103.9,28.2,3.1,3.1,0.036,413035,31.0,170.6,101.5,966.3,29.7,24.0,51.9,0.941,116.9,22,PULP_COST_SHOCK,65
103.65,2024-06-01,PKG-BOARD-350 · Export,PKG-BOARD-350,Folding boxboard 350gsm,Packaging board,Export,Qazvin Manufacturing Site,Qazvin,Qazvin Finished Goods,Board line,Mixed domestic/imported supply,148.2,54.4,53.1,106.7,562911760,0.96,771112000,96.4,23.6,2.4,8.6,0.043,413035,31.0,170.6,101.5,966.3,29.7,24.0,51.9,0.941,116.9,22,PULP_COST_SHOCK,65
162.86,2024-06-01,OFF-UWF-080 · Domestic,OFF-UWF-080,Uncoated woodfree 80gsm,Writing paper,Domestic,Qazvin Manufacturing Site,Qazvin,Qazvin Finished Goods,Paper line B,Mixed domestic/imported supply,265.4,124.2,61.3,228.8,589064740,0.93,806938000,106.0,35.2,4.0,8.6,0.033,413035,31.0,170.6,101.5,966.3,29.7,24.0,51.9,0.941,116.9,22,PULP_COST_SHOCK,65
105.12,2024-06-01,OFF-UWF-070 · Public sector,OFF-UWF-070,Uncoated woodfree 70gsm,Writing paper,Public sector,Qazvin Manufacturing Site,Qazvin,Qazvin Finished Goods,Paper line B,Mixed domestic/imported supply,164.8,84.2,58.7,130.6,615217720,0.93,842764000,102.4,27.3,2.8,3.7,0.059,413035,31.0,170.6,101.5,966.3,29.7,24.0,51.9,0.941,116.9,22,PULP_COST_SHOCK,65
101.33,2024-06-01,COA-ART-135 · Domestic,COA-ART-135,Coated art paper 135gsm,Commercial print,Domestic,Qazvin Manufacturing Site,Qazvin,Qazvin Finished Goods,Coating line,Mixed domestic/imported supply,129.7,70.6,60.1,132.2,641370700,0.93,878590000,102.4,22.1,2.0,3.9,0.018,413035,31.0,170.6,101.5,966.3,29.7,24.0,51.9,0.941,116.9,22,PULP_COST_SHOCK,65
74.22,2024-06-01,COA-ART-170 · Domestic,COA-ART-170,Coated art paper 170gsm,Commercial print,Domestic,Qazvin Manufacturing Site,Qazvin,Qazvin Finished Goods,Coating line,Mixed domestic/imported supply,108.5,62.5,45.4,97.2,667523680,0.93,914416000,98.4,22.1,2.6,6.9,0.023,413035,31.0,170.6,101.5,966.3,29.7,24.0,51.9,0.941,116.9,22,PULP_COST_SHOCK,65
85.78,2024-06-01,LBL-STOCK-090 · FMCG,LBL-STOCK-090,Label stock 90gsm,Labels,FMCG,Qazvin Manufacturing Site,Qazvin,Qazvin Finished Goods,Coating line,Mixed domestic/imported supply,84.6,45.7,55.4,87.2,693676660,0.96,950242000,103.5,20.5,2.8,3.6,0.024,413035,31.0,170.6,101.5,966.3,29.7,24.0,51.9,0.941,116.9,22,PULP_COST_SHOCK,65
89.71,2024-06-01,IND-CORE-250 · Domestic,IND-CORE-250,Industrial core board,Industrial,Domestic,Qazvin Manufacturing Site,Qazvin,Qazvin Finished Goods,Board line,Mixed domestic/imported supply,105.9,62.3,56.1,115.3,719829640,0.93,986068000,103.0,20.7,1.9,8.1,0.064,413035,31.0,170.6,101.5,966.3,29.7,24.0,51.9,0.941,116.9,22,PULP_COST_SHOCK,65
103.68,2024-06-01,FOD-GRADE-110 · FMCG,FOD-GRADE-110,Food-grade paper 110gsm,Food packaging,FMCG,Qazvin Manufacturing Site,Qazvin,Qazvin Finished Goods,Paper line A,Mixed domestic/imported supply,157.4,63.2,47.2,127.7,745982620,0.96,1021894000,104.5,19.4,1.8,4.6,0.027,413035,31.0,170.6,101.5,966.3,29.7,24.0,51.9,0.941,116.9,22,PULP_COST_SHOCK,65
33.94,2024-06-01,NCR-SET-080 · Public sector,NCR-SET-080,NCR forms 80gsm,Specialty,Public sector,Qazvin Manufacturing Site,Qazvin,Qazvin Finished Goods,Specialty line,Mixed domestic/imported supply,67.2,32.7,49.5,60.8,772135600,0.93,1057720000,105.3,8.2,1.1,9.0,0.024,413035,31.0,170.6,101.5,966.3,29.7,24.0,51.9,0.941,116.9,22,PULP_COST_SHOCK,65
94.69,2024-06-01,EXP-KRAFT-140 · Export,EXP-KRAFT-140,Export kraft 140gsm,Packaging paper,Export,Qazvin Manufacturing Site,Qazvin,Qazvin Finished Goods,Paper line A,Mixed domestic/imported supply,93.6,54.9,52.3,80.4,798288580,0.96,1093546000,104.1,21.9,2.3,8.7,0.067,413035,31.0,170.6,101.5,966.3,29.7,24.0,51.9,0.941,116.9,22,PULP_COST_SHOCK,65
143.4,2024-07-01,PKG-KRAFT-120 · Domestic,PKG-KRAFT-120,Kraft liner 120gsm,Packaging paper,Domestic,Qazvin Manufacturing Site,Qazvin,Qazvin Finished Goods,Paper line A,Mixed domestic/imported supply,173.4,113.7,54.4,195.3,520183400,0.93,712580000,99.5,24.7,3.4,3.4,0.069,415878,30.8,173.8,102.0,824.0,29.3,21.8,51.6,0.937,109.6,25,NORMAL,8
125.94,2024-07-01,PKG-BOARD-300 · Domestic,PKG-BOARD-300,Folding boxboard 300gsm,Packaging board,Domestic,Qazvin Manufacturing Site,Qazvin,Qazvin Finished Goods,Board line,Mixed domestic/imported supply,196.7,82.3,60.0,150.4,546826940,0.93,749078000,100.4,33.8,4.3,5.8,0.048,415878,30.8,173.8,102.0,824.0,29.3,21.8,51.6,0.937,109.6,25,NORMAL,8
101.43,2024-07-01,PKG-BOARD-350 · Export,PKG-BOARD-350,Folding boxboard 350gsm,Packaging board,Export,Qazvin Manufacturing Site,Qazvin,Qazvin Finished Goods,Board line,Mixed domestic/imported supply,101.0,56.7,57.3,106.8,573470480,0.96,785576000,99.5,19.6,2.2,1.8,0.071,415878,30.8,173.8,102.0,824.0,29.3,21.8,51.6,0.937,109.6,25,NORMAL,8
146.55,2024-07-01,OFF-UWF-080 · Domestic,OFF-UWF-080,Uncoated woodfree 80gsm,Writing paper,Domestic,Qazvin Manufacturing Site,Qazvin,Qazvin Finished Goods,Paper line B,Mixed domestic/imported supply,230.1,118.9,53.8,210.2,600114020,0.93,822074000,94.0,36.2,3.9,4.8,0.036,415878,30.8,173.8,102.0,824.0,29.3,21.8,51.6,0.937,109.6,25,NORMAL,8
96.16,2024-07-01,OFF-UWF-070 · Public sector,OFF-UWF-070,Uncoated woodfree 70gsm,Writing paper,Public sector,Qazvin Manufacturing Site,Qazvin,Qazvin Finished Goods,Paper line B,Mixed domestic/imported supply,144.4,60.3,50.9,122.4,626757560,0.93,858572000,100.4,24.7,3.0,9.8,0.04,415878,30.8,173.8,102.0,824.0,29.3,21.8,51.6,0.937,109.6,25,NORMAL,8
90.41,2024-07-01,COA-ART-135 · Domestic,COA-ART-135,Coated art paper 135gsm,Commercial print,Domestic,Qazvin Manufacturing Site,Qazvin,Qazvin Finished Goods,Coating line,Mixed domestic/imported supply,163.9,69.9,58.0,115.7,653401100,0.93,895070000,100.0,25.2,2.7,5.0,0.063,415878,30.8,173.8,102.0,824.0,29.3,21.8,51.6,0.937,109.6,25,NORMAL,8
79.12,2024-07-01,COA-ART-170 · Domestic,COA-ART-170,Coated art paper 170gsm,Commercial print,Domestic,Qazvin Manufacturing Site,Qazvin,Qazvin Finished Goods,Coating line,Mixed domestic/imported supply,111.7,55.6,54.5,100.8,680044640,0.93,931568000,101.4,16.8,1.8,9.3,0.026,415878,30.8,173.8,102.0,824.0,29.3,21.8,51.6,0.937,109.6,25,NORMAL,8
75.43,2024-07-01,LBL-STOCK-090 · FMCG,LBL-STOCK-090,Label stock 90gsm,Labels,FMCG,Qazvin Manufacturing Site,Qazvin,Qazvin Finished Goods,Coating line,Mixed domestic/imported supply,122.7,48.1,61.4,95.2,706688180,0.96,968066000,100.5,21.4,2.5,7.4,0.05,415878,30.8,173.8,102.0,824.0,29.3,21.8,51.6,0.937,109.6,25,NORMAL,8
89.21,2024-07-01,IND-CORE-250 · Domestic,IND-CORE-250,Industrial core board,Industrial,Domestic,Qazvin Manufacturing Site,Qazvin,Qazvin Finished Goods,Board line,Mixed domestic/imported supply,140.9,52.5,52.5,107.9,733331720,0.93,1004564000,99.0,20.5,3.1,2.8,0.059,415878,30.8,173.8,102.0,824.0,29.3,21.8,51.6,0.937,109.6,25,NORMAL,8
90.27,2024-07-01,FOD-GRADE-110 · FMCG,FOD-GRADE-110,Food-grade paper 110gsm,Food packaging,FMCG,Qazvin Manufacturing Site,Qazvin,Qazvin Finished Goods,Paper line A,Mixed domestic/imported supply,137.2,66.4,54.8,107.5,759975260,0.96,1041062000,95.8,19.4,2.2,4.1,0.049,415878,30.8,173.8,102.0,824.0,29.3,21.8,51.6,0.937,109.6,25,NORMAL,8
34.41,2024-07-01,NCR-SET-080 · Public sector,NCR-SET-080,NCR forms 80gsm,Specialty,Public sector,Qazvin Manufacturing Site,Qazvin,Qazvin Finished Goods,Specialty line,Mixed domestic/imported supply,75.4,33.8,50.2,55.4,786618800,0.93,1077560000,98.2,10.2,1.4,7.6,0.055,415878,30.8,173.8,102.0,824.0,29.3,21.8,51.6,0.937,109.6,25,NORMAL,8
85.74,2024-07-01,EXP-KRAFT-140 · Export,EXP-KRAFT-140,Export kraft 140gsm,Packaging paper,Export,Qazvin Manufacturing Site,Qazvin,Qazvin Finished Goods,Paper line A,Mixed domestic/imported supply,115.9,52.4,50.6,89.4,813262340,0.96,1114058000,97.9,11.9,1.3,5.4,0.046,415878,30.8,173.8,102.0,824.0,29.3,21.8,51.6,0.937,109.6,25,NORMAL,8
117.15,2024-08-01,PKG-KRAFT-120 · Domestic,PKG-KRAFT-120,Kraft liner 120gsm,Packaging paper,Domestic,Qazvin Manufacturing Site,Qazvin,Qazvin Finished Goods,Paper line A,Mixed domestic/imported supply,245.4,82.6,47.8,168.1,529761000,0.93,725700000,99.1,36.1,3.9,15.2,0.037,418547,30.8,177.0,102.5,825.0,25.3,68.9,51.1,0.932,109.2,25,POWER_CURTAILMENT,76
98.75,2024-08-01,PKG-BOARD-300 · Domestic,PKG-BOARD-300,Folding boxboard 300gsm,Packaging board,Domestic,Qazvin Manufacturing Site,Qazvin,Qazvin Finished Goods,Board line,Mixed domestic/imported supply,137.3,69.3,53.5,157.7,556895100,0.93,762870000,99.2,21.0,3.3,14.5,0.043,418547,30.8,177.0,102.5,825.0,25.3,68.9,51.1,0.932,109.2,25,POWER_CURTAILMENT,76
84.46,2024-08-01,PKG-BOARD-350 · Export,PKG-BOARD-350,Folding boxboard 350gsm,Packaging board,Export,Qazvin Manufacturing Site,Qazvin,Qazvin Finished Goods,Board line,Mixed domestic/imported supply,149.4,61.7,49.3,114.5,584029200,0.96,800040000,97.1,20.1,3.1,20.5,0.051,418547,30.8,177.0,102.5,825.0,25.3,68.9,51.1,0.932,109.2,25,POWER_CURTAILMENT,76
125.51,2024-08-01,OFF-UWF-080 · Domestic,OFF-UWF-080,Uncoated woodfree 80gsm,Writing paper,Domestic,Qazvin Manufacturing Site,Qazvin,Qazvin Finished Goods,Paper line B,Mixed domestic/imported supply,236.2,107.2,46.7,231.8,611163300,0.93,837210000,99.7,31.5,3.9,15.0,0.074,418547,30.8,177.0,102.5,825.0,25.3,68.9,51.1,0.932,109.2,25,POWER_CURTAILMENT,76
73.14,2024-08-01,OFF-UWF-070 · Public sector,OFF-UWF-070,Uncoated woodfree 70gsm,Writing paper,Public sector,Qazvin Manufacturing Site,Qazvin,Qazvin Finished Goods,Paper line B,Mixed domestic/imported supply,159.6,73.2,48.7,133.0,638297400,0.93,874380000,94.1,16.5,2.4,12.6,0.074,418547,30.8,177.0,102.5,825.0,25.3,68.9,51.1,0.932,109.2,25,POWER_CURTAILMENT,76
73.92,2024-08-01,COA-ART-135 · Domestic,COA-ART-135,Coated art paper 135gsm,Commercial print,Domestic,Qazvin Manufacturing Site,Qazvin,Qazvin Finished Goods,Coating line,Mixed domestic/imported supply,109.2,53.7,45.0,119.9,665431500,0.93,911550000,96.8,24.5,3.4,16.9,0.017,418547,30.8,177.0,102.5,825.0,25.3,68.9,51.1,0.932,109.2,25,POWER_CURTAILMENT,76
67.2,2024-08-01,COA-ART-170 · Domestic,COA-ART-170,Coated art paper 170gsm,Commercial print,Domestic,Qazvin Manufacturing Site,Qazvin,Qazvin Finished Goods,Coating line,Mixed domestic/imported supply,110.7,50.9,53.5,95.1,692565600,0.93,948720000,96.9,15.1,2.3,18.9,0.052,418547,30.8,177.0,102.5,825.0,25.3,68.9,51.1,0.932,109.2,25,POWER_CURTAILMENT,76
58.39,2024-08-01,LBL-STOCK-090 · FMCG,LBL-STOCK-090,Label stock 90gsm,Labels,FMCG,Qazvin Manufacturing Site,Qazvin,Qazvin Finished Goods,Coating line,Mixed domestic/imported supply,117.2,49.4,47.9,87.4,719699700,0.96,985890000,99.4,14.0,1.5,15.2,0.05,418547,30.8,177.0,102.5,825.0,25.3,68.9,51.1,0.932,109.2,25,POWER_CURTAILMENT,76
66.13,2024-08-01,IND-CORE-250 · Domestic,IND-CORE-250,Industrial core board,Industrial,Domestic,Qazvin Manufacturing Site,Qazvin,Qazvin Finished Goods,Board line,Mixed domestic/imported supply,100.6,49.6,47.3,99.1,746833800,0.93,1023060000,98.3,25.0,3.0,13.4,0.04,418547,30.8,177.0,102.5,825.0,25.3,68.9,51.1,0.932,109.2,25,POWER_CURTAILMENT,76
82.36,2024-08-01,FOD-GRADE-110 · FMCG,FOD-GRADE-110,Food-grade paper 110gsm,Food packaging,FMCG,Qazvin Manufacturing Site,Qazvin,Qazvin Finished Goods,Paper line A,Mixed domestic/imported supply,111.1,51.6,49.7,125.5,773967900,0.96,1060230000,95.9,17.8,2.3,17.1,0.059,418547,30.8,177.0,102.5,825.0,25.3,68.9,51.1,0.932,109.2,25,POWER_CURTAILMENT,76
29.04,2024-08-01,NCR-SET-080 · Public sector,NCR-SET-080,NCR forms 80gsm,Specialty,Public sector,Qazvin Manufacturing Site,Qazvin,Qazvin Finished Goods,Specialty line,Mixed domestic/imported supply,53.2,31.4,60.2,51.2,801102000,0.93,1097400000,97.5,8.0,1.1,16.8,0.023,418547,30.8,177.0,102.5,825.0,25.3,68.9,51.1,0.932,109.2,25,POWER_CURTAILMENT,76
73.32,2024-08-01,EXP-KRAFT-140 · Export,EXP-KRAFT-140,Export kraft 140gsm,Packaging paper,Export,Qazvin Manufacturing Site,Qazvin,Qazvin Finished Goods,Paper line A,Mixed domestic/imported supply,110.4,37.5,45.3,85.5,828236100,0.96,1134570000,96.7,18.5,2.9,15.4,0.042,418547,30.8,177.0,102.5,825.0,25.3,68.9,51.1,0.932,109.2,25,POWER_CURTAILMENT,76
174.95,2024-09-01,PKG-KRAFT-120 · Domestic,PKG-KRAFT-120,Kraft liner 120gsm,Packaging paper,Domestic,Qazvin Manufacturing Site,Qazvin,Qazvin Finished Goods,Paper line A,Mixed domestic/imported supply,172.7,97.3,47.7,182.5,539039300,0.93,738410000,107.1,42.5,7.2,8.6,0.022,421242,30.8,180.1,103.0,824.1,18.8,5.1,50.4,0.928,108.7,22,NORMAL,8
147.45,2024-09-01,PKG-BOARD-300 · Domestic,PKG-BOARD-300,Folding boxboard 300gsm,Packaging board,Domestic,Qazvin Manufacturing Site,Qazvin,Qazvin Finished Goods,Board line,Mixed domestic/imported supply,164.0,71.6,51.2,140.5,566648630,0.93,776231000,105.1,34.5,5.6,2.4,0.07,421242,30.8,180.1,103.0,824.1,18.8,5.1,50.4,0.928,108.7,22,NORMAL,8
138.52,2024-09-01,PKG-BOARD-350 · Export,PKG-BOARD-350,Folding boxboard 350gsm,Packaging board,Export,Qazvin Manufacturing Site,Qazvin,Qazvin Finished Goods,Board line,Mixed domestic/imported supply,138.5,66.0,47.5,116.4,594257960,0.96,814052000,111.1,18.5,2.8,6.7,0.015,421242,30.8,180.1,103.0,824.1,18.8,5.1,50.4,0.928,108.7,22,NORMAL,8
182.29,2024-09-01,OFF-UWF-080 · Domestic,OFF-UWF-080,Uncoated woodfree 80gsm,Writing paper,Domestic,Qazvin Manufacturing Site,Qazvin,Qazvin Finished Goods,Paper line B,Mixed domestic/imported supply,220.8,132.5,52.4,194.9,621867290,0.93,851873000,105.1,52.1,6.0,6.0,0.044,421242,30.8,180.1,103.0,824.1,18.8,5.1,50.4,0.928,108.7,22,NORMAL,8
119.6,2024-09-01,OFF-UWF-070 · Public sector,OFF-UWF-070,Uncoated woodfree 70gsm,Writing paper,Public sector,Qazvin Manufacturing Site,Qazvin,Qazvin Finished Goods,Paper line B,Mixed domestic/imported supply,165.6,62.2,57.3,133.1,649476620,0.93,889694000,107.2,30.1,5.1,10.5,0.056,421242,30.8,180.1,103.0,824.1,18.8,5.1,50.4,0.928,108.7,22,NORMAL,8
116.45,2024-09-01,COA-ART-135 · Domestic,COA-ART-135,Coated art paper 135gsm,Commercial print,Domestic,Qazvin Manufacturing Site,Qazvin,Qazvin Finished Goods,Coating line,Mixed domestic/imported supply,148.4,52.8,56.7,117.5,677085950,0.93,927515000,108.6,30.4,3.4,5.7,0.019,421242,30.8,180.1,103.0,824.1,18.8,5.1,50.4,0.928,108.7,22,NORMAL,8
99.02,2024-09-01,COA-ART-170 · Domestic,COA-ART-170,Coated art paper 170gsm,Commercial print,Domestic,Qazvin Manufacturing Site,Qazvin,Qazvin Finished Goods,Coating line,Mixed domestic/imported supply,139.0,48.6,58.1,107.2,704695280,0.93,965336000,110.3,22.3,3.1,5.8,0.029,421242,30.8,180.1,103.0,824.1,18.8,5.1,50.4,0.928,108.7,22,NORMAL,8
97.6,2024-09-01,LBL-STOCK-090 · FMCG,LBL-STOCK-090,Label stock 90gsm,Labels,FMCG,Qazvin Manufacturing Site,Qazvin,Qazvin Finished Goods,Coating line,Mixed domestic/imported supply,127.5,57.5,59.4,99.1,732304610,0.96,1003157000,109.0,18.9,2.0,5.6,0.028,421242,30.8,180.1,103.0,824.1,18.8,5.1,50.4,0.928,108.7,22,NORMAL,8
103.15,2024-09-01,IND-CORE-250 · Domestic,IND-CORE-250,Industrial core board,Industrial,Domestic,Qazvin Manufacturing Site,Qazvin,Qazvin Finished Goods,Board line,Mixed domestic/imported supply,143.6,51.1,53.8,100.2,759913940,0.93,1040978000,104.0,14.6,1.6,7.2,0.032,421242,30.8,180.1,103.0,824.1,18.8,5.1,50.4,0.928,108.7,22,NORMAL,8
118.44,2024-09-01,FOD-GRADE-110 · FMCG,FOD-GRADE-110,Food-grade paper 110gsm,Food packaging,FMCG,Qazvin Manufacturing Site,Qazvin,Qazvin Finished Goods,Paper line A,Mixed domestic/imported supply,131.6,72.4,57.8,113.9,787523270,0.96,1078799000,109.8,29.9,4.0,4.0,0.03,421242,30.8,180.1,103.0,824.1,18.8,5.1,50.4,0.928,108.7,22,NORMAL,8
0.04,2024-09-01,NCR-SET-080 · Public sector,NCR-SET-080,NCR forms 80gsm,Specialty,Public sector,Qazvin Manufacturing Site,Qazvin,Qazvin Finished Goods,Specialty line,Mixed domestic/imported supply,75.1,28.5,51.6,55.4,815132600,0.93,1116620000,106.5,12.0,1.9,4.6,0.015,421242,30.8,180.1,103.0,824.1,18.8,5.1,50.4,0.928,108.7,22,NORMAL,8
109.27,2024-09-01,EXP-KRAFT-140 · Export,EXP-KRAFT-140,Export kraft 140gsm,Packaging paper,Export,Qazvin Manufacturing Site,Qazvin,Qazvin Finished Goods,Paper line A,Mixed domestic/imported supply,109.0,52.9,57.7,86.9,842741930,0.96,1154441000,110.6,16.0,1.9,6.7,0.088,421242,30.8,180.1,103.0,824.1,18.8,5.1,50.4,0.928,108.7,22,NORMAL,8
199.35,2024-10-01,PKG-KRAFT-120 · Domestic,PKG-KRAFT-120,Kraft liner 120gsm,Packaging paper,Domestic,Qazvin Manufacturing Site,Qazvin,Qazvin Finished Goods,Paper line A,Mixed domestic/imported supply,180.7,79.3,50.2,195.6,548317600,0.93,751120000,112.0,34.0,5.4,7.0,0.058,424169,31.0,183.2,103.4,821.4,11.6,0.0,49.6,0.924,108.1,27,NORMAL,8
165.73,2024-10-01,PKG-BOARD-300 · Domestic,PKG-BOARD-300,Folding boxboard 300gsm,Packaging board,Domestic,Qazvin Manufacturing Site,Qazvin,Qazvin Finished Goods,Board line,Mixed domestic/imported supply,161.9,73.2,52.4,138.7,576402160,0.93,789592000,109.5,24.5,3.2,4.5,0.035,424169,31.0,183.2,103.4,821.4,11.6,0.0,49.6,0.924,108.1,27,NORMAL,8
151.22,2024-10-01,PKG-BOARD-350 · Export,PKG-BOARD-350,Folding boxboard 350gsm,Packaging board,Export,Qazvin Manufacturing Site,Qazvin,Qazvin Finished Goods,Board line,Mixed domestic/imported supply,97.7,48.5,54.9,120.1,604486720,0.96,828064000,111.3,27.0,4.0,5.9,0.04,424169,31.0,183.2,103.4,821.4,11.6,0.0,49.6,0.924,108.1,27,NORMAL,8
200.44,2024-10-01,OFF-UWF-080 · Domestic,OFF-UWF-080,Uncoated woodfree 80gsm,Writing paper,Domestic,Qazvin Manufacturing Site,Qazvin,Qazvin Finished Goods,Paper line B,Mixed domestic/imported supply,200.8,106.5,59.4,216.0,632571280,0.93,866536000,109.3,30.9,4.2,5.2,0.009,424169,31.0,183.2,103.4,821.4,11.6,0.0,49.6,0.924,108.1,27,NORMAL,8
132.04,2024-10-01,OFF-UWF-070 · Public sector,OFF-UWF-070,Uncoated woodfree 70gsm,Writing paper,Public sector,Qazvin Manufacturing Site,Qazvin,Qazvin Finished Goods,Paper line B,Mixed domestic/imported supply,147.9,70.7,45.2,138.9,660655840,0.93,905008000,106.7,25.8,4.1,5.0,0.043,424169,31.0,183.2,103.4,821.4,11.6,0.0,49.6,0.924,108.1,27,NORMAL,8
123.52,2024-10-01,COA-ART-135 · Domestic,COA-ART-135,Coated art paper 135gsm,Commercial print,Domestic,Qazvin Manufacturing Site,Qazvin,Qazvin Finished Goods,Coating line,Mixed domestic/imported supply,147.4,66.0,56.6,132.9,688740400,0.93,943480000,105.3,23.0,2.8,5.0,0.029,424169,31.0,183.2,103.4,821.4,11.6,0.0,49.6,0.924,108.1,27,NORMAL,8
104.92,2024-10-01,COA-ART-170 · Domestic,COA-ART-170,Coated art paper 170gsm,Commercial print,Domestic,Qazvin Manufacturing Site,Qazvin,Qazvin Finished Goods,Coating line,Mixed domestic/imported supply,135.8,51.0,46.3,109.3,716824960,0.93,981952000,107.8,14.6,2.5,2.3,0.021,424169,31.0,183.2,103.4,821.4,11.6,0.0,49.6,0.924,108.1,27,NORMAL,8
99.57,2024-10-01,LBL-STOCK-090 · FMCG,LBL-STOCK-090,Label stock 90gsm,Labels,FMCG,Qazvin Manufacturing Site,Qazvin,Qazvin Finished Goods,Coating line,Mixed domestic/imported supply,81.0,57.4,48.4,103.3,744909520,0.96,1020424000,107.6,13.9,2.0,3.5,0.031,424169,31.0,183.2,103.4,821.4,11.6,0.0,49.6,0.924,108.1,27,NORMAL,8
105.36,2024-10-01,IND-CORE-250 · Domestic,IND-CORE-250,Industrial core board,Industrial,Domestic,Qazvin Manufacturing Site,Qazvin,Qazvin Finished Goods,Board line,Mixed domestic/imported supply,98.4,51.7,51.7,105.0,772994080,0.93,1058896000,106.5,17.3,2.9,4.4,0.044,424169,31.0,183.2,103.4,821.4,11.6,0.0,49.6,0.924,108.1,27,NORMAL,8
126.56,2024-10-01,FOD-GRADE-110 · FMCG,FOD-GRADE-110,Food-grade paper 110gsm,Food packaging,FMCG,Qazvin Manufacturing Site,Qazvin,Qazvin Finished Goods,Paper line A,Mixed domestic/imported supply,141.5,57.9,42.5,117.3,801078640,0.96,1097368000,106.1,21.0,3.1,5.2,0.051,424169,31.0,183.2,103.4,821.4,11.6,0.0,49.6,0.924,108.1,27,NORMAL,8
52.3,2024-10-01,NCR-SET-080 · Public sector,NCR-SET-080,NCR forms 80gsm,Specialty,Public sector,Qazvin Manufacturing Site,Qazvin,Qazvin Finished Goods,Specialty line,Mixed domestic/imported supply,70.1,25.1,51.1,55.6,829163200,0.93,1135840000,106.4,11.8,1.4,6.3,0.044,424169,31.0,183.2,103.4,821.4,11.6,0.0,49.6,0.924,108.1,27,NORMAL,8
118.7,2024-10-01,EXP-KRAFT-140 · Export,EXP-KRAFT-140,Export kraft 140gsm,Packaging paper,Export,Qazvin Manufacturing Site,Qazvin,Qazvin Finished Goods,Paper line A,Mixed domestic/imported supply,95.3,55.2,53.5,94.2,857247760,0.96,1174312000,106.1,20.8,3.6,9.0,0.025,424169,31.0,183.2,103.4,821.4,11.6,0.0,49.6,0.924,108.1,27,NORMAL,8
181.75,2024-11-01,PKG-KRAFT-120 · Domestic,PKG-KRAFT-120,Kraft liner 120gsm,Packaging paper,Domestic,Qazvin Manufacturing Site,Qazvin,Qazvin Finished Goods,Paper line A,Mixed domestic/imported supply,206.1,83.3,58.1,170.6,557296600,0.93,763420000,107.9,33.3,5.9,7.8,0.039,427530,31.3,186.2,103.8,817.2,5.5,0.0,48.6,0.921,107.6,25,NORMAL,8
155.36,2024-11-01,PKG-BOARD-300 · Domestic,PKG-BOARD-300,Folding boxboard 300gsm,Packaging board,Domestic,Qazvin Manufacturing Site,Qazvin,Qazvin Finished Goods,Board line,Mixed domestic/imported supply,192.0,69.5,45.3,158.1,585841060,0.93,802522000,105.4,25.1,3.5,7.3,0.045,427530,31.3,186.2,103.8,817.2,5.5,0.0,48.6,0.921,107.6,25,NORMAL,8
132.93,2024-11-01,PKG-BOARD-350 · Export,PKG-BOARD-350,Folding boxboard 350gsm,Packaging board,Export,Qazvin Manufacturing Site,Qazvin,Qazvin Finished Goods,Board line,Mixed domestic/imported supply,153.8,67.5,47.2,109.9,614385520,0.96,841624000,107.4,28.8,4.4,1.7,0.038,427530,31.3,186.2,103.8,817.2,5.5,0.0,48.6,0.921,107.6,25,NORMAL,8
186.61,2024-11-01,OFF-UWF-080 · Domestic,OFF-UWF-080,Uncoated woodfree 80gsm,Writing paper,Domestic,Qazvin Manufacturing Site,Qazvin,Qazvin Finished Goods,Paper line B,Mixed domestic/imported supply,276.3,106.6,52.5,209.8,642929980,0.93,880726000,108.7,35.7,4.7,8.5,0.057,427530,31.3,186.2,103.8,817.2,5.5,0.0,48.6,0.921,107.6,25,NORMAL,8
109.77,2024-11-01,OFF-UWF-070 · Public sector,OFF-UWF-070,Uncoated woodfree 70gsm,Writing paper,Public sector,Qazvin Manufacturing Site,Qazvin,Qazvin Finished Goods,Paper line B,Mixed domestic/imported supply,154.9,79.2,47.9,133.0,671474440,0.93,919828000,102.6,31.2,5.0,4.5,0.018,427530,31.3,186.2,103.8,817.2,5.5,0.0,48.6,0.921,107.6,25,NORMAL,8
111.37,2024-11-01,COA-ART-135 · Domestic,COA-ART-135,Coated art paper 135gsm,Commercial print,Domestic,Qazvin Manufacturing Site,Qazvin,Qazvin Finished Goods,Coating line,Mixed domestic/imported supply,113.4,57.4,41.5,124.7,700018900,0.93,958930000,106.5,23.7,4.0,6.1,0.05,427530,31.3,186.2,103.8,817.2,5.5,0.0,48.6,0.921,107.6,25,NORMAL,8
88.78,2024-11-01,COA-ART-170 · Domestic,COA-ART-170,Coated art paper 170gsm,Commercial print,Domestic,Qazvin Manufacturing Site,Qazvin,Qazvin Finished Goods,Coating line,Mixed domestic/imported supply,117.9,43.5,49.7,92.3,728563360,0.93,998032000,104.3,16.0,2.2,5.6,0.045,427530,31.3,186.2,103.8,817.2,5.5,0.0,48.6,0.921,107.6,25,NORMAL,8
95.13,2024-11-01,LBL-STOCK-090 · FMCG,LBL-STOCK-090,Label stock 90gsm,Labels,FMCG,Qazvin Manufacturing Site,Qazvin,Qazvin Finished Goods,Coating line,Mixed domestic/imported supply,92.7,41.5,54.7,100.3,757107820,0.96,1037134000,107.5,16.7,2.0,4.8,0.022,427530,31.3,186.2,103.8,817.2,5.5,0.0,48.6,0.921,107.6,25,NORMAL,8
109.1,2024-11-01,IND-CORE-250 · Domestic,IND-CORE-250,Industrial core board,Industrial,Domestic,Qazvin Manufacturing Site,Qazvin,Qazvin Finished Goods,Board line,Mixed domestic/imported supply,114.2,56.3,41.7,107.3,785652280,0.93,1076236000,107.4,17.0,3.0,9.4,0.031,427530,31.3,186.2,103.8,817.2,5.5,0.0,48.6,0.921,107.6,25,NORMAL,8
123.53,2024-11-01,FOD-GRADE-110 · FMCG,FOD-GRADE-110,Food-grade paper 110gsm,Food packaging,FMCG,Qazvin Manufacturing Site,Qazvin,Qazvin Finished Goods,Paper line A,Mixed domestic/imported supply,146.9,73.1,57.4,111.6,814196740,0.96,1115338000,105.9,18.5,3.4,4.9,0.044,427530,31.3,186.2,103.8,817.2,5.5,0.0,48.6,0.921,107.6,25,NORMAL,8
41.64,2024-11-01,NCR-SET-080 · Public sector,NCR-SET-080,NCR forms 80gsm,Specialty,Public sector,Qazvin Manufacturing Site,Qazvin,Qazvin Finished Goods,Specialty line,Mixed domestic/imported supply,53.5,33.8,47.1,53.3,842741200,0.93,1154440000,104.8,11.3,1.5,7.0,0.04,427530,31.3,186.2,103.8,817.2,5.5,0.0,48.6,0.921,107.6,25,NORMAL,8
108.02,2024-11-01,EXP-KRAFT-140 · Export,EXP-KRAFT-140,Export kraft 140gsm,Packaging paper,Export,Qazvin Manufacturing Site,Qazvin,Qazvin Finished Goods,Paper line A,Mixed domestic/imported supply,112.2,48.7,51.0,96.6,871285660,0.96,1193542000,104.5,17.3,2.5,3.2,0.05,427530,31.3,186.2,103.8,817.2,5.5,0.0,48.6,0.921,107.6,25,NORMAL,8
170.19,2024-12-01,PKG-KRAFT-120 · Domestic,PKG-KRAFT-120,Kraft liner 120gsm,Packaging paper,Domestic,Qazvin Manufacturing Site,Qazvin,Qazvin Finished Goods,Paper line A,Mixed domestic/imported supply,207.0,113.6,51.0,185.9,565677000,0.93,774900000,106.1,31.7,4.8,8.1,0.036,431505,31.8,189.0,104.1,811.7,2.3,0.0,47.7,0.918,107.1,26,NORMAL,8
139.03,2024-12-01,PKG-BOARD-300 · Domestic,PKG-BOARD-300,Folding boxboard 300gsm,Packaging board,Domestic,Qazvin Manufacturing Site,Qazvin,Qazvin Finished Goods,Board line,Mixed domestic/imported supply,205.3,90.0,41.6,140.3,594650700,0.93,814590000,102.9,31.7,5.8,5.3,0.038,431505,31.8,189.0,104.1,811.7,2.3,0.0,47.7,0.918,107.1,26,NORMAL,8
123.88,2024-12-01,PKG-BOARD-350 · Export,PKG-BOARD-350,Folding boxboard 350gsm,Packaging board,Export,Qazvin Manufacturing Site,Qazvin,Qazvin Finished Goods,Board line,Mixed domestic/imported supply,137.6,65.2,53.7,106.2,623624400,0.96,854280000,106.1,21.9,3.1,6.4,0.037,431505,31.8,189.0,104.1,811.7,2.3,0.0,47.7,0.918,107.1,26,NORMAL,8
165.86,2024-12-01,OFF-UWF-080 · Domestic,OFF-UWF-080,Uncoated woodfree 80gsm,Writing paper,Domestic,Qazvin Manufacturing Site,Qazvin,Qazvin Finished Goods,Paper line B,Mixed domestic/imported supply,285.6,97.9,52.4,229.1,652598100,0.93,893970000,102.3,46.1,6.6,3.7,0.04,431505,31.8,189.0,104.1,811.7,2.3,0.0,47.7,0.918,107.1,26,NORMAL,8
111.03,2024-12-01,OFF-UWF-070 · Public sector,OFF-UWF-070,Uncoated woodfree 70gsm,Writing paper,Public sector,Qazvin Manufacturing Site,Qazvin,Qazvin Finished Goods,Paper line B,Mixed domestic/imported supply,130.0,67.3,51.2,125.2,681571800,0.93,933660000,101.2,21.4,3.0,7.2,0.051,431505,31.8,189.0,104.1,811.7,2.3,0.0,47.7,0.918,107.1,26,NORMAL,8
110.26,2024-12-01,COA-ART-135 · Domestic,COA-ART-135,Coated art paper 135gsm,Commercial print,Domestic,Qazvin Manufacturing Site,Qazvin,Qazvin Finished Goods,Coating line,Mixed domestic/imported supply,109.9,65.4,42.5,117.0,710545500,0.93,973350000,108.1,30.6,4.2,4.6,0.057,431505,31.8,189.0,104.1,811.7,2.3,0.0,47.7,0.918,107.1,26,NORMAL,8
81.01,2024-12-01,COA-ART-170 · Domestic,COA-ART-170,Coated art paper 170gsm,Commercial print,Domestic,Qazvin Manufacturing Site,Qazvin,Qazvin Finished Goods,Coating line,Mixed domestic/imported supply,116.2,50.5,41.7,109.0,739519200,0.93,1013040000,101.6,15.8,2.8,6.0,0.044,431505,31.8,189.0,104.1,811.7,2.3,0.0,47.7,0.918,107.1,26,NORMAL,8
94.53,2024-12-01,LBL-STOCK-090 · FMCG,LBL-STOCK-090,Label stock 90gsm,Labels,FMCG,Qazvin Manufacturing Site,Qazvin,Qazvin Finished Goods,Coating line,Mixed domestic/imported supply,82.1,42.3,41.4,93.1,768492900,0.96,1052730000,102.8,14.8,2.0,6.1,0.057,431505,31.8,189.0,104.1,811.7,2.3,0.0,47.7,0.918,107.1,26,NORMAL,8
93.53,2024-12-01,IND-CORE-250 · Domestic,IND-CORE-250,Industrial core board,Industrial,Domestic,Qazvin Manufacturing Site,Qazvin,Qazvin Finished Goods,Board line,Mixed domestic/imported supply,126.7,47.3,41.8,113.7,797466600,0.93,1092420000,101.2,22.2,3.8,4.9,0.049,431505,31.8,189.0,104.1,811.7,2.3,0.0,47.7,0.918,107.1,26,NORMAL,8
114.89,2024-12-01,FOD-GRADE-110 · FMCG,FOD-GRADE-110,Food-grade paper 110gsm,Food packaging,FMCG,Qazvin Manufacturing Site,Qazvin,Qazvin Finished Goods,Paper line A,Mixed domestic/imported supply,141.3,58.7,42.8,120.9,826440300,0.96,1132110000,104.1,21.5,2.9,9.0,0.068,431505,31.8,189.0,104.1,811.7,2.3,0.0,47.7,0.918,107.1,26,NORMAL,8
45.22,2024-12-01,NCR-SET-080 · Public sector,NCR-SET-080,NCR forms 80gsm,Specialty,Public sector,Qazvin Manufacturing Site,Qazvin,Qazvin Finished Goods,Specialty line,Mixed domestic/imported supply,70.9,29.8,52.6,59.3,855414000,0.93,1171800000,106.6,9.3,1.5,7.8,0.031,431505,31.8,189.0,104.1,811.7,2.3,0.0,47.7,0.918,107.1,26,NORMAL,8
108.19,2024-12-01,EXP-KRAFT-140 · Export,EXP-KRAFT-140,Export kraft 140gsm,Packaging paper,Export,Qazvin Manufacturing Site,Qazvin,Qazvin Finished Goods,Paper line A,Mixed domestic/imported supply,77.9,40.3,51.4,82.4,884387700,0.96,1211490000,106.0,16.9,2.2,5.2,0.069,431505,31.8,189.0,104.1,811.7,2.3,0.0,47.7,0.918,107.1,26,NORMAL,8
143.86,2025-01-01,PKG-KRAFT-120 · Domestic,PKG-KRAFT-120,Kraft liner 120gsm,Packaging paper,Domestic,Qazvin Manufacturing Site,Qazvin,Qazvin Finished Goods,Paper line A,Mixed domestic/imported supply,233.1,99.1,55.6,185.6,574057400,0.93,786380000,101.0,30.8,5.9,2.7,0.063,436241,32.3,191.8,104.4,805.1,2.7,0.0,46.7,0.916,106.8,24,NORMAL,8
124.33,2025-01-01,PKG-BOARD-300 · Domestic,PKG-BOARD-300,Folding boxboard 300gsm,Packaging board,Domestic,Qazvin Manufacturing Site,Qazvin,Qazvin Finished Goods,Board line,Mixed domestic/imported supply,201.1,81.3,43.0,151.5,603460340,0.93,826658000,102.1,25.1,3.9,6.8,0.053,436241,32.3,191.8,104.4,805.1,2.7,0.0,46.7,0.916,106.8,24,NORMAL,8
118.2,2025-01-01,PKG-BOARD-350 · Export,PKG-BOARD-350,Folding boxboard 350gsm,Packaging board,Export,Qazvin Manufacturing Site,Qazvin,Qazvin Finished Goods,Board line,Mixed domestic/imported supply,103.3,69.2,44.9,119.3,632863280,0.96,866936000,100.8,23.5,4.2,1.4,0.069,436241,32.3,191.8,104.4,805.1,2.7,0.0,46.7,0.916,106.8,24,NORMAL,8
148.44,2025-01-01,OFF-UWF-080 · Domestic,OFF-UWF-080,Uncoated woodfree 80gsm,Writing paper,Domestic,Qazvin Manufacturing Site,Qazvin,Qazvin Finished Goods,Paper line B,Mixed domestic/imported supply,223.2,95.2,55.3,232.1,662266220,0.93,907214000,99.1,37.4,7.4,7.3,0.05,436241,32.3,191.8,104.4,805.1,2.7,0.0,46.7,0.916,106.8,24,NORMAL,8
95.8,2025-01-01,OFF-UWF-070 · Public sector,OFF-UWF-070,Uncoated woodfree 70gsm,Writing paper,Public sector,Qazvin Manufacturing Site,Qazvin,Qazvin Finished Goods,Paper line B,Mixed domestic/imported supply,126.6,70.6,41.2,145.0,691669160,0.93,947492000,98.5,21.7,3.6,1.6,0.032,436241,32.3,191.8,104.4,805.1,2.7,0.0,46.7,0.916,106.8,24,NORMAL,8
90.26,2025-01-01,COA-ART-135 · Domestic,COA-ART-135,Coated art paper 135gsm,Commercial print,Domestic,Qazvin Manufacturing Site,Qazvin,Qazvin Finished Goods,Coating line,Mixed domestic/imported supply,152.7,72.6,44.3,121.4,721072100,0.93,987770000,98.0,26.8,5.2,6.8,0.03,436241,32.3,191.8,104.4,805.1,2.7,0.0,46.7,0.916,106.8,24,NORMAL,8
78.68,2025-01-01,COA-ART-170 · Domestic,COA-ART-170,Coated art paper 170gsm,Commercial print,Domestic,Qazvin Manufacturing Site,Qazvin,Qazvin Finished Goods,Coating line,Mixed domestic/imported supply,106.4,44.7,40.8,103.6,750475040,0.93,1028048000,102.0,17.9,2.8,8.0,0.016,436241,32.3,191.8,104.4,805.1,2.7,0.0,46.7,0.916,106.8,24,NORMAL,8
81.42,2025-01-01,LBL-STOCK-090 · FMCG,LBL-STOCK-090,Label stock 90gsm,Labels,FMCG,Qazvin Manufacturing Site,Qazvin,Qazvin Finished Goods,Coating line,Mixed domestic/imported supply,84.3,55.6,44.9,94.8,779877980,0.96,1068326000,100.1,16.4,3.3,7.0,0.057,436241,32.3,191.8,104.4,805.1,2.7,0.0,46.7,0.916,106.8,24,NORMAL,8
88.25,2025-01-01,IND-CORE-250 · Domestic,IND-CORE-250,Industrial core board,Industrial,Domestic,Qazvin Manufacturing Site,Qazvin,Qazvin Finished Goods,Board line,Mixed domestic/imported supply,126.9,61.8,55.7,110.4,809280920,0.93,1108604000,102.1,23.4,4.7,6.8,0.051,436241,32.3,191.8,104.4,805.1,2.7,0.0,46.7,0.916,106.8,24,NORMAL,8
98.18,2025-01-01,FOD-GRADE-110 · FMCG,FOD-GRADE-110,Food-grade paper 110gsm,Food packaging,FMCG,Qazvin Manufacturing Site,Qazvin,Qazvin Finished Goods,Paper line A,Mixed domestic/imported supply,149.5,67.1,53.7,118.7,838683860,0.96,1148882000,104.4,26.8,3.8,7.0,0.037,436241,32.3,191.8,104.4,805.1,2.7,0.0,46.7,0.916,106.8,24,NORMAL,8
5.14,2025-01-01,NCR-SET-080 · Public sector,NCR-SET-080,NCR forms 80gsm,Specialty,Public sector,Qazvin Manufacturing Site,Qazvin,Qazvin Finished Goods,Specialty line,Mixed domestic/imported supply,49.6,26.4,52.5,55.3,868086800,0.93,1189160000,98.5,11.4,1.9,5.3,0.043,436241,32.3,191.8,104.4,805.1,2.7,0.0,46.7,0.916,106.8,24,NORMAL,8
96.45,2025-01-01,EXP-KRAFT-140 · Export,EXP-KRAFT-140,Export kraft 140gsm,Packaging paper,Export,Qazvin Manufacturing Site,Qazvin,Qazvin Finished Goods,Paper line A,Mixed domestic/imported supply,106.3,49.7,52.0,90.6,897489740,0.96,1229438000,102.5,17.4,2.5,6.1,0.08,436241,32.3,191.8,104.4,805.1,2.7,0.0,46.7,0.916,106.8,24,NORMAL,8
144.26,2025-02-01,PKG-KRAFT-120 · Domestic,PKG-KRAFT-120,Kraft liner 120gsm,Packaging paper,Domestic,Qazvin Manufacturing Site,Qazvin,Qazvin Finished Goods,Paper line A,Mixed domestic/imported supply,208.6,78.6,43.5,181.4,582138500,0.93,797450000,100.4,40.2,6.6,6.1,0.063,441834,32.9,194.5,104.6,798.0,6.7,0.0,45.8,0.915,106.6,23,NORMAL,8
115.68,2025-02-01,PKG-BOARD-300 · Domestic,PKG-BOARD-300,Folding boxboard 300gsm,Packaging board,Domestic,Qazvin Manufacturing Site,Qazvin,Qazvin Finished Goods,Board line,Mixed domestic/imported supply,195.6,94.8,41.1,156.0,611955350,0.93,838295000,98.5,25.4,3.7,7.1,0.062,441834,32.9,194.5,104.6,798.0,6.7,0.0,45.8,0.915,106.6,23,NORMAL,8
106.87,2025-02-01,PKG-BOARD-350 · Export,PKG-BOARD-350,Folding boxboard 350gsm,Packaging board,Export,Qazvin Manufacturing Site,Qazvin,Qazvin Finished Goods,Board line,Mixed domestic/imported supply,125.3,66.3,48.2,120.2,641772200,0.96,879140000,98.3,15.9,2.8,8.0,0.045,441834,32.9,194.5,104.6,798.0,6.7,0.0,45.8,0.915,106.6,23,NORMAL,8
141.87,2025-02-01,OFF-UWF-080 · Domestic,OFF-UWF-080,Uncoated woodfree 80gsm,Writing paper,Domestic,Qazvin Manufacturing Site,Qazvin,Qazvin Finished Goods,Paper line B,Mixed domestic/imported supply,207.6,124.0,54.9,223.4,671589050,0.93,919985000,99.1,46.1,7.8,5.7,0.034,441834,32.9,194.5,104.6,798.0,6.7,0.0,45.8,0.915,106.6,23,NORMAL,8
91.47,2025-02-01,OFF-UWF-070 · Public sector,OFF-UWF-070,Uncoated woodfree 70gsm,Writing paper,Public sector,Qazvin Manufacturing Site,Qazvin,Qazvin Finished Goods,Paper line B,Mixed domestic/imported supply,144.8,65.0,41.5,136.8,701405900,0.93,960830000,100.2,23.1,3.3,6.6,0.065,441834,32.9,194.5,104.6,798.0,6.7,0.0,45.8,0.915,106.6,23,NORMAL,8
88.05,2025-02-01,COA-ART-135 · Domestic,COA-ART-135,Coated art paper 135gsm,Commercial print,Domestic,Qazvin Manufacturing Site,Qazvin,Qazvin Finished Goods,Coating line,Mixed domestic/imported supply,153.7,68.5,48.1,132.8,731222750,0.93,1001675000,98.9,21.9,3.9,2.9,0.03,441834,32.9,194.5,104.6,798.0,6.7,0.0,45.8,0.915,106.6,23,NORMAL,8
75.58,2025-02-01,COA-ART-170 · Domestic,COA-ART-170,Coated art paper 170gsm,Commercial print,Domestic,Qazvin Manufacturing Site,Qazvin,Qazvin Finished Goods,Coating line,Mixed domestic/imported supply,100.2,62.8,51.7,92.6,761039600,0.93,1042520000,101.0,17.5,3.4,9.5,0.033,441834,32.9,194.5,104.6,798.0,6.7,0.0,45.8,0.915,106.6,23,NORMAL,8
82.45,2025-02-01,LBL-STOCK-090 · FMCG,LBL-STOCK-090,Label stock 90gsm,Labels,FMCG,Qazvin Manufacturing Site,Qazvin,Qazvin Finished Goods,Coating line,Mixed domestic/imported supply,101.8,58.7,40.9,98.8,790856450,0.96,1083365000,101.7,13.0,1.7,7.1,0.034,441834,32.9,194.5,104.6,798.0,6.7,0.0,45.8,0.915,106.6,23,NORMAL,8
81.49,2025-02-01,IND-CORE-250 · Domestic,IND-CORE-250,Industrial core board,Industrial,Domestic,Qazvin Manufacturing Site,Qazvin,Qazvin Finished Goods,Board line,Mixed domestic/imported supply,93.2,48.7,48.7,110.8,820673300,0.93,1124210000,99.1,20.1,3.5,5.6,0.057,441834,32.9,194.5,104.6,798.0,6.7,0.0,45.8,0.915,106.6,23,NORMAL,8
96.69,2025-02-01,FOD-GRADE-110 · FMCG,FOD-GRADE-110,Food-grade paper 110gsm,Food packaging,FMCG,Qazvin Manufacturing Site,Qazvin,Qazvin Finished Goods,Paper line A,Mixed domestic/imported supply,112.2,52.2,52.2,113.3,850490150,0.96,1165055000,99.5,19.6,3.6,7.2,0.049,441834,32.9,194.5,104.6,798.0,6.7,0.0,45.8,0.915,106.6,23,NORMAL,8
36.75,2025-02-01,NCR-SET-080 · Public sector,NCR-SET-080,NCR forms 80gsm,Specialty,Public sector,Qazvin Manufacturing Site,Qazvin,Qazvin Finished Goods,Specialty line,Mixed domestic/imported supply,60.5,33.4,48.5,54.6,880307000,0.93,1205900000,97.8,7.8,1.2,7.8,0.064,441834,32.9,194.5,104.6,798.0,6.7,0.0,45.8,0.915,106.6,23,NORMAL,8
88.9,2025-02-01,EXP-KRAFT-140 · Export,EXP-KRAFT-140,Export kraft 140gsm,Packaging paper,Export,Qazvin Manufacturing Site,Qazvin,Qazvin Finished Goods,Paper line A,Mixed domestic/imported supply,96.0,44.6,46.4,88.5,910123850,0.96,1246745000,99.5,20.2,3.2,2.7,0.061,441834,32.9,194.5,104.6,798.0,6.7,0.0,45.8,0.915,106.6,23,NORMAL,8
90.57,2025-03-01,PKG-KRAFT-120 · Domestic,PKG-KRAFT-120,Kraft liner 120gsm,Packaging paper,Domestic,Qazvin Manufacturing Site,Qazvin,Qazvin Finished Goods,Paper line A,Mixed domestic/imported supply,207.1,100.4,48.3,170.6,589920300,0.93,808110000,85.4,26.1,3.8,11.1,0.05,448330,33.7,197.1,104.7,790.7,13.2,2.9,45.1,0.915,106.5,21,NOWRUZ_SHUTDOWN,55
83.21,2025-03-01,PKG-BOARD-300 · Domestic,PKG-BOARD-300,Folding boxboard 300gsm,Packaging board,Domestic,Qazvin Manufacturing Site,Qazvin,Qazvin Finished Goods,Board line,Mixed domestic/imported supply,184.0,66.8,40.5,147.5,620135730,0.93,849501000,91.6,28.9,5.4,7.0,0.032,448330,33.7,197.1,104.7,790.7,13.2,2.9,45.1,0.915,106.5,21,NOWRUZ_SHUTDOWN,55
69.45,2025-03-01,PKG-BOARD-350 · Export,PKG-BOARD-350,Folding boxboard 350gsm,Packaging board,Export,Qazvin Manufacturing Site,Qazvin,Qazvin Finished Goods,Board line,Mixed domestic/imported supply,138.7,65.6,48.6,105.0,650351160,0.96,890892000,84.3,21.7,3.6,5.4,0.053,448330,33.7,197.1,104.7,790.7,13.2,2.9,45.1,0.915,106.5,21,NOWRUZ_SHUTDOWN,55
96.91,2025-03-01,OFF-UWF-080 · Domestic,OFF-UWF-080,Uncoated woodfree 80gsm,Writing paper,Domestic,Qazvin Manufacturing Site,Qazvin,Qazvin Finished Goods,Paper line B,Mixed domestic/imported supply,207.5,124.4,45.7,200.0,680566590,0.93,932283000,88.2,31.3,5.3,6.3,0.043,448330,33.7,197.1,104.7,790.7,13.2,2.9,45.1,0.915,106.5,21,NOWRUZ_SHUTDOWN,55
62.77,2025-03-01,OFF-UWF-070 · Public sector,OFF-UWF-070,Uncoated woodfree 70gsm,Writing paper,Public sector,Qazvin Manufacturing Site,Qazvin,Qazvin Finished Goods,Paper line B,Mixed domestic/imported supply,166.6,69.1,52.0,130.4,710782020,0.93,973674000,90.5,26.8,4.3,5.5,0.033,448330,33.7,197.1,104.7,790.7,13.2,2.9,45.1,0.915,106.5,21,NOWRUZ_SHUTDOWN,55
64.05,2025-03-01,COA-ART-135 · Domestic,COA-ART-135,Coated art paper 135gsm,Commercial print,Domestic,Qazvin Manufacturing Site,Qazvin,Qazvin Finished Goods,Coating line,Mixed domestic/imported supply,130.7,53.9,49.4,129.1,740997450,0.93,1015065000,87.8,25.8,4.5,3.5,0.048,448330,33.7,197.1,104.7,790.7,13.2,2.9,45.1,0.915,106.5,21,NOWRUZ_SHUTDOWN,55
48.47,2025-03-01,COA-ART-170 · Domestic,COA-ART-170,Coated art paper 170gsm,Commercial print,Domestic,Qazvin Manufacturing Site,Qazvin,Qazvin Finished Goods,Coating line,Mixed domestic/imported supply,124.0,43.6,44.5,95.1,771212880,0.93,1056456000,88.1,20.7,4.0,2.6,0.039,448330,33.7,197.1,104.7,790.7,13.2,2.9,45.1,0.915,106.5,21,NOWRUZ_SHUTDOWN,55
51.67,2025-03-01,LBL-STOCK-090 · FMCG,LBL-STOCK-090,Label stock 90gsm,Labels,FMCG,Qazvin Manufacturing Site,Qazvin,Qazvin Finished Goods,Coating line,Mixed domestic/imported supply,103.8,44.6,44.5,103.2,801428310,0.96,1097847000,87.4,17.3,2.6,7.1,0.026,448330,33.7,197.1,104.7,790.7,13.2,2.9,45.1,0.915,106.5,21,NOWRUZ_SHUTDOWN,55
52.37,2025-03-01,IND-CORE-250 · Domestic,IND-CORE-250,Industrial core board,Industrial,Domestic,Qazvin Manufacturing Site,Qazvin,Qazvin Finished Goods,Board line,Mixed domestic/imported supply,94.6,46.4,46.6,114.3,831643740,0.93,1139238000,86.5,21.3,3.8,5.2,0.007,448330,33.7,197.1,104.7,790.7,13.2,2.9,45.1,0.915,106.5,21,NOWRUZ_SHUTDOWN,55
62.46,2025-03-01,FOD-GRADE-110 · FMCG,FOD-GRADE-110,Food-grade paper 110gsm,Food packaging,FMCG,Qazvin Manufacturing Site,Qazvin,Qazvin Finished Goods,Paper line A,Mixed domestic/imported supply,130.7,65.7,47.3,126.0,861859170,0.96,1180629000,88.0,19.9,3.0,6.7,0.027,448330,33.7,197.1,104.7,790.7,13.2,2.9,45.1,0.915,106.5,21,NOWRUZ_SHUTDOWN,55
27.02,2025-03-01,NCR-SET-080 · Public sector,NCR-SET-080,NCR forms 80gsm,Specialty,Public sector,Qazvin Manufacturing Site,Qazvin,Qazvin Finished Goods,Specialty line,Mixed domestic/imported supply,67.2,30.1,42.8,56.7,892074600,0.93,1222020000,84.2,8.2,1.6,10.0,0.055,448330,33.7,197.1,104.7,790.7,13.2,2.9,45.1,0.915,106.5,21,NOWRUZ_SHUTDOWN,55
62.81,2025-03-01,EXP-KRAFT-140 · Export,EXP-KRAFT-140,Export kraft 140gsm,Packaging paper,Export,Qazvin Manufacturing Site,Qazvin,Qazvin Finished Goods,Paper line A,Mixed domestic/imported supply,75.9,43.8,41.8,92.6,922290030,0.96,1263411000,92.6,13.8,2.8,6.9,0.014,448330,33.7,197.1,104.7,790.7,13.2,2.9,45.1,0.915,106.5,21,NOWRUZ_SHUTDOWN,55
134.75,2025-04-01,PKG-KRAFT-120 · Domestic,PKG-KRAFT-120,Kraft liner 120gsm,Packaging paper,Domestic,Qazvin Manufacturing Site,Qazvin,Qazvin Finished Goods,Paper line A,Mixed domestic/imported supply,176.4,85.3,49.9,191.6,597402800,0.93,818360000,98.2,33.2,5.8,5.4,0.004,455711,34.5,199.6,104.8,783.6,20.4,13.1,44.5,0.916,106.7,23,NORMAL,8
119.26,2025-04-01,PKG-BOARD-300 · Domestic,PKG-BOARD-300,Folding boxboard 300gsm,Packaging board,Domestic,Qazvin Manufacturing Site,Qazvin,Qazvin Finished Goods,Board line,Mixed domestic/imported supply,129.5,71.2,48.3,156.0,628001480,0.93,860276000,101.8,25.4,4.5,4.2,0.054,455711,34.5,199.6,104.8,783.6,20.4,13.1,44.5,0.916,106.7,23,NORMAL,8
98.64,2025-04-01,PKG-BOARD-350 · Export,PKG-BOARD-350,Folding boxboard 350gsm,Packaging board,Export,Qazvin Manufacturing Site,Qazvin,Qazvin Finished Goods,Board line,Mixed domestic/imported supply,149.0,67.3,45.7,104.1,658600160,0.96,902192000,97.0,18.6,3.5,4.7,0.077,455711,34.5,199.6,104.8,783.6,20.4,13.1,44.5,0.916,106.7,23,NORMAL,8
134.06,2025-04-01,OFF-UWF-080 · Domestic,OFF-UWF-080,Uncoated woodfree 80gsm,Writing paper,Domestic,Qazvin Manufacturing Site,Qazvin,Qazvin Finished Goods,Paper line B,Mixed domestic/imported supply,205.4,113.3,44.2,198.3,689198840,0.93,944108000,98.9,45.9,6.0,4.5,0.024,455711,34.5,199.6,104.8,783.6,20.4,13.1,44.5,0.916,106.7,23,NORMAL,8
89.35,2025-04-01,OFF-UWF-070 · Public sector,OFF-UWF-070,Uncoated woodfree 70gsm,Writing paper,Public sector,Qazvin Manufacturing Site,Qazvin,Qazvin Finished Goods,Paper line B,Mixed domestic/imported supply,147.1,66.1,39.3,138.9,719797520,0.93,986024000,98.8,19.9,3.3,5.1,0.03,455711,34.5,199.6,104.8,783.6,20.4,13.1,44.5,0.916,106.7,23,NORMAL,8
89.35,2025-04-01,COA-ART-135 · Domestic,COA-ART-135,Coated art paper 135gsm,Commercial print,Domestic,Qazvin Manufacturing Site,Qazvin,Qazvin Finished Goods,Coating line,Mixed domestic/imported supply,157.8,57.9,53.0,132.9,750396200,0.93,1027940000,96.5,17.1,3.3,6.6,0.035,455711,34.5,199.6,104.8,783.6,20.4,13.1,44.5,0.916,106.7,23,NORMAL,8
72.29,2025-04-01,COA-ART-170 · Domestic,COA-ART-170,Coated art paper 170gsm,Commercial print,Domestic,Qazvin Manufacturing Site,Qazvin,Qazvin Finished Goods,Coating line,Mixed domestic/imported supply,130.6,61.9,43.3,96.6,780994880,0.93,1069856000,100.5,16.4,2.8,2.8,0.043,455711,34.5,199.6,104.8,783.6,20.4,13.1,44.5,0.916,106.7,23,NORMAL,8
73.16,2025-04-01,LBL-STOCK-090 · FMCG,LBL-STOCK-090,Label stock 90gsm,Labels,FMCG,Qazvin Manufacturing Site,Qazvin,Qazvin Finished Goods,Coating line,Mixed domestic/imported supply,92.9,42.9,41.6,96.6,811593560,0.96,1111772000,96.2,18.8,3.8,6.7,0.047,455711,34.5,199.6,104.8,783.6,20.4,13.1,44.5,0.916,106.7,23,NORMAL,8
78.96,2025-04-01,IND-CORE-250 · Domestic,IND-CORE-250,Industrial core board,Industrial,Domestic,Qazvin Manufacturing Site,Qazvin,Qazvin Finished Goods,Board line,Mixed domestic/imported supply,109.5,57.9,52.3,115.2,842192240,0.93,1153688000,101.3,17.3,3.1,3.9,0.06,455711,34.5,199.6,104.8,783.6,20.4,13.1,44.5,0.916,106.7,23,NORMAL,8
90.24,2025-04-01,FOD-GRADE-110 · FMCG,FOD-GRADE-110,Food-grade paper 110gsm,Food packaging,FMCG,Qazvin Manufacturing Site,Qazvin,Qazvin Finished Goods,Paper line A,Mixed domestic/imported supply,115.6,54.5,41.1,114.4,872790920,0.96,1195604000,97.5,15.9,2.2,10.6,0.063,455711,34.5,199.6,104.8,783.6,20.4,13.1,44.5,0.916,106.7,23,NORMAL,8
30.67,2025-04-01,NCR-SET-080 · Public sector,NCR-SET-080,NCR forms 80gsm,Specialty,Public sector,Qazvin Manufacturing Site,Qazvin,Qazvin Finished Goods,Specialty line,Mixed domestic/imported supply,76.3,23.7,49.2,53.6,903389600,0.93,1237520000,98.6,8.8,1.4,6.6,0.028,455711,34.5,199.6,104.8,783.6,20.4,13.1,44.5,0.916,106.7,23,NORMAL,8
87.23,2025-04-01,EXP-KRAFT-140 · Export,EXP-KRAFT-140,Export kraft 140gsm,Packaging paper,Export,Qazvin Manufacturing Site,Qazvin,Qazvin Finished Goods,Paper line A,Mixed domestic/imported supply,82.2,54.3,50.1,92.1,933988280,0.96,1279436000,95.9,15.7,2.9,4.0,0.052,455711,34.5,199.6,104.8,783.6,20.4,13.1,44.5,0.916,106.7,23,NORMAL,8
150.8,2025-05-01,PKG-KRAFT-120 · Domestic,PKG-KRAFT-120,Kraft liner 120gsm,Packaging paper,Domestic,Qazvin Manufacturing Site,Qazvin,Qazvin Finished Goods,Paper line A,Mixed domestic/imported supply,217.2,83.6,49.2,198.4,604885300,0.93,828610000,99.9,31.5,4.4,4.5,0.058,463903,35.4,202.1,104.8,777.1,26.5,20.8,44.1,0.917,107.0,26,EXPORT_ORDER,47
132.98,2025-05-01,PKG-BOARD-300 · Domestic,PKG-BOARD-300,Folding boxboard 300gsm,Packaging board,Domestic,Qazvin Manufacturing Site,Qazvin,Qazvin Finished Goods,Board line,Mixed domestic/imported supply,158.4,66.8,41.7,144.4,635867230,0.93,871051000,98.9,20.4,3.2,7.8,0.024,463903,35.4,202.1,104.8,777.1,26.5,20.8,44.1,0.917,107.0,26,EXPORT_ORDER,47
159.23,2025-05-01,PKG-BOARD-350 · Export,PKG-BOARD-350,Folding boxboard 350gsm,Packaging board,Export,Qazvin Manufacturing Site,Qazvin,Qazvin Finished Goods,Board line,Mixed domestic/imported supply,147.6,61.4,49.2,123.8,666849160,0.96,913492000,130.3,20.9,3.7,6.8,0.045,463903,35.4,202.1,104.8,777.1,26.5,20.8,44.1,0.917,107.0,26,EXPORT_ORDER,47
156.22,2025-05-01,OFF-UWF-080 · Domestic,OFF-UWF-080,Uncoated woodfree 80gsm,Writing paper,Domestic,Qazvin Manufacturing Site,Qazvin,Qazvin Finished Goods,Paper line B,Mixed domestic/imported supply,202.5,92.7,47.8,198.6,697831090,0.93,955933000,100.2,40.6,7.9,3.5,0.026,463903,35.4,202.1,104.8,777.1,26.5,20.8,44.1,0.917,107.0,26,EXPORT_ORDER,47
100.47,2025-05-01,OFF-UWF-070 · Public sector,OFF-UWF-070,Uncoated woodfree 70gsm,Writing paper,Public sector,Qazvin Manufacturing Site,Qazvin,Qazvin Finished Goods,Paper line B,Mixed domestic/imported supply,118.3,73.3,44.7,136.2,728813020,0.93,998374000,102.2,28.6,3.9,3.4,0.066,463903,35.4,202.1,104.8,777.1,26.5,20.8,44.1,0.917,107.0,26,EXPORT_ORDER,47
97.59,2025-05-01,COA-ART-135 · Domestic,COA-ART-135,Coated art paper 135gsm,Commercial print,Domestic,Qazvin Manufacturing Site,Qazvin,Qazvin Finished Goods,Coating line,Mixed domestic/imported supply,164.5,64.3,45.9,124.7,759794950,0.93,1040815000,103.0,30.1,4.6,6.1,0.032,463903,35.4,202.1,104.8,777.1,26.5,20.8,44.1,0.917,107.0,26,EXPORT_ORDER,47
80.31,2025-05-01,COA-ART-170 · Domestic,COA-ART-170,Coated art paper 170gsm,Commercial print,Domestic,Qazvin Manufacturing Site,Qazvin,Qazvin Finished Goods,Coating line,Mixed domestic/imported supply,86.2,62.8,46.2,101.2,790776880,0.93,1083256000,102.9,24.2,3.5,7.0,0.009,463903,35.4,202.1,104.8,777.1,26.5,20.8,44.1,0.917,107.0,26,EXPORT_ORDER,47
88.7,2025-05-01,LBL-STOCK-090 · FMCG,LBL-STOCK-090,Label stock 90gsm,Labels,FMCG,Qazvin Manufacturing Site,Qazvin,Qazvin Finished Goods,Coating line,Mixed domestic/imported supply,100.4,46.3,51.6,97.8,821758810,0.96,1125697000,105.2,21.2,3.9,3.7,0.064,463903,35.4,202.1,104.8,777.1,26.5,20.8,44.1,0.917,107.0,26,EXPORT_ORDER,47
91.0,2025-05-01,IND-CORE-250 · Domestic,IND-CORE-250,Industrial core board,Industrial,Domestic,Qazvin Manufacturing Site,Qazvin,Qazvin Finished Goods,Board line,Mixed domestic/imported supply,101.1,62.1,50.7,112.1,852740740,0.93,1168138000,102.0,17.2,3.1,5.4,0.024,463903,35.4,202.1,104.8,777.1,26.5,20.8,44.1,0.917,107.0,26,EXPORT_ORDER,47
109.39,2025-05-01,FOD-GRADE-110 · FMCG,FOD-GRADE-110,Food-grade paper 110gsm,Food packaging,FMCG,Qazvin Manufacturing Site,Qazvin,Qazvin Finished Goods,Paper line A,Mixed domestic/imported supply,126.5,61.3,47.0,113.8,883722670,0.96,1210579000,102.3,25.8,3.9,4.2,0.043,463903,35.4,202.1,104.8,777.1,26.5,20.8,44.1,0.917,107.0,26,EXPORT_ORDER,47
3.43,2025-05-01,NCR-SET-080 · Public sector,NCR-SET-080,NCR forms 80gsm,Specialty,Public sector,Qazvin Manufacturing Site,Qazvin,Qazvin Finished Goods,Specialty line,Mixed domestic/imported supply,66.6,26.8,37.6,59.2,914704600,0.93,1253020000,100.6,10.4,1.8,8.5,0.037,463903,35.4,202.1,104.8,777.1,26.5,20.8,44.1,0.917,107.0,26,EXPORT_ORDER,47
126.7,2025-05-01,EXP-KRAFT-140 · Export,EXP-KRAFT-140,Export kraft 140gsm,Packaging paper,Export,Qazvin Manufacturing Site,Qazvin,Qazvin Finished Goods,Paper line A,Mixed domestic/imported supply,98.4,38.8,51.7,81.6,945686530,0.96,1295461000,132.4,24.5,3.6,7.0,0.03,463903,35.4,202.1,104.8,777.1,26.5,20.8,44.1,0.917,107.0,26,EXPORT_ORDER,47
170.19,2025-06-01,PKG-KRAFT-120 · Domestic,PKG-KRAFT-120,Kraft liner 120gsm,Packaging paper,Domestic,Qazvin Manufacturing Site,Qazvin,Qazvin Finished Goods,Paper line A,Mixed domestic/imported supply,183.7,98.9,51.5,178.8,612367800,0.93,838860000,107.5,28.0,4.3,7.8,0.002,472772,36.3,204.6,104.7,771.6,29.7,24.0,44.0,0.92,107.6,23,NORMAL,8
135.35,2025-06-01,PKG-BOARD-300 · Domestic,PKG-BOARD-300,Folding boxboard 300gsm,Packaging board,Domestic,Qazvin Manufacturing Site,Qazvin,Qazvin Finished Goods,Board line,Mixed domestic/imported supply,183.3,71.6,44.3,150.4,643732980,0.93,881826000,105.2,34.9,4.3,5.2,0.019,472772,36.3,204.6,104.7,771.6,29.7,24.0,44.0,0.92,107.6,23,NORMAL,8
124.97,2025-06-01,PKG-BOARD-350 · Export,PKG-BOARD-350,Folding boxboard 350gsm,Packaging board,Export,Qazvin Manufacturing Site,Qazvin,Qazvin Finished Goods,Board line,Mixed domestic/imported supply,118.5,58.9,52.8,112.0,675098160,0.96,924792000,104.1,16.5,2.5,4.6,0.067,472772,36.3,204.6,104.7,771.6,29.7,24.0,44.0,0.92,107.6,23,NORMAL,8
160.15,2025-06-01,OFF-UWF-080 · Domestic,OFF-UWF-080,Uncoated woodfree 80gsm,Writing paper,Domestic,Qazvin Manufacturing Site,Qazvin,Qazvin Finished Goods,Paper line B,Mixed domestic/imported supply,238.9,131.9,43.6,208.7,706463340,0.93,967758000,104.2,51.5,7.1,6.6,0.048,472772,36.3,204.6,104.7,771.6,29.7,24.0,44.0,0.92,107.6,23,NORMAL,8
102.14,2025-06-01,OFF-UWF-070 · Public sector,OFF-UWF-070,Uncoated woodfree 70gsm,Writing paper,Public sector,Qazvin Manufacturing Site,Qazvin,Qazvin Finished Goods,Paper line B,Mixed domestic/imported supply,146.0,68.4,52.2,139.3,737828520,0.93,1010724000,100.2,25.7,3.6,6.7,0.074,472772,36.3,204.6,104.7,771.6,29.7,24.0,44.0,0.92,107.6,23,NORMAL,8
101.67,2025-06-01,COA-ART-135 · Domestic,COA-ART-135,Coated art paper 135gsm,Commercial print,Domestic,Qazvin Manufacturing Site,Qazvin,Qazvin Finished Goods,Coating line,Mixed domestic/imported supply,165.3,60.7,44.2,113.8,769193700,0.93,1053690000,103.2,24.3,3.8,5.3,0.0,472772,36.3,204.6,104.7,771.6,29.7,24.0,44.0,0.92,107.6,23,NORMAL,8
82.53,2025-06-01,COA-ART-170 · Domestic,COA-ART-170,Coated art paper 170gsm,Commercial print,Domestic,Qazvin Manufacturing Site,Qazvin,Qazvin Finished Goods,Coating line,Mixed domestic/imported supply,101.3,46.3,47.9,104.7,800558880,0.93,1096656000,105.8,23.3,3.9,3.3,0.036,472772,36.3,204.6,104.7,771.6,29.7,24.0,44.0,0.92,107.6,23,NORMAL,8
88.42,2025-06-01,LBL-STOCK-090 · FMCG,LBL-STOCK-090,Label stock 90gsm,Labels,FMCG,Qazvin Manufacturing Site,Qazvin,Qazvin Finished Goods,Coating line,Mixed domestic/imported supply,96.8,44.4,51.1,100.9,831924060,0.96,1139622000,102.7,22.1,3.8,5.9,0.044,472772,36.3,204.6,104.7,771.6,29.7,24.0,44.0,0.92,107.6,23,NORMAL,8
99.92,2025-06-01,IND-CORE-250 · Domestic,IND-CORE-250,Industrial core board,Industrial,Domestic,Qazvin Manufacturing Site,Qazvin,Qazvin Finished Goods,Board line,Mixed domestic/imported supply,107.7,53.5,43.8,113.2,863289240,0.93,1182588000,108.9,18.8,2.5,4.7,0.029,472772,36.3,204.6,104.7,771.6,29.7,24.0,44.0,0.92,107.6,23,NORMAL,8
108.79,2025-06-01,FOD-GRADE-110 · FMCG,FOD-GRADE-110,Food-grade paper 110gsm,Food packaging,FMCG,Qazvin Manufacturing Site,Qazvin,Qazvin Finished Goods,Paper line A,Mixed domestic/imported supply,119.8,61.0,52.0,127.0,894654420,0.96,1225554000,105.9,19.0,2.5,6.3,0.026,472772,36.3,204.6,104.7,771.6,29.7,24.0,44.0,0.92,107.6,23,NORMAL,8
47.35,2025-06-01,NCR-SET-080 · Public sector,NCR-SET-080,NCR forms 80gsm,Specialty,Public sector,Qazvin Manufacturing Site,Qazvin,Qazvin Finished Goods,Specialty line,Mixed domestic/imported supply,49.0,25.5,52.3,57.7,926019600,0.93,1268520000,105.5,10.9,1.4,6.5,0.053,472772,36.3,204.6,104.7,771.6,29.7,24.0,44.0,0.92,107.6,23,NORMAL,8
108.32,2025-06-01,EXP-KRAFT-140 · Export,EXP-KRAFT-140,Export kraft 140gsm,Packaging paper,Export,Qazvin Manufacturing Site,Qazvin,Qazvin Finished Goods,Paper line A,Mixed domestic/imported supply,83.6,55.7,40.7,87.6,957384780,0.96,1311486000,101.1,14.4,2.6,7.4,0.085,472772,36.3,204.6,104.7,771.6,29.7,24.0,44.0,0.92,107.6,23,NORMAL,8
134.79,2025-07-01,PKG-KRAFT-120 · Domestic,PKG-KRAFT-120,Kraft liner 120gsm,Packaging paper,Domestic,Qazvin Manufacturing Site,Qazvin,Qazvin Finished Goods,Paper line A,Mixed domestic/imported supply,236.0,101.3,48.4,191.1,619850300,0.93,849110000,101.0,30.3,3.5,13.8,0.043,482140,37.3,207.1,104.5,767.5,29.3,75.8,44.1,0.923,108.3,25,POWER_CURTAILMENT,72
107.72,2025-07-01,PKG-BOARD-300 · Domestic,PKG-BOARD-300,Folding boxboard 300gsm,Packaging board,Domestic,Qazvin Manufacturing Site,Qazvin,Qazvin Finished Goods,Board line,Mixed domestic/imported supply,173.3,70.3,44.6,138.8,651598730,0.93,892601000,101.0,29.2,5.2,17.5,0.056,482140,37.3,207.1,104.5,767.5,29.3,75.8,44.1,0.923,108.3,25,POWER_CURTAILMENT,72
103.33,2025-07-01,PKG-BOARD-350 · Export,PKG-BOARD-350,Folding boxboard 350gsm,Packaging board,Export,Qazvin Manufacturing Site,Qazvin,Qazvin Finished Goods,Board line,Mixed domestic/imported supply,126.9,56.4,38.2,106.4,683347160,0.96,936092000,100.4,21.0,2.5,16.3,0.055,482140,37.3,207.1,104.5,767.5,29.3,75.8,44.1,0.923,108.3,25,POWER_CURTAILMENT,72
138.21,2025-07-01,OFF-UWF-080 · Domestic,OFF-UWF-080,Uncoated woodfree 80gsm,Writing paper,Domestic,Qazvin Manufacturing Site,Qazvin,Qazvin Finished Goods,Paper line B,Mixed domestic/imported supply,216.6,125.0,46.3,200.5,715095590,0.93,979583000,104.0,39.6,5.7,17.4,0.031,482140,37.3,207.1,104.5,767.5,29.3,75.8,44.1,0.923,108.3,25,POWER_CURTAILMENT,72
78.63,2025-07-01,OFF-UWF-070 · Public sector,OFF-UWF-070,Uncoated woodfree 70gsm,Writing paper,Public sector,Qazvin Manufacturing Site,Qazvin,Qazvin Finished Goods,Paper line B,Mixed domestic/imported supply,117.6,72.1,40.2,142.4,746844020,0.93,1023074000,101.2,21.6,2.5,18.8,0.039,482140,37.3,207.1,104.5,767.5,29.3,75.8,44.1,0.923,108.3,25,POWER_CURTAILMENT,72
77.21,2025-07-01,COA-ART-135 · Domestic,COA-ART-135,Coated art paper 135gsm,Commercial print,Domestic,Qazvin Manufacturing Site,Qazvin,Qazvin Finished Goods,Coating line,Mixed domestic/imported supply,106.2,74.7,39.1,131.8,778592450,0.93,1066565000,101.4,29.7,4.9,19.5,0.026,482140,37.3,207.1,104.5,767.5,29.3,75.8,44.1,0.923,108.3,25,POWER_CURTAILMENT,72
69.63,2025-07-01,COA-ART-170 · Domestic,COA-ART-170,Coated art paper 170gsm,Commercial print,Domestic,Qazvin Manufacturing Site,Qazvin,Qazvin Finished Goods,Coating line,Mixed domestic/imported supply,110.5,52.6,47.3,98.7,810340880,0.93,1110056000,98.4,16.2,2.2,15.9,0.031,482140,37.3,207.1,104.5,767.5,29.3,75.8,44.1,0.923,108.3,25,POWER_CURTAILMENT,72
75.17,2025-07-01,LBL-STOCK-090 · FMCG,LBL-STOCK-090,Label stock 90gsm,Labels,FMCG,Qazvin Manufacturing Site,Qazvin,Qazvin Finished Goods,Coating line,Mixed domestic/imported supply,93.8,54.0,40.0,93.3,842089310,0.96,1153547000,100.9,18.5,2.8,19.1,0.029,482140,37.3,207.1,104.5,767.5,29.3,75.8,44.1,0.923,108.3,25,POWER_CURTAILMENT,72
75.57,2025-07-01,IND-CORE-250 · Domestic,IND-CORE-250,Industrial core board,Industrial,Domestic,Qazvin Manufacturing Site,Qazvin,Qazvin Finished Goods,Board line,Mixed domestic/imported supply,98.4,64.7,40.8,99.5,873837740,0.93,1197038000,102.2,23.6,4.2,14.7,0.033,482140,37.3,207.1,104.5,767.5,29.3,75.8,44.1,0.923,108.3,25,POWER_CURTAILMENT,72
87.03,2025-07-01,FOD-GRADE-110 · FMCG,FOD-GRADE-110,Food-grade paper 110gsm,Food packaging,FMCG,Qazvin Manufacturing Site,Qazvin,Qazvin Finished Goods,Paper line A,Mixed domestic/imported supply,125.5,62.9,44.5,129.2,905586170,0.96,1240529000,103.0,16.2,2.9,15.1,0.044,482140,37.3,207.1,104.5,767.5,29.3,75.8,44.1,0.923,108.3,25,POWER_CURTAILMENT,72
37.11,2025-07-01,NCR-SET-080 · Public sector,NCR-SET-080,NCR forms 80gsm,Specialty,Public sector,Qazvin Manufacturing Site,Qazvin,Qazvin Finished Goods,Specialty line,Mixed domestic/imported supply,52.3,25.9,46.4,59.8,937334600,0.93,1284020000,102.6,11.0,1.9,14.7,0.015,482140,37.3,207.1,104.5,767.5,29.3,75.8,44.1,0.923,108.3,25,POWER_CURTAILMENT,72
84.91,2025-07-01,EXP-KRAFT-140 · Export,EXP-KRAFT-140,Export kraft 140gsm,Packaging paper,Export,Qazvin Manufacturing Site,Qazvin,Qazvin Finished Goods,Paper line A,Mixed domestic/imported supply,110.3,45.9,45.8,83.7,969083030,0.96,1327511000,103.8,13.2,2.3,21.0,0.073,482140,37.3,207.1,104.5,767.5,29.3,75.8,44.1,0.923,108.3,25,POWER_CURTAILMENT,72
132.14,2025-08-01,PKG-KRAFT-120 · Domestic,PKG-KRAFT-120,Kraft liner 120gsm,Packaging paper,Domestic,Qazvin Manufacturing Site,Qazvin,Qazvin Finished Goods,Paper line A,Mixed domestic/imported supply,212.1,110.1,48.9,177.1,627332800,0.93,859360000,96.4,31.0,4.7,3.8,0.062,491791,38.2,209.6,104.3,764.9,25.3,14.9,44.4,0.927,109.1,24,NORMAL,8
108.28,2025-08-01,PKG-BOARD-300 · Domestic,PKG-BOARD-300,Folding boxboard 300gsm,Packaging board,Domestic,Qazvin Manufacturing Site,Qazvin,Qazvin Finished Goods,Board line,Mixed domestic/imported supply,146.2,72.1,40.6,157.6,659464480,0.93,903376000,93.7,30.6,3.5,6.1,0.032,491791,38.2,209.6,104.3,764.9,25.3,14.9,44.4,0.927,109.1,24,NORMAL,8
111.9,2025-08-01,PKG-BOARD-350 · Export,PKG-BOARD-350,Folding boxboard 350gsm,Packaging board,Export,Qazvin Manufacturing Site,Qazvin,Qazvin Finished Goods,Board line,Mixed domestic/imported supply,116.6,53.5,47.6,111.7,691596160,0.96,947392000,101.9,21.2,2.9,5.5,0.072,491791,38.2,209.6,104.3,764.9,25.3,14.9,44.4,0.927,109.1,24,NORMAL,8
131.96,2025-08-01,OFF-UWF-080 · Domestic,OFF-UWF-080,Uncoated woodfree 80gsm,Writing paper,Domestic,Qazvin Manufacturing Site,Qazvin,Qazvin Finished Goods,Paper line B,Mixed domestic/imported supply,273.7,118.5,38.6,227.9,723727840,0.93,991408000,98.4,29.3,3.5,6.0,0.026,491791,38.2,209.6,104.3,764.9,25.3,14.9,44.4,0.927,109.1,24,NORMAL,8
86.03,2025-08-01,OFF-UWF-070 · Public sector,OFF-UWF-070,Uncoated woodfree 70gsm,Writing paper,Public sector,Qazvin Manufacturing Site,Qazvin,Qazvin Finished Goods,Paper line B,Mixed domestic/imported supply,179.3,75.2,38.1,129.0,755859520,0.93,1035424000,98.9,31.3,4.8,6.3,0.042,491791,38.2,209.6,104.3,764.9,25.3,14.9,44.4,0.927,109.1,24,NORMAL,8
88.08,2025-08-01,COA-ART-135 · Domestic,COA-ART-135,Coated art paper 135gsm,Commercial print,Domestic,Qazvin Manufacturing Site,Qazvin,Qazvin Finished Goods,Coating line,Mixed domestic/imported supply,132.3,74.8,46.2,131.3,787991200,0.93,1079440000,97.6,19.4,2.5,2.9,0.026,491791,38.2,209.6,104.3,764.9,25.3,14.9,44.4,0.927,109.1,24,NORMAL,8
72.52,2025-08-01,COA-ART-170 · Domestic,COA-ART-170,Coated art paper 170gsm,Commercial print,Domestic,Qazvin Manufacturing Site,Qazvin,Qazvin Finished Goods,Coating line,Mixed domestic/imported supply,87.2,51.6,51.0,96.2,820122880,0.93,1123456000,96.7,22.0,3.4,1.8,0.026,491791,38.2,209.6,104.3,764.9,25.3,14.9,44.4,0.927,109.1,24,NORMAL,8
77.52,2025-08-01,LBL-STOCK-090 · FMCG,LBL-STOCK-090,Label stock 90gsm,Labels,FMCG,Qazvin Manufacturing Site,Qazvin,Qazvin Finished Goods,Coating line,Mixed domestic/imported supply,116.2,59.8,45.7,90.2,852254560,0.96,1167472000,97.7,14.7,1.9,8.3,0.017,491791,38.2,209.6,104.3,764.9,25.3,14.9,44.4,0.927,109.1,24,NORMAL,8
87.02,2025-08-01,IND-CORE-250 · Domestic,IND-CORE-250,Industrial core board,Industrial,Domestic,Qazvin Manufacturing Site,Qazvin,Qazvin Finished Goods,Board line,Mixed domestic/imported supply,118.3,56.5,45.6,97.8,884386240,0.93,1211488000,99.8,24.1,3.0,4.9,0.05,491791,38.2,209.6,104.3,764.9,25.3,14.9,44.4,0.927,109.1,24,NORMAL,8
93.3,2025-08-01,FOD-GRADE-110 · FMCG,FOD-GRADE-110,Food-grade paper 110gsm,Food packaging,FMCG,Qazvin Manufacturing Site,Qazvin,Qazvin Finished Goods,Paper line A,Mixed domestic/imported supply,139.3,71.0,37.8,121.7,916517920,0.96,1255504000,96.1,21.4,2.6,5.2,0.033,491791,38.2,209.6,104.3,764.9,25.3,14.9,44.4,0.927,109.1,24,NORMAL,8
27.52,2025-08-01,NCR-SET-080 · Public sector,NCR-SET-080,NCR forms 80gsm,Specialty,Public sector,Qazvin Manufacturing Site,Qazvin,Qazvin Finished Goods,Specialty line,Mixed domestic/imported supply,58.7,34.4,38.2,56.4,948649600,0.93,1299520000,99.9,11.7,1.9,4.5,0.041,491791,38.2,209.6,104.3,764.9,25.3,14.9,44.4,0.927,109.1,24,NORMAL,8
92.83,2025-08-01,EXP-KRAFT-140 · Export,EXP-KRAFT-140,Export kraft 140gsm,Packaging paper,Export,Qazvin Manufacturing Site,Qazvin,Qazvin Finished Goods,Paper line A,Mixed domestic/imported supply,93.4,39.3,42.0,96.1,980781280,0.96,1343536000,98.2,15.4,1.8,8.4,0.051,491791,38.2,209.6,104.3,764.9,25.3,14.9,44.4,0.927,109.1,24,NORMAL,8
192.79,2025-09-01,PKG-KRAFT-120 · Domestic,PKG-KRAFT-120,Kraft liner 120gsm,Packaging paper,Domestic,Qazvin Manufacturing Site,Qazvin,Qazvin Finished Goods,Paper line A,Mixed domestic/imported supply,188.1,95.0,42.1,196.8,635413900,0.93,870430000,110.5,40.3,4.3,7.0,0.048,501490,39.2,212.3,104.0,764.1,18.8,5.1,45.0,0.931,110.0,24,NORMAL,8
161.89,2025-09-01,PKG-BOARD-300 · Domestic,PKG-BOARD-300,Folding boxboard 300gsm,Packaging board,Domestic,Qazvin Manufacturing Site,Qazvin,Qazvin Finished Goods,Board line,Mixed domestic/imported supply,129.1,75.8,42.1,142.5,667959490,0.93,915013000,108.0,36.7,5.4,7.2,0.035,501490,39.2,212.3,104.0,764.1,18.8,5.1,45.0,0.931,110.0,24,NORMAL,8
152.28,2025-09-01,PKG-BOARD-350 · Export,PKG-BOARD-350,Folding boxboard 350gsm,Packaging board,Export,Qazvin Manufacturing Site,Qazvin,Qazvin Finished Goods,Board line,Mixed domestic/imported supply,98.7,68.8,45.4,104.7,700505080,0.96,959596000,107.0,20.9,2.8,6.5,0.034,501490,39.2,212.3,104.0,764.1,18.8,5.1,45.0,0.931,110.0,24,NORMAL,8
193.37,2025-09-01,OFF-UWF-080 · Domestic,OFF-UWF-080,Uncoated woodfree 80gsm,Writing paper,Domestic,Qazvin Manufacturing Site,Qazvin,Qazvin Finished Goods,Paper line B,Mixed domestic/imported supply,251.3,104.4,46.9,196.3,733050670,0.93,1004179000,110.5,40.5,5.7,4.3,0.051,501490,39.2,212.3,104.0,764.1,18.8,5.1,45.0,0.931,110.0,24,NORMAL,8
117.97,2025-09-01,OFF-UWF-070 · Public sector,OFF-UWF-070,Uncoated woodfree 70gsm,Writing paper,Public sector,Qazvin Manufacturing Site,Qazvin,Qazvin Finished Goods,Paper line B,Mixed domestic/imported supply,138.4,84.3,47.4,129.3,765596260,0.93,1048762000,105.5,23.2,2.9,5.2,0.025,501490,39.2,212.3,104.0,764.1,18.8,5.1,45.0,0.931,110.0,24,NORMAL,8
125.41,2025-09-01,COA-ART-135 · Domestic,COA-ART-135,Coated art paper 135gsm,Commercial print,Domestic,Qazvin Manufacturing Site,Qazvin,Qazvin Finished Goods,Coating line,Mixed domestic/imported supply,108.6,74.6,41.7,124.8,798141850,0.93,1093345000,108.4,22.3,2.3,4.3,0.074,501490,39.2,212.3,104.0,764.1,18.8,5.1,45.0,0.931,110.0,24,NORMAL,8
99.03,2025-09-01,COA-ART-170 · Domestic,COA-ART-170,Coated art paper 170gsm,Commercial print,Domestic,Qazvin Manufacturing Site,Qazvin,Qazvin Finished Goods,Coating line,Mixed domestic/imported supply,115.4,48.1,52.0,97.1,830687440,0.93,1137928000,105.9,21.2,2.3,6.4,0.058,501490,39.2,212.3,104.0,764.1,18.8,5.1,45.0,0.931,110.0,24,NORMAL,8
103.48,2025-09-01,LBL-STOCK-090 · FMCG,LBL-STOCK-090,Label stock 90gsm,Labels,FMCG,Qazvin Manufacturing Site,Qazvin,Qazvin Finished Goods,Coating line,Mixed domestic/imported supply,106.5,49.2,39.2,96.5,863233030,0.96,1182511000,110.1,19.7,2.1,1.1,0.029,501490,39.2,212.3,104.0,764.1,18.8,5.1,45.0,0.931,110.0,24,NORMAL,8
104.75,2025-09-01,IND-CORE-250 · Domestic,IND-CORE-250,Industrial core board,Industrial,Domestic,Qazvin Manufacturing Site,Qazvin,Qazvin Finished Goods,Board line,Mixed domestic/imported supply,100.8,62.0,45.7,101.6,895778620,0.93,1227094000,105.3,18.2,2.2,3.4,0.06,501490,39.2,212.3,104.0,764.1,18.8,5.1,45.0,0.931,110.0,24,NORMAL,8
124.32,2025-09-01,FOD-GRADE-110 · FMCG,FOD-GRADE-110,Food-grade paper 110gsm,Food packaging,FMCG,Qazvin Manufacturing Site,Qazvin,Qazvin Finished Goods,Paper line A,Mixed domestic/imported supply,111.8,59.1,39.6,112.4,928324210,0.96,1271677000,107.0,22.7,2.8,5.8,0.064,501490,39.2,212.3,104.0,764.1,18.8,5.1,45.0,0.931,110.0,24,NORMAL,8
6.03,2025-09-01,NCR-SET-080 · Public sector,NCR-SET-080,NCR forms 80gsm,Specialty,Public sector,Qazvin Manufacturing Site,Qazvin,Qazvin Finished Goods,Specialty line,Mixed domestic/imported supply,59.5,29.5,51.1,53.2,960869800,0.93,1316260000,106.1,11.5,1.2,5.1,0.02,501490,39.2,212.3,104.0,764.1,18.8,5.1,45.0,0.931,110.0,24,NORMAL,8
124.24,2025-09-01,EXP-KRAFT-140 · Export,EXP-KRAFT-140,Export kraft 140gsm,Packaging paper,Export,Qazvin Manufacturing Site,Qazvin,Qazvin Finished Goods,Paper line A,Mixed domestic/imported supply,117.2,44.3,43.2,91.8,993415390,0.96,1360843000,105.9,21.9,3.0,5.4,0.038,501490,39.2,212.3,104.0,764.1,18.8,5.1,45.0,0.931,110.0,24,NORMAL,8
186.31,2025-10-01,PKG-KRAFT-120 · Domestic,PKG-KRAFT-120,Kraft liner 120gsm,Packaging paper,Domestic,Qazvin Manufacturing Site,Qazvin,Qazvin Finished Goods,Paper line A,Mixed domestic/imported supply,225.2,90.2,46.8,171.2,643495000,0.93,881500000,104.4,45.9,7.0,7.7,0.034,510998,40.2,215.0,103.6,765.2,11.6,0.0,45.7,0.936,111.0,26,NORMAL,8
170.37,2025-10-01,PKG-BOARD-300 · Domestic,PKG-BOARD-300,Folding boxboard 300gsm,Packaging board,Domestic,Qazvin Manufacturing Site,Qazvin,Qazvin Finished Goods,Board line,Mixed domestic/imported supply,168.2,93.3,43.5,141.1,676454500,0.93,926650000,110.0,39.5,4.6,8.5,0.048,510998,40.2,215.0,103.6,765.2,11.6,0.0,45.7,0.936,111.0,26,NORMAL,8
158.03,2025-10-01,PKG-BOARD-350 · Export,PKG-BOARD-350,Folding boxboard 350gsm,Packaging board,Export,Qazvin Manufacturing Site,Qazvin,Qazvin Finished Goods,Board line,Mixed domestic/imported supply,136.7,68.0,48.3,109.4,709414000,0.96,971800000,105.5,26.7,3.8,6.4,0.037,510998,40.2,215.0,103.6,765.2,11.6,0.0,45.7,0.936,111.0,26,NORMAL,8
190.28,2025-10-01,OFF-UWF-080 · Domestic,OFF-UWF-080,Uncoated woodfree 80gsm,Writing paper,Domestic,Qazvin Manufacturing Site,Qazvin,Qazvin Finished Goods,Paper line B,Mixed domestic/imported supply,185.3,115.2,51.1,220.8,742373500,0.93,1016950000,110.2,53.2,7.4,4.3,0.043,510998,40.2,215.0,103.6,765.2,11.6,0.0,45.7,0.936,111.0,26,NORMAL,8
128.44,2025-10-01,OFF-UWF-070 · Public sector,OFF-UWF-070,Uncoated woodfree 70gsm,Writing paper,Public sector,Qazvin Manufacturing Site,Qazvin,Qazvin Finished Goods,Paper line B,Mixed domestic/imported supply,129.8,58.0,46.0,139.2,775333000,0.93,1062100000,108.8,31.5,4.8,7.0,0.077,510998,40.2,215.0,103.6,765.2,11.6,0.0,45.7,0.936,111.0,26,NORMAL,8
128.56,2025-10-01,COA-ART-135 · Domestic,COA-ART-135,Coated art paper 135gsm,Commercial print,Domestic,Qazvin Manufacturing Site,Qazvin,Qazvin Finished Goods,Coating line,Mixed domestic/imported supply,166.2,56.0,52.1,112.7,808292500,0.93,1107250000,109.0,28.1,4.1,5.9,0.038,510998,40.2,215.0,103.6,765.2,11.6,0.0,45.7,0.936,111.0,26,NORMAL,8
105.91,2025-10-01,COA-ART-170 · Domestic,COA-ART-170,Coated art paper 170gsm,Commercial print,Domestic,Qazvin Manufacturing Site,Qazvin,Qazvin Finished Goods,Coating line,Mixed domestic/imported supply,105.6,46.9,52.1,92.3,841252000,0.93,1152400000,111.6,19.4,2.8,4.0,0.035,510998,40.2,215.0,103.6,765.2,11.6,0.0,45.7,0.936,111.0,26,NORMAL,8
108.75,2025-10-01,LBL-STOCK-090 · FMCG,LBL-STOCK-090,Label stock 90gsm,Labels,FMCG,Qazvin Manufacturing Site,Qazvin,Qazvin Finished Goods,Coating line,Mixed domestic/imported supply,107.7,58.2,48.3,96.6,874211500,0.96,1197550000,107.6,13.6,1.4,7.2,0.063,510998,40.2,215.0,103.6,765.2,11.6,0.0,45.7,0.936,111.0,26,NORMAL,8
113.38,2025-10-01,IND-CORE-250 · Domestic,IND-CORE-250,Industrial core board,Industrial,Domestic,Qazvin Manufacturing Site,Qazvin,Qazvin Finished Goods,Board line,Mixed domestic/imported supply,117.9,49.4,48.7,100.5,907171000,0.93,1242700000,109.7,19.5,3.0,8.6,0.063,510998,40.2,215.0,103.6,765.2,11.6,0.0,45.7,0.936,111.0,26,NORMAL,8
140.48,2025-10-01,FOD-GRADE-110 · FMCG,FOD-GRADE-110,Food-grade paper 110gsm,Food packaging,FMCG,Qazvin Manufacturing Site,Qazvin,Qazvin Finished Goods,Paper line A,Mixed domestic/imported supply,154.2,56.9,52.1,112.6,940130500,0.96,1287850000,112.3,23.8,3.0,4.8,0.055,510998,40.2,215.0,103.6,765.2,11.6,0.0,45.7,0.936,111.0,26,NORMAL,8
40.79,2025-10-01,NCR-SET-080 · Public sector,NCR-SET-080,NCR forms 80gsm,Specialty,Public sector,Qazvin Manufacturing Site,Qazvin,Qazvin Finished Goods,Specialty line,Mixed domestic/imported supply,53.5,25.8,46.5,59.4,973090000,0.93,1333000000,108.6,8.2,0.9,5.7,0.017,510998,40.2,215.0,103.6,765.2,11.6,0.0,45.7,0.936,111.0,26,NORMAL,8
131.74,2025-10-01,EXP-KRAFT-140 · Export,EXP-KRAFT-140,Export kraft 140gsm,Packaging paper,Export,Qazvin Manufacturing Site,Qazvin,Qazvin Finished Goods,Paper line A,Mixed domestic/imported supply,120.6,38.0,43.9,85.2,1006049500,0.96,1378150000,110.9,13.7,2.0,8.6,0.049,510998,40.2,215.0,103.6,765.2,11.6,0.0,45.7,0.936,111.0,26,NORMAL,8
186.35,2025-11-01,PKG-KRAFT-120 · Domestic,PKG-KRAFT-120,Kraft liner 120gsm,Packaging paper,Domestic,Qazvin Manufacturing Site,Qazvin,Qazvin Finished Goods,Paper line A,Mixed domestic/imported supply,189.3,82.0,50.6,179.5,652174700,0.93,893390000,107.9,39.4,3.6,5.8,0.017,520090,41.1,217.9,103.3,768.1,5.5,0.0,46.5,0.94,112.0,25,NORMAL,8
161.23,2025-11-01,PKG-BOARD-300 · Domestic,PKG-BOARD-300,Folding boxboard 300gsm,Packaging board,Domestic,Qazvin Manufacturing Site,Qazvin,Qazvin Finished Goods,Board line,Mixed domestic/imported supply,203.0,71.5,43.2,149.2,685578770,0.93,939149000,106.3,28.2,3.4,5.7,0.048,520090,41.1,217.9,103.3,768.1,5.5,0.0,46.5,0.94,112.0,25,NORMAL,8
156.69,2025-11-01,PKG-BOARD-350 · Export,PKG-BOARD-350,Folding boxboard 350gsm,Packaging board,Export,Qazvin Manufacturing Site,Qazvin,Qazvin Finished Goods,Board line,Mixed domestic/imported supply,102.2,72.1,46.8,120.4,718982840,0.96,984908000,109.2,25.0,2.6,4.1,0.075,520090,41.1,217.9,103.3,768.1,5.5,0.0,46.5,0.94,112.0,25,NORMAL,8
176.59,2025-11-01,OFF-UWF-080 · Domestic,OFF-UWF-080,Uncoated woodfree 80gsm,Writing paper,Domestic,Qazvin Manufacturing Site,Qazvin,Qazvin Finished Goods,Paper line B,Mixed domestic/imported supply,262.5,132.3,46.0,229.4,752386910,0.93,1030667000,100.4,30.6,3.5,7.5,0.022,520090,41.1,217.9,103.3,768.1,5.5,0.0,46.5,0.94,112.0,25,NORMAL,8
119.83,2025-11-01,OFF-UWF-070 · Public sector,OFF-UWF-070,Uncoated woodfree 70gsm,Writing paper,Public sector,Qazvin Manufacturing Site,Qazvin,Qazvin Finished Goods,Paper line B,Mixed domestic/imported supply,168.0,81.1,51.8,131.4,785790980,0.93,1076426000,108.3,27.7,3.7,6.8,0.039,520090,41.1,217.9,103.3,768.1,5.5,0.0,46.5,0.94,112.0,25,NORMAL,8
114.0,2025-11-01,COA-ART-135 · Domestic,COA-ART-135,Coated art paper 135gsm,Commercial print,Domestic,Qazvin Manufacturing Site,Qazvin,Qazvin Finished Goods,Coating line,Mixed domestic/imported supply,111.2,67.5,51.1,114.4,819195050,0.93,1122185000,105.7,22.9,3.2,7.4,0.041,520090,41.1,217.9,103.3,768.1,5.5,0.0,46.5,0.94,112.0,25,NORMAL,8
92.59,2025-11-01,COA-ART-170 · Domestic,COA-ART-170,Coated art paper 170gsm,Commercial print,Domestic,Qazvin Manufacturing Site,Qazvin,Qazvin Finished Goods,Coating line,Mixed domestic/imported supply,118.8,62.6,46.7,101.3,852599120,0.93,1167944000,103.4,15.7,1.4,7.7,0.037,520090,41.1,217.9,103.3,768.1,5.5,0.0,46.5,0.94,112.0,25,NORMAL,8
97.4,2025-11-01,LBL-STOCK-090 · FMCG,LBL-STOCK-090,Label stock 90gsm,Labels,FMCG,Qazvin Manufacturing Site,Qazvin,Qazvin Finished Goods,Coating line,Mixed domestic/imported supply,89.3,43.4,48.6,94.1,886003190,0.96,1213703000,104.2,21.7,2.7,8.3,0.019,520090,41.1,217.9,103.3,768.1,5.5,0.0,46.5,0.94,112.0,25,NORMAL,8
100.81,2025-11-01,IND-CORE-250 · Domestic,IND-CORE-250,Industrial core board,Industrial,Domestic,Qazvin Manufacturing Site,Qazvin,Qazvin Finished Goods,Board line,Mixed domestic/imported supply,119.6,55.9,55.5,101.9,919407260,0.93,1259462000,107.0,20.9,2.2,3.2,0.069,520090,41.1,217.9,103.3,768.1,5.5,0.0,46.5,0.94,112.0,25,NORMAL,8
127.17,2025-11-01,FOD-GRADE-110 · FMCG,FOD-GRADE-110,Food-grade paper 110gsm,Food packaging,FMCG,Qazvin Manufacturing Site,Qazvin,Qazvin Finished Goods,Paper line A,Mixed domestic/imported supply,124.7,67.3,52.9,116.0,952811330,0.96,1305221000,105.0,19.7,1.9,6.4,0.037,520090,41.1,217.9,103.3,768.1,5.5,0.0,46.5,0.94,112.0,25,NORMAL,8
40.64,2025-11-01,NCR-SET-080 · Public sector,NCR-SET-080,NCR forms 80gsm,Specialty,Public sector,Qazvin Manufacturing Site,Qazvin,Qazvin Finished Goods,Specialty line,Mixed domestic/imported supply,60.0,31.6,52.3,52.9,986215400,0.93,1350980000,108.1,12.8,1.2,5.4,0.065,520090,41.1,217.9,103.3,768.1,5.5,0.0,46.5,0.94,112.0,25,NORMAL,8
129.33,2025-11-01,EXP-KRAFT-140 · Export,EXP-KRAFT-140,Export kraft 140gsm,Packaging paper,Export,Qazvin Manufacturing Site,Qazvin,Qazvin Finished Goods,Paper line A,Mixed domestic/imported supply,117.9,37.4,44.0,87.3,1019619470,0.96,1396739000,105.7,15.0,1.6,5.5,0.033,520090,41.1,217.9,103.3,768.1,5.5,0.0,46.5,0.94,112.0,25,NORMAL,8
163.26,2025-12-01,PKG-KRAFT-120 · Domestic,PKG-KRAFT-120,Kraft liner 120gsm,Packaging paper,Domestic,Qazvin Manufacturing Site,Qazvin,Qazvin Finished Goods,Paper line A,Mixed domestic/imported supply,218.5,99.3,41.9,183.9,661453000,0.93,906100000,97.2,32.5,3.2,7.9,0.034,592001,47.0,221.0,102.9,772.7,2.3,0.0,47.5,0.945,112.9,27,FX_PRESSURE,68
139.52,2025-12-01,PKG-BOARD-300 · Domestic,PKG-BOARD-300,Folding boxboard 300gsm,Packaging board,Domestic,Qazvin Manufacturing Site,Qazvin,Qazvin Finished Goods,Board line,Mixed domestic/imported supply,128.4,92.9,41.8,154.9,695332300,0.93,952510000,97.9,34.2,3.1,5.1,0.009,592001,47.0,221.0,102.9,772.7,2.3,0.0,47.5,0.945,112.9,27,FX_PRESSURE,68
143.57,2025-12-01,PKG-BOARD-350 · Export,PKG-BOARD-350,Folding boxboard 350gsm,Packaging board,Export,Qazvin Manufacturing Site,Qazvin,Qazvin Finished Goods,Board line,Mixed domestic/imported supply,138.2,59.0,44.4,112.9,729211600,0.96,998920000,99.9,25.9,2.9,7.0,0.014,592001,47.0,221.0,102.9,772.7,2.3,0.0,47.5,0.945,112.9,27,FX_PRESSURE,68
151.42,2025-12-01,OFF-UWF-080 · Domestic,OFF-UWF-080,Uncoated woodfree 80gsm,Writing paper,Domestic,Qazvin Manufacturing Site,Qazvin,Qazvin Finished Goods,Paper line B,Mixed domestic/imported supply,224.1,97.6,40.6,221.2,763090900,0.93,1045330000,94.6,27.8,3.3,7.1,0.012,592001,47.0,221.0,102.9,772.7,2.3,0.0,47.5,0.945,112.9,27,FX_PRESSURE,68
101.23,2025-12-01,OFF-UWF-070 · Public sector,OFF-UWF-070,Uncoated woodfree 70gsm,Writing paper,Public sector,Qazvin Manufacturing Site,Qazvin,Qazvin Finished Goods,Paper line B,Mixed domestic/imported supply,119.3,62.8,57.0,134.8,796970200,0.93,1091740000,94.9,22.2,2.4,9.3,0.019,592001,47.0,221.0,102.9,772.7,2.3,0.0,47.5,0.945,112.9,27,FX_PRESSURE,68
93.14,2025-12-01,COA-ART-135 · Domestic,COA-ART-135,Coated art paper 135gsm,Commercial print,Domestic,Qazvin Manufacturing Site,Qazvin,Qazvin Finished Goods,Coating line,Mixed domestic/imported supply,113.1,56.6,52.4,117.9,830849500,0.93,1138150000,94.6,26.6,2.5,6.5,0.062,592001,47.0,221.0,102.9,772.7,2.3,0.0,47.5,0.945,112.9,27,FX_PRESSURE,68
86.9,2025-12-01,COA-ART-170 · Domestic,COA-ART-170,Coated art paper 170gsm,Commercial print,Domestic,Qazvin Manufacturing Site,Qazvin,Qazvin Finished Goods,Coating line,Mixed domestic/imported supply,113.1,53.1,49.9,107.3,864728800,0.93,1184560000,99.2,22.2,2.2,6.5,0.034,592001,47.0,221.0,102.9,772.7,2.3,0.0,47.5,0.945,112.9,27,FX_PRESSURE,68
90.11,2025-12-01,LBL-STOCK-090 · FMCG,LBL-STOCK-090,Label stock 90gsm,Labels,FMCG,Qazvin Manufacturing Site,Qazvin,Qazvin Finished Goods,Coating line,Mixed domestic/imported supply,97.4,45.5,43.6,88.2,898608100,0.96,1230970000,93.1,18.5,2.2,6.6,0.068,592001,47.0,221.0,102.9,772.7,2.3,0.0,47.5,0.945,112.9,27,FX_PRESSURE,68
90.9,2025-12-01,IND-CORE-250 · Domestic,IND-CORE-250,Industrial core board,Industrial,Domestic,Qazvin Manufacturing Site,Qazvin,Qazvin Finished Goods,Board line,Mixed domestic/imported supply,146.0,60.7,49.4,97.7,932487400,0.93,1277380000,97.0,16.1,1.3,7.9,0.052,592001,47.0,221.0,102.9,772.7,2.3,0.0,47.5,0.945,112.9,27,FX_PRESSURE,68
112.65,2025-12-01,FOD-GRADE-110 · FMCG,FOD-GRADE-110,Food-grade paper 110gsm,Food packaging,FMCG,Qazvin Manufacturing Site,Qazvin,Qazvin Finished Goods,Paper line A,Mixed domestic/imported supply,134.8,56.4,51.6,119.1,966366700,0.96,1323790000,96.9,25.0,2.9,6.6,0.039,592001,47.0,221.0,102.9,772.7,2.3,0.0,47.5,0.945,112.9,27,FX_PRESSURE,68
42.16,2025-12-01,NCR-SET-080 · Public sector,NCR-SET-080,NCR forms 80gsm,Specialty,Public sector,Qazvin Manufacturing Site,Qazvin,Qazvin Finished Goods,Specialty line,Mixed domestic/imported supply,52.5,27.5,53.7,59.6,1000246000,0.93,1370200000,96.6,8.5,1.0,6.1,0.022,592001,47.0,221.0,102.9,772.7,2.3,0.0,47.5,0.945,112.9,27,FX_PRESSURE,68
130.94,2025-12-01,EXP-KRAFT-140 · Export,EXP-KRAFT-140,Export kraft 140gsm,Packaging paper,Export,Qazvin Manufacturing Site,Qazvin,Qazvin Finished Goods,Paper line A,Mixed domestic/imported supply,119.9,49.0,40.6,95.5,1034125300,0.96,1416610000,105.6,13.1,1.4,7.5,0.048,592001,47.0,221.0,102.9,772.7,2.3,0.0,47.5,0.945,112.9,27,FX_PRESSURE,68
143.17,2026-01-01,PKG-KRAFT-120 · Domestic,PKG-KRAFT-120,Kraft liner 120gsm,Packaging paper,Domestic,Qazvin Manufacturing Site,Qazvin,Qazvin Finished Goods,Paper line A,Mixed domestic/imported supply,188.3,109.1,53.9,167.7,671629200,0.93,920040000,97.5,37.2,3.5,8.5,0.028,536297,42.8,224.4,102.6,778.8,2.7,0.0,48.5,0.949,113.8,24,NORMAL,8
129.68,2026-01-01,PKG-BOARD-300 · Domestic,PKG-BOARD-300,Folding boxboard 300gsm,Packaging board,Domestic,Qazvin Manufacturing Site,Qazvin,Qazvin Finished Goods,Board line,Mixed domestic/imported supply,193.3,80.4,51.2,161.5,706029720,0.93,967164000,98.4,35.2,2.9,4.1,0.049,536297,42.8,224.4,102.6,778.8,2.7,0.0,48.5,0.949,113.8,24,NORMAL,8
124.28,2026-01-01,PKG-BOARD-350 · Export,PKG-BOARD-350,Folding boxboard 350gsm,Packaging board,Export,Qazvin Manufacturing Site,Qazvin,Qazvin Finished Goods,Board line,Mixed domestic/imported supply,139.5,66.2,52.8,105.1,740430240,0.96,1014288000,101.8,24.2,1.9,5.4,0.025,536297,42.8,224.4,102.6,778.8,2.7,0.0,48.5,0.949,113.8,24,NORMAL,8
142.7,2026-01-01,OFF-UWF-080 · Domestic,OFF-UWF-080,Uncoated woodfree 80gsm,Writing paper,Domestic,Qazvin Manufacturing Site,Qazvin,Qazvin Finished Goods,Paper line B,Mixed domestic/imported supply,229.3,124.5,57.1,227.7,774830760,0.93,1061412000,100.4,46.6,5.1,6.2,0.019,536297,42.8,224.4,102.6,778.8,2.7,0.0,48.5,0.949,113.8,24,NORMAL,8
99.72,2026-01-01,OFF-UWF-070 · Public sector,OFF-UWF-070,Uncoated woodfree 70gsm,Writing paper,Public sector,Qazvin Manufacturing Site,Qazvin,Qazvin Finished Goods,Paper line B,Mixed domestic/imported supply,163.0,79.9,57.4,128.3,809231280,0.93,1108536000,102.1,18.3,2.2,5.2,0.04,536297,42.8,224.4,102.6,778.8,2.7,0.0,48.5,0.949,113.8,24,NORMAL,8
88.54,2026-01-01,COA-ART-135 · Domestic,COA-ART-135,Coated art paper 135gsm,Commercial print,Domestic,Qazvin Manufacturing Site,Qazvin,Qazvin Finished Goods,Coating line,Mixed domestic/imported supply,162.6,61.0,51.2,114.2,843631800,0.93,1155660000,96.7,23.6,2.7,5.7,0.074,536297,42.8,224.4,102.6,778.8,2.7,0.0,48.5,0.949,113.8,24,NORMAL,8
79.73,2026-01-01,COA-ART-170 · Domestic,COA-ART-170,Coated art paper 170gsm,Commercial print,Domestic,Qazvin Manufacturing Site,Qazvin,Qazvin Finished Goods,Coating line,Mixed domestic/imported supply,137.7,46.5,44.9,101.5,878032320,0.93,1202784000,99.4,14.1,1.5,4.7,0.052,536297,42.8,224.4,102.6,778.8,2.7,0.0,48.5,0.949,113.8,24,NORMAL,8
79.97,2026-01-01,LBL-STOCK-090 · FMCG,LBL-STOCK-090,Label stock 90gsm,Labels,FMCG,Qazvin Manufacturing Site,Qazvin,Qazvin Finished Goods,Coating line,Mixed domestic/imported supply,83.9,45.0,54.9,99.1,912432840,0.96,1249908000,99.4,22.4,1.8,5.4,0.037,536297,42.8,224.4,102.6,778.8,2.7,0.0,48.5,0.949,113.8,24,NORMAL,8
96.12,2026-01-01,IND-CORE-250 · Domestic,IND-CORE-250,Industrial core board,Industrial,Domestic,Qazvin Manufacturing Site,Qazvin,Qazvin Finished Goods,Board line,Mixed domestic/imported supply,109.3,54.9,56.3,99.3,946833360,0.93,1297032000,101.1,20.3,2.0,7.8,0.018,536297,42.8,224.4,102.6,778.8,2.7,0.0,48.5,0.949,113.8,24,NORMAL,8
100.66,2026-01-01,FOD-GRADE-110 · FMCG,FOD-GRADE-110,Food-grade paper 110gsm,Food packaging,FMCG,Qazvin Manufacturing Site,Qazvin,Qazvin Finished Goods,Paper line A,Mixed domestic/imported supply,119.7,65.6,54.7,123.3,981233880,0.96,1344156000,99.1,16.0,1.3,6.0,0.042,536297,42.8,224.4,102.6,778.8,2.7,0.0,48.5,0.949,113.8,24,NORMAL,8
9.2,2026-01-01,NCR-SET-080 · Public sector,NCR-SET-080,NCR forms 80gsm,Specialty,Public sector,Qazvin Manufacturing Site,Qazvin,Qazvin Finished Goods,Specialty line,Mixed domestic/imported supply,50.7,26.6,50.4,55.0,1015634400,0.93,1391280000,99.2,9.1,0.8,4.4,0.066,536297,42.8,224.4,102.6,778.8,2.7,0.0,48.5,0.949,113.8,24,NORMAL,8
104.36,2026-01-01,EXP-KRAFT-140 · Export,EXP-KRAFT-140,Export kraft 140gsm,Packaging paper,Export,Qazvin Manufacturing Site,Qazvin,Qazvin Finished Goods,Paper line A,Mixed domestic/imported supply,114.4,51.2,44.4,83.8,1050034920,0.96,1438404000,100.0,19.4,1.9,4.7,0.078,536297,42.8,224.4,102.6,778.8,2.7,0.0,48.5,0.949,113.8,24,NORMAL,8
141.65,2026-02-01,PKG-KRAFT-120 · Domestic,PKG-KRAFT-120,Kraft liner 120gsm,Packaging paper,Domestic,Qazvin Manufacturing Site,Qazvin,Qazvin Finished Goods,Paper line A,Mixed domestic/imported supply,251.5,80.7,47.7,190.4,682104700,0.93,934390000,98.1,41.3,3.6,6.8,0.016,543174,43.6,227.9,102.2,786.3,6.7,0.0,49.4,0.954,114.5,22,NORMAL,8
127.61,2026-02-01,PKG-BOARD-300 · Domestic,PKG-BOARD-300,Folding boxboard 300gsm,Packaging board,Domestic,Qazvin Manufacturing Site,Qazvin,Qazvin Finished Goods,Board line,Mixed domestic/imported supply,202.5,77.5,44.9,142.5,717041770,0.93,982249000,98.5,26.3,2.6,8.4,0.063,543174,43.6,227.9,102.2,786.3,6.7,0.0,49.4,0.954,114.5,22,NORMAL,8
118.3,2026-02-01,PKG-BOARD-350 · Export,PKG-BOARD-350,Folding boxboard 350gsm,Packaging board,Export,Qazvin Manufacturing Site,Qazvin,Qazvin Finished Goods,Board line,Mixed domestic/imported supply,130.7,52.8,51.0,124.9,751978840,0.96,1030108000,100.9,24.9,2.2,8.6,0.039,543174,43.6,227.9,102.2,786.3,6.7,0.0,49.4,0.954,114.5,22,NORMAL,8
145.18,2026-02-01,OFF-UWF-080 · Domestic,OFF-UWF-080,Uncoated woodfree 80gsm,Writing paper,Domestic,Qazvin Manufacturing Site,Qazvin,Qazvin Finished Goods,Paper line B,Mixed domestic/imported supply,230.6,101.3,46.6,232.2,786915910,0.93,1077967000,98.8,29.4,2.3,8.5,0.014,543174,43.6,227.9,102.2,786.3,6.7,0.0,49.4,0.954,114.5,22,NORMAL,8
93.14,2026-02-01,OFF-UWF-070 · Public sector,OFF-UWF-070,Uncoated woodfree 70gsm,Writing paper,Public sector,Qazvin Manufacturing Site,Qazvin,Qazvin Finished Goods,Paper line B,Mixed domestic/imported supply,125.3,69.1,52.9,124.1,821852980,0.93,1125826000,99.9,21.7,2.2,5.1,0.046,543174,43.6,227.9,102.2,786.3,6.7,0.0,49.4,0.954,114.5,22,NORMAL,8
96.26,2026-02-01,COA-ART-135 · Domestic,COA-ART-135,Coated art paper 135gsm,Commercial print,Domestic,Qazvin Manufacturing Site,Qazvin,Qazvin Finished Goods,Coating line,Mixed domestic/imported supply,143.8,71.5,46.1,129.3,856790050,0.93,1173685000,102.1,19.1,2.0,7.8,0.021,543174,43.6,227.9,102.2,786.3,6.7,0.0,49.4,0.954,114.5,22,NORMAL,8
68.24,2026-02-01,COA-ART-170 · Domestic,COA-ART-170,Coated art paper 170gsm,Commercial print,Domestic,Qazvin Manufacturing Site,Qazvin,Qazvin Finished Goods,Coating line,Mixed domestic/imported supply,113.9,63.0,52.3,108.5,891727120,0.93,1221544000,95.4,15.4,1.3,3.5,0.04,543174,43.6,227.9,102.2,786.3,6.7,0.0,49.4,0.954,114.5,22,NORMAL,8
78.01,2026-02-01,LBL-STOCK-090 · FMCG,LBL-STOCK-090,Label stock 90gsm,Labels,FMCG,Qazvin Manufacturing Site,Qazvin,Qazvin Finished Goods,Coating line,Mixed domestic/imported supply,87.6,44.7,43.8,90.9,926664190,0.96,1269403000,100.0,18.2,1.4,7.7,0.032,543174,43.6,227.9,102.2,786.3,6.7,0.0,49.4,0.954,114.5,22,NORMAL,8
87.82,2026-02-01,IND-CORE-250 · Domestic,IND-CORE-250,Industrial core board,Industrial,Domestic,Qazvin Manufacturing Site,Qazvin,Qazvin Finished Goods,Board line,Mixed domestic/imported supply,128.4,56.8,45.5,112.4,961601260,0.93,1317262000,99.4,14.7,1.4,8.8,0.036,543174,43.6,227.9,102.2,786.3,6.7,0.0,49.4,0.954,114.5,22,NORMAL,8
97.01,2026-02-01,FOD-GRADE-110 · FMCG,FOD-GRADE-110,Food-grade paper 110gsm,Food packaging,FMCG,Qazvin Manufacturing Site,Qazvin,Qazvin Finished Goods,Paper line A,Mixed domestic/imported supply,127.8,50.3,55.7,112.1,996538330,0.96,1365121000,98.8,19.7,1.8,7.6,0.063,543174,43.6,227.9,102.2,786.3,6.7,0.0,49.4,0.954,114.5,22,NORMAL,8
33.24,2026-02-01,NCR-SET-080 · Public sector,NCR-SET-080,NCR forms 80gsm,Specialty,Public sector,Qazvin Manufacturing Site,Qazvin,Qazvin Finished Goods,Specialty line,Mixed domestic/imported supply,56.1,26.2,51.3,51.0,1031475400,0.93,1412980000,97.2,9.1,0.9,8.9,0.068,543174,43.6,227.9,102.2,786.3,6.7,0.0,49.4,0.954,114.5,22,NORMAL,8
104.8,2026-02-01,EXP-KRAFT-140 · Export,EXP-KRAFT-140,Export kraft 140gsm,Packaging paper,Export,Qazvin Manufacturing Site,Qazvin,Qazvin Finished Goods,Paper line A,Mixed domestic/imported supply,110.9,55.7,43.3,90.3,1066412470,0.96,1460839000,102.3,21.1,2.2,6.8,0.072,543174,43.6,227.9,102.2,786.3,6.7,0.0,49.4,0.954,114.5,22,NORMAL,8
92.84,2026-03-01,PKG-KRAFT-120 · Domestic,PKG-KRAFT-120,Kraft liner 120gsm,Packaging paper,Domestic,Qazvin Manufacturing Site,Qazvin,Qazvin Finished Goods,Paper line A,Mixed domestic/imported supply,198.6,114.4,49.2,178.2,693478100,0.93,949970000,87.1,29.9,3.0,10.5,0.042,549181,44.3,231.7,101.9,794.6,13.2,2.9,50.3,0.957,115.0,16,NOWRUZ_SHUTDOWN,56
79.23,2026-03-01,PKG-BOARD-300 · Domestic,PKG-BOARD-300,Folding boxboard 300gsm,Packaging board,Domestic,Qazvin Manufacturing Site,Qazvin,Qazvin Finished Goods,Board line,Mixed domestic/imported supply,159.8,86.2,43.1,152.9,728997710,0.93,998627000,88.5,30.5,3.1,7.9,0.04,549181,44.3,231.7,101.9,794.6,13.2,2.9,50.3,0.957,115.0,16,NOWRUZ_SHUTDOWN,56
81.98,2026-03-01,PKG-BOARD-350 · Export,PKG-BOARD-350,Folding boxboard 350gsm,Packaging board,Export,Qazvin Manufacturing Site,Qazvin,Qazvin Finished Goods,Board line,Mixed domestic/imported supply,119.0,68.9,56.6,121.5,764517320,0.96,1047284000,86.4,19.7,1.5,4.8,0.053,549181,44.3,231.7,101.9,794.6,13.2,2.9,50.3,0.957,115.0,16,NOWRUZ_SHUTDOWN,56
90.85,2026-03-01,OFF-UWF-080 · Domestic,OFF-UWF-080,Uncoated woodfree 80gsm,Writing paper,Domestic,Qazvin Manufacturing Site,Qazvin,Qazvin Finished Goods,Paper line B,Mixed domestic/imported supply,181.4,113.2,59.8,229.7,800036930,0.93,1095941000,87.2,39.0,3.7,8.3,0.028,549181,44.3,231.7,101.9,794.6,13.2,2.9,50.3,0.957,115.0,16,NOWRUZ_SHUTDOWN,56
59.58,2026-03-01,OFF-UWF-070 · Public sector,OFF-UWF-070,Uncoated woodfree 70gsm,Writing paper,Public sector,Qazvin Manufacturing Site,Qazvin,Qazvin Finished Goods,Paper line B,Mixed domestic/imported supply,153.8,66.3,43.6,134.2,835556540,0.93,1144598000,83.9,22.1,1.6,9.3,0.022,549181,44.3,231.7,101.9,794.6,13.2,2.9,50.3,0.957,115.0,16,NOWRUZ_SHUTDOWN,56
63.63,2026-03-01,COA-ART-135 · Domestic,COA-ART-135,Coated art paper 135gsm,Commercial print,Domestic,Qazvin Manufacturing Site,Qazvin,Qazvin Finished Goods,Coating line,Mixed domestic/imported supply,164.6,73.3,55.6,114.7,871076150,0.93,1193255000,91.0,15.0,1.3,6.9,0.053,549181,44.3,231.7,101.9,794.6,13.2,2.9,50.3,0.957,115.0,16,NOWRUZ_SHUTDOWN,56
43.79,2026-03-01,COA-ART-170 · Domestic,COA-ART-170,Coated art paper 170gsm,Commercial print,Domestic,Qazvin Manufacturing Site,Qazvin,Qazvin Finished Goods,Coating line,Mixed domestic/imported supply,97.2,62.9,54.6,92.9,906595760,0.93,1241912000,88.0,19.6,1.3,3.2,0.014,549181,44.3,231.7,101.9,794.6,13.2,2.9,50.3,0.957,115.0,16,NOWRUZ_SHUTDOWN,56
51.84,2026-03-01,LBL-STOCK-090 · FMCG,LBL-STOCK-090,Label stock 90gsm,Labels,FMCG,Qazvin Manufacturing Site,Qazvin,Qazvin Finished Goods,Coating line,Mixed domestic/imported supply,123.4,47.7,56.6,95.7,942115370,0.96,1290569000,88.3,13.2,1.1,6.3,0.0,549181,44.3,231.7,101.9,794.6,13.2,2.9,50.3,0.957,115.0,16,NOWRUZ_SHUTDOWN,56
56.25,2026-03-01,IND-CORE-250 · Domestic,IND-CORE-250,Industrial core board,Industrial,Domestic,Qazvin Manufacturing Site,Qazvin,Qazvin Finished Goods,Board line,Mixed domestic/imported supply,91.4,49.4,56.5,109.3,977634980,0.93,1339226000,86.7,15.5,1.2,5.9,0.025,549181,44.3,231.7,101.9,794.6,13.2,2.9,50.3,0.957,115.0,16,NOWRUZ_SHUTDOWN,56
66.81,2026-03-01,FOD-GRADE-110 · FMCG,FOD-GRADE-110,Food-grade paper 110gsm,Food packaging,FMCG,Qazvin Manufacturing Site,Qazvin,Qazvin Finished Goods,Paper line A,Mixed domestic/imported supply,117.1,60.8,52.8,114.2,1013154590,0.96,1387883000,89.2,18.9,1.9,4.6,0.01,549181,44.3,231.7,101.9,794.6,13.2,2.9,50.3,0.957,115.0,16,NOWRUZ_SHUTDOWN,56
22.04,2026-03-01,NCR-SET-080 · Public sector,NCR-SET-080,NCR forms 80gsm,Specialty,Public sector,Qazvin Manufacturing Site,Qazvin,Qazvin Finished Goods,Specialty line,Mixed domestic/imported supply,65.9,26.9,42.9,56.2,1048674200,0.93,1436540000,84.3,8.2,0.7,7.2,0.021,549181,44.3,231.7,101.9,794.6,13.2,2.9,50.3,0.957,115.0,16,NOWRUZ_SHUTDOWN,56
67.01,2026-03-01,EXP-KRAFT-140 · Export,EXP-KRAFT-140,Export kraft 140gsm,Packaging paper,Export,Qazvin Manufacturing Site,Qazvin,Qazvin Finished Goods,Paper line A,Mixed domestic/imported supply,104.7,41.3,44.0,84.8,1084193810,0.96,1485197000,90.8,17.3,1.4,6.5,0.075,549181,44.3,231.7,101.9,794.6,13.2,2.9,50.3,0.957,115.0,16,NOWRUZ_SHUTDOWN,56
131.32,2026-04-01,PKG-KRAFT-120 · Domestic,PKG-KRAFT-120,Kraft liner 120gsm,Packaging paper,Domestic,Qazvin Manufacturing Site,Qazvin,Qazvin Finished Goods,Paper line A,Mixed domestic/imported supply,156.4,99.9,55.3,196.6,705450100,0.93,966370000,95.6,37.9,2.9,6.5,0.079,554366,44.8,235.7,101.6,803.4,20.4,13.1,51.0,0.96,115.4,23,NORMAL,8
120.78,2026-04-01,PKG-BOARD-300 · Domestic,PKG-BOARD-300,Folding boxboard 300gsm,Packaging board,Domestic,Qazvin Manufacturing Site,Qazvin,Qazvin Finished Goods,Board line,Mixed domestic/imported supply,139.8,67.4,60.9,157.3,741582910,0.93,1015867000,100.9,27.0,2.3,6.5,0.042,554366,44.8,235.7,101.6,803.4,20.4,13.1,51.0,0.96,115.4,23,NORMAL,8
109.33,2026-04-01,PKG-BOARD-350 · Export,PKG-BOARD-350,Folding boxboard 350gsm,Packaging board,Export,Qazvin Manufacturing Site,Qazvin,Qazvin Finished Goods,Board line,Mixed domestic/imported supply,117.3,64.5,46.5,115.6,777715720,0.96,1065364000,93.7,15.2,1.4,5.6,0.062,554366,44.8,235.7,101.6,803.4,20.4,13.1,51.0,0.96,115.4,23,NORMAL,8
128.36,2026-04-01,OFF-UWF-080 · Domestic,OFF-UWF-080,Uncoated woodfree 80gsm,Writing paper,Domestic,Qazvin Manufacturing Site,Qazvin,Qazvin Finished Goods,Paper line B,Mixed domestic/imported supply,262.1,100.3,54.4,194.2,813848530,0.93,1114861000,97.3,41.8,2.9,8.8,0.021,554366,44.8,235.7,101.6,803.4,20.4,13.1,51.0,0.96,115.4,23,NORMAL,8
88.9,2026-04-01,OFF-UWF-070 · Public sector,OFF-UWF-070,Uncoated woodfree 70gsm,Writing paper,Public sector,Qazvin Manufacturing Site,Qazvin,Qazvin Finished Goods,Paper line B,Mixed domestic/imported supply,131.8,66.9,46.6,130.2,849981340,0.93,1164358000,95.4,24.3,1.9,2.5,0.075,554366,44.8,235.7,101.6,803.4,20.4,13.1,51.0,0.96,115.4,23,NORMAL,8
91.65,2026-04-01,COA-ART-135 · Domestic,COA-ART-135,Coated art paper 135gsm,Commercial print,Domestic,Qazvin Manufacturing Site,Qazvin,Qazvin Finished Goods,Coating line,Mixed domestic/imported supply,145.5,62.4,51.1,115.6,886114150,0.93,1213855000,101.6,22.7,1.7,7.8,0.035,554366,44.8,235.7,101.6,803.4,20.4,13.1,51.0,0.96,115.4,23,NORMAL,8
64.57,2026-04-01,COA-ART-170 · Domestic,COA-ART-170,Coated art paper 170gsm,Commercial print,Domestic,Qazvin Manufacturing Site,Qazvin,Qazvin Finished Goods,Coating line,Mixed domestic/imported supply,119.9,63.8,57.8,92.8,922246960,0.93,1263352000,94.7,20.9,1.4,5.3,0.068,554366,44.8,235.7,101.6,803.4,20.4,13.1,51.0,0.96,115.4,23,NORMAL,8
74.07,2026-04-01,LBL-STOCK-090 · FMCG,LBL-STOCK-090,Label stock 90gsm,Labels,FMCG,Qazvin Manufacturing Site,Qazvin,Qazvin Finished Goods,Coating line,Mixed domestic/imported supply,103.5,41.0,44.7,89.8,958379770,0.96,1312849000,98.8,22.1,1.5,5.9,0.045,554366,44.8,235.7,101.6,803.4,20.4,13.1,51.0,0.96,115.4,23,NORMAL,8
79.07,2026-04-01,IND-CORE-250 · Domestic,IND-CORE-250,Industrial core board,Industrial,Domestic,Qazvin Manufacturing Site,Qazvin,Qazvin Finished Goods,Board line,Mixed domestic/imported supply,142.9,57.6,51.5,98.7,994512580,0.93,1362346000,93.6,15.7,1.2,6.9,0.054,554366,44.8,235.7,101.6,803.4,20.4,13.1,51.0,0.96,115.4,23,NORMAL,8
91.81,2026-04-01,FOD-GRADE-110 · FMCG,FOD-GRADE-110,Food-grade paper 110gsm,Food packaging,FMCG,Qazvin Manufacturing Site,Qazvin,Qazvin Finished Goods,Paper line A,Mixed domestic/imported supply,101.2,59.4,58.5,128.0,1030645390,0.96,1411843000,96.4,18.6,1.5,6.1,0.043,554366,44.8,235.7,101.6,803.4,20.4,13.1,51.0,0.96,115.4,23,NORMAL,8
28.76,2026-04-01,NCR-SET-080 · Public sector,NCR-SET-080,NCR forms 80gsm,Specialty,Public sector,Qazvin Manufacturing Site,Qazvin,Qazvin Finished Goods,Specialty line,Mixed domestic/imported supply,55.4,27.3,46.7,53.1,1066778200,0.93,1461340000,99.6,11.8,0.7,3.8,0.063,554366,44.8,235.7,101.6,803.4,20.4,13.1,51.0,0.96,115.4,23,NORMAL,8
101.84,2026-04-01,EXP-KRAFT-140 · Export,EXP-KRAFT-140,Export kraft 140gsm,Packaging paper,Export,Qazvin Manufacturing Site,Qazvin,Qazvin Finished Goods,Paper line A,Mixed domestic/imported supply,118.9,43.5,52.8,94.9,1102911010,0.96,1510837000,99.6,14.9,1.2,4.8,0.049,554366,44.8,235.7,101.6,803.4,20.4,13.1,51.0,0.96,115.4,23,NORMAL,8
155.47,2026-05-01,PKG-KRAFT-120 · Domestic,PKG-KRAFT-120,Kraft liner 120gsm,Packaging paper,Domestic,Qazvin Manufacturing Site,Qazvin,Qazvin Finished Goods,Paper line A,Mixed domestic/imported supply,203.7,92.2,48.6,188.3,718320000,0.93,984000000,103.2,25.1,1.7,4.3,0.051,558846,45.3,240.0,101.4,812.4,26.5,20.8,51.6,0.963,115.5,25,NORMAL,8
134.56,2026-05-01,PKG-BOARD-300 · Domestic,PKG-BOARD-300,Folding boxboard 300gsm,Packaging board,Domestic,Qazvin Manufacturing Site,Qazvin,Qazvin Finished Goods,Board line,Mixed domestic/imported supply,204.1,85.6,61.6,140.6,755112000,0.93,1034400000,101.1,35.8,2.7,10.2,0.054,558846,45.3,240.0,101.4,812.4,26.5,20.8,51.6,0.963,115.5,25,NORMAL,8
133.0,2026-05-01,PKG-BOARD-350 · Export,PKG-BOARD-350,Folding boxboard 350gsm,Packaging board,Export,Qazvin Manufacturing Site,Qazvin,Qazvin Finished Goods,Board line,Mixed domestic/imported supply,133.9,67.0,52.2,107.0,791904000,0.96,1084800000,101.0,26.7,2.3,6.0,0.031,558846,45.3,240.0,101.4,812.4,26.5,20.8,51.6,0.963,115.5,25,NORMAL,8
157.75,2026-05-01,OFF-UWF-080 · Domestic,OFF-UWF-080,Uncoated woodfree 80gsm,Writing paper,Domestic,Qazvin Manufacturing Site,Qazvin,Qazvin Finished Goods,Paper line B,Mixed domestic/imported supply,270.1,110.9,55.3,213.0,828696000,0.93,1135200000,103.0,52.3,3.3,6.6,0.035,558846,45.3,240.0,101.4,812.4,26.5,20.8,51.6,0.963,115.5,25,NORMAL,8
100.76,2026-05-01,OFF-UWF-070 · Public sector,OFF-UWF-070,Uncoated woodfree 70gsm,Writing paper,Public sector,Qazvin Manufacturing Site,Qazvin,Qazvin Finished Goods,Paper line B,Mixed domestic/imported supply,155.7,76.4,44.6,134.5,865488000,0.93,1185600000,101.5,24.8,1.9,5.0,0.058,558846,45.3,240.0,101.4,812.4,26.5,20.8,51.6,0.963,115.5,25,NORMAL,8
97.41,2026-05-01,COA-ART-135 · Domestic,COA-ART-135,Coated art paper 135gsm,Commercial print,Domestic,Qazvin Manufacturing Site,Qazvin,Qazvin Finished Goods,Coating line,Mixed domestic/imported supply,161.4,53.9,58.4,123.4,902280000,0.93,1236000000,101.7,16.7,1.2,6.8,0.044,558846,45.3,240.0,101.4,812.4,26.5,20.8,51.6,0.963,115.5,25,NORMAL,8
82.9,2026-05-01,COA-ART-170 · Domestic,COA-ART-170,Coated art paper 170gsm,Commercial print,Domestic,Qazvin Manufacturing Site,Qazvin,Qazvin Finished Goods,Coating line,Mixed domestic/imported supply,90.0,50.5,45.4,92.3,939072000,0.93,1286400000,104.0,22.9,1.7,6.1,0.067,558846,45.3,240.0,101.4,812.4,26.5,20.8,51.6,0.963,115.5,25,NORMAL,8
90.22,2026-05-01,LBL-STOCK-090 · FMCG,LBL-STOCK-090,Label stock 90gsm,Labels,FMCG,Qazvin Manufacturing Site,Qazvin,Qazvin Finished Goods,Coating line,Mixed domestic/imported supply,88.4,57.5,48.7,96.0,975864000,0.96,1336800000,104.9,15.6,1.0,5.8,0.054,558846,45.3,240.0,101.4,812.4,26.5,20.8,51.6,0.963,115.5,25,NORMAL,8
90.22,2026-05-01,IND-CORE-250 · Domestic,IND-CORE-250,Industrial core board,Industrial,Domestic,Qazvin Manufacturing Site,Qazvin,Qazvin Finished Goods,Board line,Mixed domestic/imported supply,114.2,60.4,45.1,116.2,1012656000,0.93,1387200000,97.5,16.2,0.9,9.1,0.065,558846,45.3,240.0,101.4,812.4,26.5,20.8,51.6,0.963,115.5,25,NORMAL,8
112.25,2026-05-01,FOD-GRADE-110 · FMCG,FOD-GRADE-110,Food-grade paper 110gsm,Food packaging,FMCG,Qazvin Manufacturing Site,Qazvin,Qazvin Finished Goods,Paper line A,Mixed domestic/imported supply,111.6,59.3,53.4,116.6,1049448000,0.96,1437600000,102.0,25.3,1.5,5.3,0.045,558846,45.3,240.0,101.4,812.4,26.5,20.8,51.6,0.963,115.5,25,NORMAL,8
3.68,2026-05-01,NCR-SET-080 · Public sector,NCR-SET-080,NCR forms 80gsm,Specialty,Public sector,Qazvin Manufacturing Site,Qazvin,Qazvin Finished Goods,Specialty line,Mixed domestic/imported supply,66.9,25.4,44.4,57.6,1086240000,0.93,1488000000,99.6,13.0,1.0,2.1,0.04,558846,45.3,240.0,101.4,812.4,26.5,20.8,51.6,0.963,115.5,25,NORMAL,8
115.4,2026-05-01,EXP-KRAFT-140 · Export,EXP-KRAFT-140,Export kraft 140gsm,Packaging paper,Export,Qazvin Manufacturing Site,Qazvin,Qazvin Finished Goods,Paper line A,Mixed domestic/imported supply,88.4,51.0,58.4,87.7,1123032000,0.96,1538400000,102.0,19.5,1.2,5.3,0.033,558846,45.3,240.0,101.4,812.4,26.5,20.8,51.6,0.963,115.5,25,NORMAL,8
160.3,2026-06-01,PKG-KRAFT-120 · Domestic,PKG-KRAFT-120,Kraft liner 120gsm,Packaging paper,Domestic,Qazvin Manufacturing Site,Qazvin,Qazvin Finished Goods,Paper line A,Mixed domestic/imported supply,189.1,79.1,47.9,191.7,731788500,0.93,1002450000,103.4,26.9,2.1,9.3,0.031,562797,45.6,244.5,101.2,821.1,29.7,24.0,51.9,0.964,115.5,23,NORMAL,8
134.27,2026-06-01,PKG-BOARD-300 · Domestic,PKG-BOARD-300,Folding boxboard 300gsm,Packaging board,Domestic,Qazvin Manufacturing Site,Qazvin,Qazvin Finished Goods,Board line,Mixed domestic/imported supply,190.4,82.6,56.2,162.0,769270350,0.93,1053795000,99.5,24.8,1.7,11.2,0.043,562797,45.6,244.5,101.2,821.1,29.7,24.0,51.9,0.964,115.5,23,NORMAL,8
133.56,2026-06-01,PKG-BOARD-350 · Export,PKG-BOARD-350,Folding boxboard 350gsm,Packaging board,Export,Qazvin Manufacturing Site,Qazvin,Qazvin Finished Goods,Board line,Mixed domestic/imported supply,156.6,70.9,55.8,108.5,806752200,0.96,1105140000,103.1,26.9,2.0,7.4,0.021,562797,45.6,244.5,101.2,821.1,29.7,24.0,51.9,0.964,115.5,23,NORMAL,8
149.79,2026-06-01,OFF-UWF-080 · Domestic,OFF-UWF-080,Uncoated woodfree 80gsm,Writing paper,Domestic,Qazvin Manufacturing Site,Qazvin,Qazvin Finished Goods,Paper line B,Mixed domestic/imported supply,284.0,92.7,56.9,208.7,844234050,0.93,1156485000,103.0,42.6,3.2,7.9,0.102,562797,45.6,244.5,101.2,821.1,29.7,24.0,51.9,0.964,115.5,23,NORMAL,8
102.07,2026-06-01,OFF-UWF-070 · Public sector,OFF-UWF-070,Uncoated woodfree 70gsm,Writing paper,Public sector,Qazvin Manufacturing Site,Qazvin,Qazvin Finished Goods,Paper line B,Mixed domestic/imported supply,142.8,64.8,47.4,141.2,881715900,0.93,1207830000,99.6,23.7,1.7,3.2,0.046,562797,45.6,244.5,101.2,821.1,29.7,24.0,51.9,0.964,115.5,23,NORMAL,8
94.32,2026-06-01,COA-ART-135 · Domestic,COA-ART-135,Coated art paper 135gsm,Commercial print,Domestic,Qazvin Manufacturing Site,Qazvin,Qazvin Finished Goods,Coating line,Mixed domestic/imported supply,117.9,63.0,44.6,116.3,919197750,0.93,1259175000,103.5,19.8,1.4,2.4,0.057,562797,45.6,244.5,101.2,821.1,29.7,24.0,51.9,0.964,115.5,23,NORMAL,8
79.74,2026-06-01,COA-ART-170 · Domestic,COA-ART-170,Coated art paper 170gsm,Commercial print,Domestic,Qazvin Manufacturing Site,Qazvin,Qazvin Finished Goods,Coating line,Mixed domestic/imported supply,117.6,53.5,55.8,104.2,956679600,0.93,1310520000,99.1,22.5,1.7,7.8,0.024,562797,45.6,244.5,101.2,821.1,29.7,24.0,51.9,0.964,115.5,23,NORMAL,8
90.11,2026-06-01,LBL-STOCK-090 · FMCG,LBL-STOCK-090,Label stock 90gsm,Labels,FMCG,Qazvin Manufacturing Site,Qazvin,Qazvin Finished Goods,Coating line,Mixed domestic/imported supply,120.5,55.8,53.5,87.1,994161450,0.96,1361865000,102.8,19.8,1.1,5.0,0.046,562797,45.6,244.5,101.2,821.1,29.7,24.0,51.9,0.964,115.5,23,NORMAL,8
91.69,2026-06-01,IND-CORE-250 · Domestic,IND-CORE-250,Industrial core board,Industrial,Domestic,Qazvin Manufacturing Site,Qazvin,Qazvin Finished Goods,Board line,Mixed domestic/imported supply,105.0,55.5,53.0,104.0,1031643300,0.93,1413210000,99.2,25.2,2.0,6.2,0.042,562797,45.6,244.5,101.2,821.1,29.7,24.0,51.9,0.964,115.5,23,NORMAL,8
107.94,2026-06-01,FOD-GRADE-110 · FMCG,FOD-GRADE-110,Food-grade paper 110gsm,Food packaging,FMCG,Qazvin Manufacturing Site,Qazvin,Qazvin Finished Goods,Paper line A,Mixed domestic/imported supply,119.2,59.1,53.8,114.1,1069125150,0.96,1464555000,103.4,25.9,1.6,6.6,0.048,562797,45.6,244.5,101.2,821.1,29.7,24.0,51.9,0.964,115.5,23,NORMAL,8
38.56,2026-06-01,NCR-SET-080 · Public sector,NCR-SET-080,NCR forms 80gsm,Specialty,Public sector,Qazvin Manufacturing Site,Qazvin,Qazvin Finished Goods,Specialty line,Mixed domestic/imported supply,67.2,26.6,51.0,54.2,1106607000,0.93,1515900000,104.6,12.2,0.7,7.3,0.04,562797,45.6,244.5,101.2,821.1,29.7,24.0,51.9,0.964,115.5,23,NORMAL,8
118.34,2026-06-01,EXP-KRAFT-140 · Export,EXP-KRAFT-140,Export kraft 140gsm,Packaging paper,Export,Qazvin Manufacturing Site,Qazvin,Qazvin Finished Goods,Paper line A,Mixed domestic/imported supply,92.1,46.7,49.8,82.9,1144088850,0.96,1567245000,102.1,12.3,1.0,6.3,0.023,562797,45.6,244.5,101.2,821.1,29.7,24.0,51.9,0.964,115.5,23,NORMAL,8
127.12,2026-07-01,PKG-KRAFT-120 · Domestic,PKG-KRAFT-120,Kraft liner 120gsm,Packaging paper,Domestic,Qazvin Manufacturing Site,Qazvin,Qazvin Finished Goods,Paper line A,Mixed domestic/imported supply,213.3,95.0,47.5,194.6,745855600,0.93,1021720000,95.5,38.7,3.0,15.9,0.069,566450,45.8,249.2,101.2,829.1,29.3,75.8,52.0,0.965,115.3,26,POWER_CURTAILMENT,79
113.5,2026-07-01,PKG-BOARD-300 · Domestic,PKG-BOARD-300,Folding boxboard 300gsm,Packaging board,Domestic,Qazvin Manufacturing Site,Qazvin,Qazvin Finished Goods,Board line,Mixed domestic/imported supply,132.4,84.0,55.0,160.9,784057960,0.93,1074052000,99.2,35.6,2.7,16.1,0.069,566450,45.8,249.2,101.2,829.1,29.3,75.8,52.0,0.965,115.3,26,POWER_CURTAILMENT,79
117.09,2026-07-01,PKG-BOARD-350 · Export,PKG-BOARD-350,Folding boxboard 350gsm,Packaging board,Export,Qazvin Manufacturing Site,Qazvin,Qazvin Finished Goods,Board line,Mixed domestic/imported supply,131.3,51.2,52.0,119.7,822260320,0.96,1126384000,98.5,24.8,1.5,16.8,0.012,566450,45.8,249.2,101.2,829.1,29.3,75.8,52.0,0.965,115.3,26,POWER_CURTAILMENT,79
132.52,2026-07-01,OFF-UWF-080 · Domestic,OFF-UWF-080,Uncoated woodfree 80gsm,Writing paper,Domestic,Qazvin Manufacturing Site,Qazvin,Qazvin Finished Goods,Paper line B,Mixed domestic/imported supply,278.1,133.6,61.8,231.6,860462680,0.93,1178716000,104.4,47.7,2.7,14.8,0.099,566450,45.8,249.2,101.2,829.1,29.3,75.8,52.0,0.965,115.3,26,POWER_CURTAILMENT,79
84.34,2026-07-01,OFF-UWF-070 · Public sector,OFF-UWF-070,Uncoated woodfree 70gsm,Writing paper,Public sector,Qazvin Manufacturing Site,Qazvin,Qazvin Finished Goods,Paper line B,Mixed domestic/imported supply,158.5,80.4,53.4,122.6,898665040,0.93,1231048000,100.7,21.9,1.2,14.2,0.028,566450,45.8,249.2,101.2,829.1,29.3,75.8,52.0,0.965,115.3,26,POWER_CURTAILMENT,79
89.88,2026-07-01,COA-ART-135 · Domestic,COA-ART-135,Coated art paper 135gsm,Commercial print,Domestic,Qazvin Manufacturing Site,Qazvin,Qazvin Finished Goods,Coating line,Mixed domestic/imported supply,127.2,68.7,50.8,126.2,936867400,0.93,1283380000,101.1,20.1,1.4,15.3,0.039,566450,45.8,249.2,101.2,829.1,29.3,75.8,52.0,0.965,115.3,26,POWER_CURTAILMENT,79
65.02,2026-07-01,COA-ART-170 · Domestic,COA-ART-170,Coated art paper 170gsm,Commercial print,Domestic,Qazvin Manufacturing Site,Qazvin,Qazvin Finished Goods,Coating line,Mixed domestic/imported supply,99.4,46.8,56.5,105.0,975069760,0.93,1335712000,102.8,15.3,0.8,16.7,0.032,566450,45.8,249.2,101.2,829.1,29.3,75.8,52.0,0.965,115.3,26,POWER_CURTAILMENT,79
72.89,2026-07-01,LBL-STOCK-090 · FMCG,LBL-STOCK-090,Label stock 90gsm,Labels,FMCG,Qazvin Manufacturing Site,Qazvin,Qazvin Finished Goods,Coating line,Mixed domestic/imported supply,87.5,58.9,58.5,94.7,1013272120,0.96,1388044000,98.2,15.3,1.2,15.2,0.022,566450,45.8,249.2,101.2,829.1,29.3,75.8,52.0,0.965,115.3,26,POWER_CURTAILMENT,79
77.43,2026-07-01,IND-CORE-250 · Domestic,IND-CORE-250,Industrial core board,Industrial,Domestic,Qazvin Manufacturing Site,Qazvin,Qazvin Finished Goods,Board line,Mixed domestic/imported supply,122.3,62.1,53.6,108.0,1051474480,0.93,1440376000,99.3,21.8,1.2,15.2,0.058,566450,45.8,249.2,101.2,829.1,29.3,75.8,52.0,0.965,115.3,26,POWER_CURTAILMENT,79
92.67,2026-07-01,FOD-GRADE-110 · FMCG,FOD-GRADE-110,Food-grade paper 110gsm,Food packaging,FMCG,Qazvin Manufacturing Site,Qazvin,Qazvin Finished Goods,Paper line A,Mixed domestic/imported supply,124.6,71.8,48.1,120.2,1089676840,0.96,1492708000,99.0,21.5,1.2,18.2,0.033,566450,45.8,249.2,101.2,829.1,29.3,75.8,52.0,0.965,115.3,26,POWER_CURTAILMENT,79
30.55,2026-07-01,NCR-SET-080 · Public sector,NCR-SET-080,NCR forms 80gsm,Specialty,Public sector,Qazvin Manufacturing Site,Qazvin,Qazvin Finished Goods,Specialty line,Mixed domestic/imported supply,71.7,30.8,48.8,52.1,1127879200,0.93,1545040000,98.8,9.0,0.7,16.4,0.021,566450,45.8,249.2,101.2,829.1,29.3,75.8,52.0,0.965,115.3,26,POWER_CURTAILMENT,79
98.66,2026-07-01,EXP-KRAFT-140 · Export,EXP-KRAFT-140,Export kraft 140gsm,Packaging paper,Export,Qazvin Manufacturing Site,Qazvin,Qazvin Finished Goods,Paper line A,Mixed domestic/imported supply,102.8,37.4,59.7,84.3,1166081560,0.96,1597372000,101.1,12.5,0.7,15.5,0.03,566450,45.8,249.2,101.2,829.1,29.3,75.8,52.0,0.965,115.3,26,POWER_CURTAILMENT,79
126.57,2026-08-01,PKG-KRAFT-120 · Domestic,PKG-KRAFT-120,Kraft liner 120gsm,Packaging paper,Domestic,Qazvin Manufacturing Site,Qazvin,Qazvin Finished Goods,Paper line A,Mixed domestic/imported supply,217.2,113.9,60.4,174.6,760222000,0.93,1041400000,96.4,36.7,2.6,3.4,0.055,570067,45.9,254.0,101.1,836.0,25.3,14.9,51.9,0.965,114.9,23,NORMAL,8
109.43,2026-08-01,PKG-BOARD-300 · Domestic,PKG-BOARD-300,Folding boxboard 300gsm,Packaging board,Domestic,Qazvin Manufacturing Site,Qazvin,Qazvin Finished Goods,Board line,Mixed domestic/imported supply,165.4,94.8,45.7,157.7,799160200,0.93,1094740000,93.2,25.4,1.8,4.3,0.037,570067,45.9,254.0,101.1,836.0,25.3,14.9,51.9,0.965,114.9,23,NORMAL,8
116.57,2026-08-01,PKG-BOARD-350 · Export,PKG-BOARD-350,Folding boxboard 350gsm,Packaging board,Export,Qazvin Manufacturing Site,Qazvin,Qazvin Finished Goods,Board line,Mixed domestic/imported supply,137.0,60.0,50.9,124.0,838098400,0.96,1148080000,97.8,15.3,0.9,3.6,0.031,570067,45.9,254.0,101.1,836.0,25.3,14.9,51.9,0.965,114.9,23,NORMAL,8
136.13,2026-08-01,OFF-UWF-080 · Domestic,OFF-UWF-080,Uncoated woodfree 80gsm,Writing paper,Domestic,Qazvin Manufacturing Site,Qazvin,Qazvin Finished Goods,Paper line B,Mixed domestic/imported supply,245.4,117.5,48.7,221.7,877036600,0.93,1201420000,97.6,32.7,2.2,6.4,0.055,570067,45.9,254.0,101.1,836.0,25.3,14.9,51.9,0.965,114.9,23,NORMAL,8
87.13,2026-08-01,OFF-UWF-070 · Public sector,OFF-UWF-070,Uncoated woodfree 70gsm,Writing paper,Public sector,Qazvin Manufacturing Site,Qazvin,Qazvin Finished Goods,Paper line B,Mixed domestic/imported supply,147.5,64.6,52.7,136.0,915974800,0.93,1254760000,99.9,21.4,1.8,3.7,0.029,570067,45.9,254.0,101.1,836.0,25.3,14.9,51.9,0.965,114.9,23,NORMAL,8
82.0,2026-08-01,COA-ART-135 · Domestic,COA-ART-135,Coated art paper 135gsm,Commercial print,Domestic,Qazvin Manufacturing Site,Qazvin,Qazvin Finished Goods,Coating line,Mixed domestic/imported supply,148.8,59.9,59.6,116.9,954913000,0.93,1308100000,93.6,23.4,1.4,6.8,0.016,570067,45.9,254.0,101.1,836.0,25.3,14.9,51.9,0.965,114.9,23,NORMAL,8
69.69,2026-08-01,COA-ART-170 · Domestic,COA-ART-170,Coated art paper 170gsm,Commercial print,Domestic,Qazvin Manufacturing Site,Qazvin,Qazvin Finished Goods,Coating line,Mixed domestic/imported supply,97.6,58.8,49.9,93.1,993851200,0.93,1361440000,97.0,22.9,1.4,7.3,0.051,570067,45.9,254.0,101.1,836.0,25.3,14.9,51.9,0.965,114.9,23,NORMAL,8
80.85,2026-08-01,LBL-STOCK-090 · FMCG,LBL-STOCK-090,Label stock 90gsm,Labels,FMCG,Qazvin Manufacturing Site,Qazvin,Qazvin Finished Goods,Coating line,Mixed domestic/imported supply,103.9,53.0,45.0,98.2,1032789400,0.96,1414780000,98.2,20.0,1.6,6.2,0.038,570067,45.9,254.0,101.1,836.0,25.3,14.9,51.9,0.965,114.9,23,NORMAL,8
76.91,2026-08-01,IND-CORE-250 · Domestic,IND-CORE-250,Industrial core board,Industrial,Domestic,Qazvin Manufacturing Site,Qazvin,Qazvin Finished Goods,Board line,Mixed domestic/imported supply,115.6,58.5,57.7,109.0,1071727600,0.93,1468120000,94.2,13.8,1.1,8.4,0.035,570067,45.9,254.0,101.1,836.0,25.3,14.9,51.9,0.965,114.9,23,NORMAL,8
88.01,2026-08-01,FOD-GRADE-110 · FMCG,FOD-GRADE-110,Food-grade paper 110gsm,Food packaging,FMCG,Qazvin Manufacturing Site,Qazvin,Qazvin Finished Goods,Paper line A,Mixed domestic/imported supply,153.8,52.0,58.4,128.5,1110665800,0.96,1521460000,94.6,26.7,1.6,2.9,0.023,570067,45.9,254.0,101.1,836.0,25.3,14.9,51.9,0.965,114.9,23,NORMAL,8
25.03,2026-08-01,NCR-SET-080 · Public sector,NCR-SET-080,NCR forms 80gsm,Specialty,Public sector,Qazvin Manufacturing Site,Qazvin,Qazvin Finished Goods,Specialty line,Mixed domestic/imported supply,70.4,25.0,59.6,53.8,1149604000,0.93,1574800000,96.6,8.7,0.7,6.7,0.025,570067,45.9,254.0,101.1,836.0,25.3,14.9,51.9,0.965,114.9,23,NORMAL,8
105.09,2026-08-01,EXP-KRAFT-140 · Export,EXP-KRAFT-140,Export kraft 140gsm,Packaging paper,Export,Qazvin Manufacturing Site,Qazvin,Qazvin Finished Goods,Paper line A,Mixed domestic/imported supply,105.0,42.2,61.5,93.4,1188542200,0.96,1628140000,98.4,19.7,1.2,9.2,0.042,570067,45.9,254.0,101.1,836.0,25.3,14.9,51.9,0.965,114.9,23,NORMAL,8
