date,series_id,sku,category,customer,demand_tonnes,selling_price_eur_per_tonne,eur_usd,pulp_price_index,energy_price_index,inflation_yoy,industrial_activity_index,paper_market_demand_index,customer_orders_index,quote_pipeline_index,confirmed_contract_tonnes,backlog_tonnes,promotion_index,environmental_risk_index,supply_disruption_index,logistics_cost_index,working_days,competitor_price_index,event_code,event_severity,revenue_eur
2023-09-01,COA-135-70X100 · Lumen Creative Group,COA-135-70X100,Commercial paper,Lumen Creative Group,66.82,1180.53,1.085,112.0,97.8,3.4,101.0,100.0,113.19,105.78,15.28,2.31,0.089,19.0,13.0,104.5,22,99.9,NORMAL,8,78883.01
2023-09-01,COA-135-70X100 · PrintWorks Iberia,COA-135-70X100,Commercial paper,PrintWorks Iberia,108.35,1113.71,1.085,112.0,97.8,3.4,101.0,100.0,113.3,107.44,24.93,3.78,0.089,19.0,13.0,104.5,22,99.9,NORMAL,8,120670.48
2023-09-01,COA-170-70X100 · ColorPress Studio,COA-170-70X100,Commercial paper,ColorPress Studio,56.64,1223.82,1.085,112.0,97.8,3.4,101.0,100.0,108.0,107.45,13.54,0.92,0.088,19.0,13.0,104.5,22,99.9,NORMAL,8,69317.16
2023-09-01,COA-170-70X100 · PrintWorks Iberia,COA-170-70X100,Commercial paper,PrintWorks Iberia,72.07,1176.75,1.085,112.0,97.8,3.4,101.0,100.0,107.38,108.69,17.95,1.23,0.088,19.0,13.0,104.5,22,99.9,NORMAL,8,84808.37
2023-09-01,LBL-090-SRA3 · Belleza Cosmetics,LBL-090-SRA3,Labels,Belleza Cosmetics,38.22,1668.32,1.085,112.0,97.8,3.4,101.0,100.0,105.08,102.04,15.93,1.77,0.059,19.0,13.0,104.5,22,99.9,NORMAL,8,63763.19
2023-09-01,LBL-090-SRA3 · Retail Labels Co.,LBL-090-SRA3,Labels,Retail Labels Co.,48.49,1590.36,1.085,112.0,97.8,3.4,101.0,100.0,104.31,103.17,20.28,2.26,0.059,19.0,13.0,104.5,22,99.9,NORMAL,8,77116.56
2023-09-01,UNC-080-64X90 · Atlas Publishing,UNC-080-64X90,Office & publishing,Atlas Publishing,132.98,913.12,1.085,112.0,97.8,3.4,101.0,100.0,108.05,106.68,24.16,2.97,0.089,19.0,13.0,104.5,22,99.9,NORMAL,8,121426.7
2023-09-01,UNC-080-64X90 · OfficeSource PT,UNC-080-64X90,Office & publishing,OfficeSource PT,95.52,940.79,1.085,112.0,97.8,3.4,101.0,100.0,108.53,105.36,17.5,2.15,0.089,19.0,13.0,104.5,22,99.9,NORMAL,8,89864.26
2023-09-01,BRD-300-SRA2 · Belleza Cosmetics,BRD-300-SRA2,Packaging,Belleza Cosmetics,42.34,1382.85,1.085,112.0,97.8,3.4,101.0,100.0,110.65,99.19,14.99,1.93,0.058,19.0,13.0,104.5,22,99.9,NORMAL,8,58549.87
2023-09-01,BRD-300-SRA2 · NovaPack Foods,BRD-300-SRA2,Packaging,NovaPack Foods,74.91,1293.22,1.085,112.0,97.8,3.4,101.0,100.0,110.98,100.94,26.65,3.44,0.058,19.0,13.0,104.5,22,99.9,NORMAL,8,96875.11
2023-09-01,KRF-120-72X102 · GreenParcel Europe,KRF-120-72X102,Packaging,GreenParcel Europe,50.09,1037.55,1.085,112.0,97.8,3.4,101.0,100.0,111.23,106.41,17.41,3.75,0.058,19.0,13.0,104.5,22,99.9,NORMAL,8,51970.88
2023-09-01,KRF-120-72X102 · NovaPack Foods,KRF-120-72X102,Packaging,NovaPack Foods,59.88,1007.33,1.085,112.0,97.8,3.4,101.0,100.0,110.38,107.48,21.27,4.59,0.058,19.0,13.0,104.5,22,99.9,NORMAL,8,60318.92
2023-09-01,NWS-049-ROLL · Daily Metro Media,NWS-049-ROLL,Publishing,Daily Metro Media,178.44,738.44,1.085,112.0,97.8,3.4,101.0,100.0,107.21,106.89,30.25,2.13,0.055,19.0,13.0,104.5,22,99.9,NORMAL,8,131767.23
2023-09-01,NCR-080-A4 · FormTech Solutions,NCR-080-A4,Specialty,FormTech Solutions,102.38,1483.23,1.085,112.0,97.8,3.4,101.0,100.0,107.41,108.69,14.29,3.12,0.059,19.0,13.0,104.5,22,99.9,NORMAL,8,151853.09
2023-10-01,COA-135-70X100 · Lumen Creative Group,COA-135-70X100,Commercial paper,Lumen Creative Group,64.85,1186.0,1.09,113.4,101.1,3.39,101.3,100.4,110.35,108.17,16.06,3.09,0.061,15.4,42.0,120.4,22,100.3,FREIGHT_DISRUPTION,38,76912.1
2023-10-01,COA-135-70X100 · PrintWorks Iberia,COA-135-70X100,Commercial paper,PrintWorks Iberia,109.06,1118.87,1.09,113.4,101.1,3.39,101.3,100.4,110.99,110.27,26.2,5.03,0.061,15.4,42.0,120.4,22,100.3,FREIGHT_DISRUPTION,38,122023.96
2023-10-01,COA-170-70X100 · ColorPress Studio,COA-170-70X100,Commercial paper,ColorPress Studio,59.28,1236.9,1.09,113.4,101.1,3.39,101.3,100.4,110.63,108.25,14.51,2.37,0.06,15.4,42.0,120.4,22,100.3,FREIGHT_DISRUPTION,38,73323.43
2023-10-01,COA-170-70X100 · PrintWorks Iberia,COA-170-70X100,Commercial paper,PrintWorks Iberia,78.06,1189.33,1.09,113.4,101.1,3.39,101.3,100.4,110.61,109.92,19.23,3.15,0.06,15.4,42.0,120.4,22,100.3,FREIGHT_DISRUPTION,38,92839.1
2023-10-01,LBL-090-SRA3 · Belleza Cosmetics,LBL-090-SRA3,Labels,Belleza Cosmetics,39.61,1683.5,1.09,113.4,101.1,3.39,101.3,100.4,114.39,103.14,16.01,2.85,0.024,15.4,42.0,120.4,22,100.3,FREIGHT_DISRUPTION,38,66683.44
2023-10-01,LBL-090-SRA3 · Retail Labels Co.,LBL-090-SRA3,Labels,Retail Labels Co.,50.45,1604.83,1.09,113.4,101.1,3.39,101.3,100.4,114.27,104.69,20.38,3.63,0.024,15.4,42.0,120.4,22,100.3,FREIGHT_DISRUPTION,38,80963.67
2023-10-01,UNC-080-64X90 · Atlas Publishing,UNC-080-64X90,Office & publishing,Atlas Publishing,109.99,941.28,1.09,113.4,101.1,3.39,101.3,100.4,105.3,107.25,20.04,3.59,0.048,15.4,42.0,120.4,22,100.3,FREIGHT_DISRUPTION,38,103531.39
2023-10-01,UNC-080-64X90 · OfficeSource PT,UNC-080-64X90,Office & publishing,OfficeSource PT,80.35,969.81,1.09,113.4,101.1,3.39,101.3,100.4,105.24,105.52,14.52,2.6,0.048,15.4,42.0,120.4,22,100.3,FREIGHT_DISRUPTION,38,77924.23
2023-10-01,BRD-300-SRA2 · Belleza Cosmetics,BRD-300-SRA2,Packaging,Belleza Cosmetics,47.31,1416.25,1.09,113.4,101.1,3.39,101.3,100.4,109.36,108.79,14.48,2.82,0.028,15.4,42.0,120.4,22,100.3,FREIGHT_DISRUPTION,38,67002.79
2023-10-01,BRD-300-SRA2 · NovaPack Foods,BRD-300-SRA2,Packaging,NovaPack Foods,84.34,1324.45,1.09,113.4,101.1,3.39,101.3,100.4,110.25,111.08,25.74,5.0,0.028,15.4,42.0,120.4,22,100.3,FREIGHT_DISRUPTION,38,111704.11
2023-10-01,KRF-120-72X102 · GreenParcel Europe,KRF-120-72X102,Packaging,GreenParcel Europe,56.39,1064.4,1.09,113.4,101.1,3.39,101.3,100.4,115.93,106.44,19.34,2.11,0.071,15.4,42.0,120.4,22,100.3,FREIGHT_DISRUPTION,38,60021.52
2023-10-01,KRF-120-72X102 · NovaPack Foods,KRF-120-72X102,Packaging,NovaPack Foods,69.38,1033.4,1.09,113.4,101.1,3.39,101.3,100.4,115.69,107.93,23.63,2.58,0.071,15.4,42.0,120.4,22,100.3,FREIGHT_DISRUPTION,38,71697.29
2023-10-01,NWS-049-ROLL · Daily Metro Media,NWS-049-ROLL,Publishing,Daily Metro Media,161.75,765.08,1.09,113.4,101.1,3.39,101.3,100.4,107.24,107.22,30.95,6.43,0.058,15.4,42.0,120.4,22,100.3,FREIGHT_DISRUPTION,38,123751.69
2023-10-01,NCR-080-A4 · FormTech Solutions,NCR-080-A4,Specialty,FormTech Solutions,57.92,1515.26,1.09,113.4,101.1,3.39,101.3,100.4,106.56,102.1,11.09,8.0,0.077,15.4,42.0,120.4,22,100.3,FREIGHT_DISRUPTION,38,87763.86
2023-11-01,COA-135-70X100 · Lumen Creative Group,COA-135-70X100,Commercial paper,Lumen Creative Group,63.78,1183.77,1.094,114.7,104.5,3.38,101.6,100.8,110.86,104.03,13.7,2.55,0.05,16.7,14.8,106.2,21,100.6,NORMAL,8,75500.85
2023-11-01,COA-135-70X100 · PrintWorks Iberia,COA-135-70X100,Commercial paper,PrintWorks Iberia,108.87,1116.76,1.094,114.7,104.5,3.38,101.6,100.8,112.33,106.34,22.34,4.17,0.05,16.7,14.8,106.2,21,100.6,NORMAL,8,121581.66
2023-11-01,COA-170-70X100 · ColorPress Studio,COA-170-70X100,Commercial paper,ColorPress Studio,55.07,1241.24,1.094,114.7,104.5,3.38,101.6,100.8,109.84,105.63,12.43,1.33,0.067,16.7,14.8,106.2,21,100.6,NORMAL,8,68355.09
2023-11-01,COA-170-70X100 · PrintWorks Iberia,COA-170-70X100,Commercial paper,PrintWorks Iberia,75.65,1193.5,1.094,114.7,104.5,3.38,101.6,100.8,110.63,107.52,16.47,1.77,0.067,16.7,14.8,106.2,21,100.6,NORMAL,8,90288.28
2023-11-01,LBL-090-SRA3 · Belleza Cosmetics,LBL-090-SRA3,Labels,Belleza Cosmetics,42.77,1677.63,1.094,114.7,104.5,3.38,101.6,100.8,115.86,106.76,16.69,1.12,0.038,16.7,14.8,106.2,21,100.6,NORMAL,8,71752.24
2023-11-01,LBL-090-SRA3 · Retail Labels Co.,LBL-090-SRA3,Labels,Retail Labels Co.,54.55,1599.24,1.094,114.7,104.5,3.38,101.6,100.8,116.57,108.57,21.24,1.42,0.038,16.7,14.8,106.2,21,100.6,NORMAL,8,87238.54
2023-11-01,UNC-080-64X90 · Atlas Publishing,UNC-080-64X90,Office & publishing,Atlas Publishing,101.45,931.74,1.094,114.7,104.5,3.38,101.6,100.8,100.61,102.91,17.95,2.22,0.075,16.7,14.8,106.2,21,100.6,NORMAL,8,94525.02
2023-11-01,UNC-080-64X90 · OfficeSource PT,UNC-080-64X90,Office & publishing,OfficeSource PT,74.65,959.97,1.094,114.7,104.5,3.38,101.6,100.8,99.78,100.96,12.99,1.61,0.075,16.7,14.8,106.2,21,100.6,NORMAL,8,71661.76
2023-11-01,BRD-300-SRA2 · Belleza Cosmetics,BRD-300-SRA2,Packaging,Belleza Cosmetics,59.54,1413.94,1.094,114.7,104.5,3.38,101.6,100.8,119.38,115.47,19.58,3.51,0.085,16.7,14.8,106.2,21,100.6,NORMAL,8,84185.99
2023-11-01,BRD-300-SRA2 · NovaPack Foods,BRD-300-SRA2,Packaging,NovaPack Foods,105.98,1322.29,1.094,114.7,104.5,3.38,101.6,100.8,121.25,118.08,34.8,6.24,0.085,16.7,14.8,106.2,21,100.6,NORMAL,8,140136.29
2023-11-01,KRF-120-72X102 · GreenParcel Europe,KRF-120-72X102,Packaging,GreenParcel Europe,64.77,1050.33,1.094,114.7,104.5,3.38,101.6,100.8,120.61,114.27,21.16,2.91,0.064,16.7,14.8,106.2,21,100.6,NORMAL,8,68029.87
2023-11-01,KRF-120-72X102 · NovaPack Foods,KRF-120-72X102,Packaging,NovaPack Foods,81.46,1019.74,1.094,114.7,104.5,3.38,101.6,100.8,121.2,116.02,25.86,3.56,0.064,16.7,14.8,106.2,21,100.6,NORMAL,8,83068.02
2023-11-01,NWS-049-ROLL · Daily Metro Media,NWS-049-ROLL,Publishing,Daily Metro Media,159.24,758.04,1.094,114.7,104.5,3.38,101.6,100.8,107.02,103.96,28.37,3.09,0.04,16.7,14.8,106.2,21,100.6,NORMAL,8,120710.29
2023-11-01,NCR-080-A4 · FormTech Solutions,NCR-080-A4,Specialty,FormTech Solutions,49.52,1499.01,1.094,114.7,104.5,3.38,101.6,100.8,102.99,105.59,12.45,0.0,0.054,16.7,14.8,106.2,21,100.6,NORMAL,8,74230.98
2023-12-01,COA-135-70X100 · Lumen Creative Group,COA-135-70X100,Commercial paper,Lumen Creative Group,44.22,1200.23,1.098,115.8,106.9,3.36,101.9,101.2,95.36,94.6,9.41,1.73,0.101,17.6,15.5,106.8,18,100.8,HOLIDAY_MIX,34,53074.17
2023-12-01,COA-135-70X100 · PrintWorks Iberia,COA-135-70X100,Commercial paper,PrintWorks Iberia,74.18,1132.29,1.098,115.8,106.9,3.36,101.9,101.2,97.45,96.85,15.35,2.81,0.101,17.6,15.5,106.8,18,100.8,HOLIDAY_MIX,34,83993.27
2023-12-01,COA-170-70X100 · ColorPress Studio,COA-170-70X100,Commercial paper,ColorPress Studio,41.74,1252.95,1.098,115.8,106.9,3.36,101.9,101.2,99.31,98.1,10.7,0.08,0.114,17.6,15.5,106.8,18,100.8,HOLIDAY_MIX,34,52298.13
2023-12-01,COA-170-70X100 · PrintWorks Iberia,COA-170-70X100,Commercial paper,PrintWorks Iberia,58.55,1204.76,1.098,115.8,106.9,3.36,101.9,101.2,100.86,99.99,14.18,0.1,0.114,17.6,15.5,106.8,18,100.8,HOLIDAY_MIX,34,70538.7
2023-12-01,LBL-090-SRA3 · Belleza Cosmetics,LBL-090-SRA3,Labels,Belleza Cosmetics,51.26,1686.71,1.098,115.8,106.9,3.36,101.9,101.2,122.42,106.51,19.47,3.28,0.133,17.6,15.5,106.8,18,100.8,HOLIDAY_MIX,34,86460.75
2023-12-01,LBL-090-SRA3 · Retail Labels Co.,LBL-090-SRA3,Labels,Retail Labels Co.,65.38,1607.89,1.098,115.8,106.9,3.36,101.9,101.2,124.01,108.36,24.77,4.18,0.133,17.6,15.5,106.8,18,100.8,HOLIDAY_MIX,34,105123.85
2023-12-01,UNC-080-64X90 · Atlas Publishing,UNC-080-64X90,Office & publishing,Atlas Publishing,67.6,932.9,1.098,115.8,106.9,3.36,101.9,101.2,87.39,92.24,14.6,0.0,0.09,17.6,15.5,106.8,18,100.8,HOLIDAY_MIX,34,63064.04
2023-12-01,UNC-080-64X90 · OfficeSource PT,UNC-080-64X90,Office & publishing,OfficeSource PT,49.33,961.17,1.098,115.8,106.9,3.36,101.9,101.2,85.86,90.33,10.58,0.0,0.09,17.6,15.5,106.8,18,100.8,HOLIDAY_MIX,34,47414.52
2023-12-01,BRD-300-SRA2 · Belleza Cosmetics,BRD-300-SRA2,Packaging,Belleza Cosmetics,72.42,1418.26,1.098,115.8,106.9,3.36,101.9,101.2,132.38,115.81,21.68,4.0,0.167,17.6,15.5,106.8,18,100.8,HOLIDAY_MIX,34,102710.39
2023-12-01,BRD-300-SRA2 · NovaPack Foods,BRD-300-SRA2,Packaging,NovaPack Foods,127.71,1326.33,1.098,115.8,106.9,3.36,101.9,101.2,135.33,118.44,38.55,7.1,0.167,17.6,15.5,106.8,18,100.8,HOLIDAY_MIX,34,169385.6
2023-12-01,KRF-120-72X102 · GreenParcel Europe,KRF-120-72X102,Packaging,GreenParcel Europe,74.54,1054.35,1.098,115.8,106.9,3.36,101.9,101.2,130.2,114.32,23.73,2.41,0.13,17.6,15.5,106.8,18,100.8,HOLIDAY_MIX,34,78591.25
2023-12-01,KRF-120-72X102 · NovaPack Foods,KRF-120-72X102,Packaging,NovaPack Foods,94.21,1023.64,1.098,115.8,106.9,3.36,101.9,101.2,131.69,116.11,29.0,2.95,0.13,17.6,15.5,106.8,18,100.8,HOLIDAY_MIX,34,96437.12
2023-12-01,NWS-049-ROLL · Daily Metro Media,NWS-049-ROLL,Publishing,Daily Metro Media,119.34,756.54,1.098,115.8,106.9,3.36,101.9,101.2,98.38,101.85,20.16,2.96,0.084,17.6,15.5,106.8,18,100.8,HOLIDAY_MIX,34,90285.48
2023-12-01,NCR-080-A4 · FormTech Solutions,NCR-080-A4,Specialty,FormTech Solutions,0.0,1518.97,1.098,115.8,106.9,3.36,101.9,101.2,96.09,99.18,13.12,2.45,0.101,17.6,15.5,106.8,18,100.8,HOLIDAY_MIX,34,0.0
2024-01-01,COA-135-70X100 · Lumen Creative Group,COA-135-70X100,Commercial paper,Lumen Creative Group,44.0,1191.2,1.101,116.8,107.9,3.35,102.1,101.6,97.33,96.51,10.74,1.23,0.06,18.0,15.9,107.1,22,101.1,NORMAL,8,52412.8
2024-01-01,COA-135-70X100 · PrintWorks Iberia,COA-135-70X100,Commercial paper,PrintWorks Iberia,71.15,1123.77,1.101,116.8,107.9,3.35,102.1,101.6,100.12,98.58,17.53,2.01,0.06,18.0,15.9,107.1,22,101.1,NORMAL,8,79956.24
2024-01-01,COA-170-70X100 · ColorPress Studio,COA-170-70X100,Commercial paper,ColorPress Studio,39.14,1246.97,1.101,116.8,107.9,3.35,102.1,101.6,98.43,99.34,8.32,1.37,0.125,18.0,15.9,107.1,22,101.1,NORMAL,8,48806.41
2024-01-01,COA-170-70X100 · PrintWorks Iberia,COA-170-70X100,Commercial paper,PrintWorks Iberia,54.19,1199.01,1.101,116.8,107.9,3.35,102.1,101.6,100.64,101.04,11.03,1.81,0.125,18.0,15.9,107.1,22,101.1,NORMAL,8,64974.35
2024-01-01,LBL-090-SRA3 · Belleza Cosmetics,LBL-090-SRA3,Labels,Belleza Cosmetics,33.15,1719.14,1.101,116.8,107.9,3.35,102.1,101.6,106.5,98.94,13.11,1.93,0.047,18.0,15.9,107.1,22,101.1,NORMAL,8,56989.49
2024-01-01,LBL-090-SRA3 · Retail Labels Co.,LBL-090-SRA3,Labels,Retail Labels Co.,42.38,1638.8,1.101,116.8,107.9,3.35,102.1,101.6,108.65,100.55,16.68,2.45,0.047,18.0,15.9,107.1,22,101.1,NORMAL,8,69452.34
2024-01-01,UNC-080-64X90 · Atlas Publishing,UNC-080-64X90,Office & publishing,Atlas Publishing,88.93,933.13,1.101,116.8,107.9,3.35,102.1,101.6,101.51,94.73,17.97,2.62,0.075,18.0,15.9,107.1,22,101.1,NORMAL,8,82983.25
2024-01-01,UNC-080-64X90 · OfficeSource PT,UNC-080-64X90,Office & publishing,OfficeSource PT,63.75,961.41,1.101,116.8,107.9,3.35,102.1,101.6,99.18,92.99,13.02,1.9,0.075,18.0,15.9,107.1,22,101.1,NORMAL,8,61289.89
2024-01-01,BRD-300-SRA2 · Belleza Cosmetics,BRD-300-SRA2,Packaging,Belleza Cosmetics,34.91,1420.59,1.101,116.8,107.9,3.35,102.1,101.6,100.69,99.43,10.49,1.25,0.078,18.0,15.9,107.1,22,101.1,NORMAL,8,49592.8
2024-01-01,BRD-300-SRA2 · NovaPack Foods,BRD-300-SRA2,Packaging,NovaPack Foods,61.06,1328.51,1.101,116.8,107.9,3.35,102.1,101.6,103.78,101.69,18.64,2.21,0.078,18.0,15.9,107.1,22,101.1,NORMAL,8,81118.82
2024-01-01,KRF-120-72X102 · GreenParcel Europe,KRF-120-72X102,Packaging,GreenParcel Europe,35.61,1056.47,1.101,116.8,107.9,3.35,102.1,101.6,98.78,96.92,13.21,0.0,0.053,18.0,15.9,107.1,22,101.1,NORMAL,8,37620.9
2024-01-01,KRF-120-72X102 · NovaPack Foods,KRF-120-72X102,Packaging,NovaPack Foods,44.5,1025.7,1.101,116.8,107.9,3.35,102.1,101.6,100.75,98.44,16.14,0.0,0.053,18.0,15.9,107.1,22,101.1,NORMAL,8,45643.65
2024-01-01,NWS-049-ROLL · Daily Metro Media,NWS-049-ROLL,Publishing,Daily Metro Media,116.84,755.68,1.101,116.8,107.9,3.35,102.1,101.6,102.91,99.42,21.68,1.87,0.065,18.0,15.9,107.1,22,101.1,NORMAL,8,88293.65
2024-01-01,NCR-080-A4 · FormTech Solutions,NCR-080-A4,Specialty,FormTech Solutions,45.06,1533.87,1.101,116.8,107.9,3.35,102.1,101.6,100.66,97.76,13.28,5.0,0.052,18.0,15.9,107.1,22,101.1,NORMAL,8,69116.18
2024-02-01,COA-135-70X100 · Lumen Creative Group,COA-135-70X100,Commercial paper,Lumen Creative Group,53.29,1190.64,1.103,117.4,107.1,3.32,102.3,101.8,101.82,100.25,11.87,2.63,0.081,17.8,16.0,107.0,20,101.2,CUSTOMER_TENDER_LOSS,44,63449.21
2024-02-01,COA-135-70X100 · PrintWorks Iberia,COA-135-70X100,Commercial paper,PrintWorks Iberia,83.54,1123.25,1.103,117.4,107.1,3.32,102.3,101.8,105.01,101.97,19.37,4.29,0.081,17.8,16.0,107.0,20,101.2,CUSTOMER_TENDER_LOSS,44,93836.3
2024-02-01,COA-170-70X100 · ColorPress Studio,COA-170-70X100,Commercial paper,ColorPress Studio,49.38,1248.88,1.103,117.4,107.1,3.32,102.3,101.8,107.94,102.39,11.11,2.79,0.056,17.8,16.0,107.0,20,101.2,CUSTOMER_TENDER_LOSS,44,61669.69
2024-02-01,COA-170-70X100 · PrintWorks Iberia,COA-170-70X100,Commercial paper,PrintWorks Iberia,65.84,1200.85,1.103,117.4,107.1,3.32,102.3,101.8,110.57,103.73,14.73,3.7,0.056,17.8,16.0,107.0,20,101.2,CUSTOMER_TENDER_LOSS,44,79063.96
2024-02-01,LBL-090-SRA3 · Belleza Cosmetics,LBL-090-SRA3,Labels,Belleza Cosmetics,37.86,1717.84,1.103,117.4,107.1,3.32,102.3,101.8,104.79,99.89,13.44,1.92,0.04,17.8,16.0,107.0,20,101.2,CUSTOMER_TENDER_LOSS,44,65037.42
2024-02-01,LBL-090-SRA3 · Retail Labels Co.,LBL-090-SRA3,Labels,Retail Labels Co.,48.65,1637.57,1.103,117.4,107.1,3.32,102.3,101.8,107.26,101.13,17.1,2.45,0.04,17.8,16.0,107.0,20,101.2,CUSTOMER_TENDER_LOSS,44,79667.78
2024-02-01,UNC-080-64X90 · Atlas Publishing,UNC-080-64X90,Office & publishing,Atlas Publishing,88.46,937.99,1.103,117.4,107.1,3.32,102.3,101.8,89.15,90.18,16.64,0.55,0.073,17.8,16.0,107.0,20,101.2,CUSTOMER_TENDER_LOSS,44,82974.6
2024-02-01,UNC-080-64X90 · OfficeSource PT,UNC-080-64X90,Office & publishing,OfficeSource PT,62.47,966.41,1.103,117.4,107.1,3.32,102.3,101.8,86.6,88.86,12.05,0.4,0.073,17.8,16.0,107.0,20,101.2,CUSTOMER_TENDER_LOSS,44,60371.63
2024-02-01,BRD-300-SRA2 · Belleza Cosmetics,BRD-300-SRA2,Packaging,Belleza Cosmetics,40.96,1418.14,1.103,117.4,107.1,3.32,102.3,101.8,104.37,100.32,14.66,1.92,0.057,17.8,16.0,107.0,20,101.2,CUSTOMER_TENDER_LOSS,44,58087.01
2024-02-01,BRD-300-SRA2 · NovaPack Foods,BRD-300-SRA2,Packaging,NovaPack Foods,71.81,1326.22,1.103,117.4,107.1,3.32,102.3,101.8,107.86,102.22,26.05,3.42,0.057,17.8,16.0,107.0,20,101.2,CUSTOMER_TENDER_LOSS,44,95235.86
2024-02-01,KRF-120-72X102 · GreenParcel Europe,KRF-120-72X102,Packaging,GreenParcel Europe,44.1,1066.34,1.103,117.4,107.1,3.32,102.3,101.8,108.01,100.95,16.73,0.39,0.055,17.8,16.0,107.0,20,101.2,CUSTOMER_TENDER_LOSS,44,47025.59
2024-02-01,KRF-120-72X102 · NovaPack Foods,KRF-120-72X102,Packaging,NovaPack Foods,54.22,1035.28,1.103,117.4,107.1,3.32,102.3,101.8,110.37,102.11,20.45,0.48,0.055,17.8,16.0,107.0,20,101.2,CUSTOMER_TENDER_LOSS,44,56132.88
2024-02-01,NWS-049-ROLL · Daily Metro Media,NWS-049-ROLL,Publishing,Daily Metro Media,148.48,762.24,1.103,117.4,107.1,3.32,102.3,101.8,107.82,99.01,29.26,4.1,0.035,17.8,16.0,107.0,20,101.2,CUSTOMER_TENDER_LOSS,44,113177.4
2024-02-01,NCR-080-A4 · FormTech Solutions,NCR-080-A4,Specialty,FormTech Solutions,39.49,1522.65,1.103,117.4,107.1,3.32,102.3,101.8,86.82,94.72,13.87,2.32,0.084,17.8,16.0,107.0,20,101.2,CUSTOMER_TENDER_LOSS,44,60129.45
2024-03-01,COA-135-70X100 · Lumen Creative Group,COA-135-70X100,Commercial paper,Lumen Creative Group,57.17,1204.81,1.105,117.8,104.8,3.29,102.5,102.1,103.87,106.3,11.98,1.66,0.061,17.2,15.8,106.6,22,101.3,NORMAL,8,68878.99
2024-03-01,COA-135-70X100 · PrintWorks Iberia,COA-135-70X100,Commercial paper,PrintWorks Iberia,89.36,1136.61,1.105,117.8,104.8,3.29,102.5,102.1,107.02,107.58,19.55,2.72,0.061,17.2,15.8,106.6,22,101.3,NORMAL,8,101567.47
2024-03-01,COA-170-70X100 · ColorPress Studio,COA-170-70X100,Commercial paper,ColorPress Studio,55.29,1249.1,1.105,117.8,104.8,3.29,102.5,102.1,108.37,105.08,12.02,3.21,0.053,17.2,15.8,106.6,22,101.3,NORMAL,8,69062.74
2024-03-01,COA-170-70X100 · PrintWorks Iberia,COA-170-70X100,Commercial paper,PrintWorks Iberia,71.07,1201.06,1.105,117.8,104.8,3.29,102.5,102.1,110.92,105.92,15.93,4.25,0.053,17.2,15.8,106.6,22,101.3,NORMAL,8,85359.33
2024-03-01,LBL-090-SRA3 · Belleza Cosmetics,LBL-090-SRA3,Labels,Belleza Cosmetics,36.42,1702.15,1.105,117.8,104.8,3.29,102.5,102.1,102.8,99.03,13.93,2.67,0.052,17.2,15.8,106.6,22,101.3,NORMAL,8,61992.3
2024-03-01,LBL-090-SRA3 · Retail Labels Co.,LBL-090-SRA3,Labels,Retail Labels Co.,47.07,1622.61,1.105,117.8,104.8,3.29,102.5,102.1,105.17,99.75,17.73,3.4,0.052,17.2,15.8,106.6,22,101.3,NORMAL,8,76376.25
2024-03-01,UNC-080-64X90 · Atlas Publishing,UNC-080-64X90,Office & publishing,Atlas Publishing,109.49,933.81,1.105,117.8,104.8,3.29,102.5,102.1,104.31,104.0,21.94,4.81,0.072,17.2,15.8,106.6,22,101.3,NORMAL,8,102242.86
2024-03-01,UNC-080-64X90 · OfficeSource PT,UNC-080-64X90,Office & publishing,OfficeSource PT,77.32,962.1,1.105,117.8,104.8,3.29,102.5,102.1,101.7,103.09,15.88,3.49,0.072,17.2,15.8,106.6,22,101.3,NORMAL,8,74389.57
2024-03-01,BRD-300-SRA2 · Belleza Cosmetics,BRD-300-SRA2,Packaging,Belleza Cosmetics,41.79,1413.8,1.105,117.8,104.8,3.29,102.5,102.1,105.53,100.01,14.29,0.77,0.082,17.2,15.8,106.6,22,101.3,NORMAL,8,59082.7
2024-03-01,BRD-300-SRA2 · NovaPack Foods,BRD-300-SRA2,Packaging,NovaPack Foods,74.25,1322.16,1.105,117.8,104.8,3.29,102.5,102.1,108.96,101.39,25.4,1.38,0.082,17.2,15.8,106.6,22,101.3,NORMAL,8,98170.38
2024-03-01,KRF-120-72X102 · GreenParcel Europe,KRF-120-72X102,Packaging,GreenParcel Europe,45.37,1054.34,1.105,117.8,104.8,3.29,102.5,102.1,104.87,100.17,14.53,1.22,0.09,17.2,15.8,106.6,22,101.3,NORMAL,8,47835.41
2024-03-01,KRF-120-72X102 · NovaPack Foods,KRF-120-72X102,Packaging,NovaPack Foods,55.38,1023.63,1.105,117.8,104.8,3.29,102.5,102.1,107.12,100.82,17.76,1.5,0.09,17.2,15.8,106.6,22,101.3,NORMAL,8,56688.63
2024-03-01,NWS-049-ROLL · Daily Metro Media,NWS-049-ROLL,Publishing,Daily Metro Media,167.29,763.45,1.105,117.8,104.8,3.29,102.5,102.1,110.62,106.2,25.45,3.3,0.06,17.2,15.8,106.6,22,101.3,NORMAL,8,127717.55
2024-03-01,NCR-080-A4 · FormTech Solutions,NCR-080-A4,Specialty,FormTech Solutions,59.3,1522.67,1.105,117.8,104.8,3.29,102.5,102.1,105.28,100.67,16.81,3.24,0.106,17.2,15.8,106.6,22,101.3,NORMAL,8,90294.33
2024-04-01,COA-135-70X100 · Lumen Creative Group,COA-135-70X100,Commercial paper,Lumen Creative Group,49.77,1214.38,1.105,117.9,119.7,3.26,102.6,102.2,99.64,100.4,12.36,1.69,0.059,16.1,15.3,110.1,20,101.4,ENERGY_SPIKE,51,60439.69
2024-04-01,COA-135-70X100 · PrintWorks Iberia,COA-135-70X100,Commercial paper,PrintWorks Iberia,79.99,1145.64,1.105,117.9,119.7,3.26,102.6,102.2,102.23,101.07,20.17,2.75,0.059,16.1,15.3,110.1,20,101.4,ENERGY_SPIKE,51,91639.74
2024-04-01,COA-170-70X100 · ColorPress Studio,COA-170-70X100,Commercial paper,ColorPress Studio,50.84,1271.66,1.105,117.9,119.7,3.26,102.6,102.2,105.37,101.19,11.93,2.69,0.103,16.1,15.3,110.1,20,101.4,ENERGY_SPIKE,51,64651.19
2024-04-01,COA-170-70X100 · PrintWorks Iberia,COA-170-70X100,Commercial paper,PrintWorks Iberia,64.55,1222.75,1.105,117.9,119.7,3.26,102.6,102.2,107.4,101.46,15.82,3.56,0.103,16.1,15.3,110.1,20,101.4,ENERGY_SPIKE,51,78928.51
2024-04-01,LBL-090-SRA3 · Belleza Cosmetics,LBL-090-SRA3,Labels,Belleza Cosmetics,38.57,1716.35,1.105,117.9,119.7,3.26,102.6,102.2,105.64,103.44,13.2,2.22,0.071,16.1,15.3,110.1,20,101.4,ENERGY_SPIKE,51,66199.62
2024-04-01,LBL-090-SRA3 · Retail Labels Co.,LBL-090-SRA3,Labels,Retail Labels Co.,49.95,1636.15,1.105,117.9,119.7,3.26,102.6,102.2,107.55,103.64,16.8,2.83,0.071,16.1,15.3,110.1,20,101.4,ENERGY_SPIKE,51,81725.69
2024-04-01,UNC-080-64X90 · Atlas Publishing,UNC-080-64X90,Office & publishing,Atlas Publishing,110.15,947.0,1.105,117.9,119.7,3.26,102.6,102.2,106.29,102.96,22.05,5.52,0.063,16.1,15.3,110.1,20,101.4,ENERGY_SPIKE,51,104312.05
2024-04-01,UNC-080-64X90 · OfficeSource PT,UNC-080-64X90,Office & publishing,OfficeSource PT,79.14,975.7,1.105,117.9,119.7,3.26,102.6,102.2,104.14,102.6,15.96,4.0,0.063,16.1,15.3,110.1,20,101.4,ENERGY_SPIKE,51,77216.9
2024-04-01,BRD-300-SRA2 · Belleza Cosmetics,BRD-300-SRA2,Packaging,Belleza Cosmetics,45.62,1432.3,1.105,117.9,119.7,3.26,102.6,102.2,108.33,100.51,14.9,1.95,0.098,16.1,15.3,110.1,20,101.4,ENERGY_SPIKE,51,65341.53
2024-04-01,BRD-300-SRA2 · NovaPack Foods,BRD-300-SRA2,Packaging,NovaPack Foods,82.55,1339.46,1.105,117.9,119.7,3.26,102.6,102.2,111.32,101.35,26.48,3.46,0.098,16.1,15.3,110.1,20,101.4,ENERGY_SPIKE,51,110572.42
2024-04-01,KRF-120-72X102 · GreenParcel Europe,KRF-120-72X102,Packaging,GreenParcel Europe,49.15,1075.62,1.105,117.9,119.7,3.26,102.6,102.2,108.24,102.77,15.5,2.4,0.081,16.1,15.3,110.1,20,101.4,ENERGY_SPIKE,51,52866.72
2024-04-01,KRF-120-72X102 · NovaPack Foods,KRF-120-72X102,Packaging,NovaPack Foods,60.32,1044.29,1.105,117.9,119.7,3.26,102.6,102.2,110.03,102.88,18.95,2.94,0.081,16.1,15.3,110.1,20,101.4,ENERGY_SPIKE,51,62991.57
2024-04-01,NWS-049-ROLL · Daily Metro Media,NWS-049-ROLL,Publishing,Daily Metro Media,158.83,763.9,1.105,117.9,119.7,3.26,102.6,102.2,109.05,100.5,25.53,5.93,0.077,16.1,15.3,110.1,20,101.4,ENERGY_SPIKE,51,121330.24
2024-04-01,NCR-080-A4 · FormTech Solutions,NCR-080-A4,Specialty,FormTech Solutions,1.69,1562.01,1.105,117.9,119.7,3.26,102.6,102.2,105.42,106.68,15.82,2.99,0.098,16.1,15.3,110.1,20,101.4,ENERGY_SPIKE,51,2639.8
2024-05-01,COA-135-70X100 · Lumen Creative Group,COA-135-70X100,Commercial paper,Lumen Creative Group,61.17,1182.09,1.104,117.6,98.5,3.21,102.7,102.3,108.88,105.11,12.74,2.83,0.039,19.7,14.6,105.5,21,101.4,NORMAL,8,72308.45
2024-05-01,COA-135-70X100 · PrintWorks Iberia,COA-135-70X100,Commercial paper,PrintWorks Iberia,102.21,1115.18,1.104,117.6,98.5,3.21,102.7,102.3,110.85,105.33,20.78,4.62,0.039,19.7,14.6,105.5,21,101.4,NORMAL,8,113982.55
2024-05-01,COA-170-70X100 · ColorPress Studio,COA-170-70X100,Commercial paper,ColorPress Studio,56.91,1236.76,1.104,117.6,98.5,3.21,102.7,102.3,107.75,105.77,11.11,2.55,0.073,19.7,14.6,105.5,21,101.4,NORMAL,8,70384.01
2024-05-01,COA-170-70X100 · PrintWorks Iberia,COA-170-70X100,Commercial paper,PrintWorks Iberia,73.63,1189.19,1.104,117.6,98.5,3.21,102.7,102.3,109.04,105.57,14.72,3.39,0.073,19.7,14.6,105.5,21,101.4,NORMAL,8,87560.06
2024-05-01,LBL-090-SRA3 · Belleza Cosmetics,LBL-090-SRA3,Labels,Belleza Cosmetics,38.83,1688.42,1.104,117.6,98.5,3.21,102.7,102.3,105.2,103.17,13.63,1.65,0.066,19.7,14.6,105.5,21,101.4,NORMAL,8,65561.35
2024-05-01,LBL-090-SRA3 · Retail Labels Co.,LBL-090-SRA3,Labels,Retail Labels Co.,50.08,1609.52,1.104,117.6,98.5,3.21,102.7,102.3,106.33,102.87,17.34,2.11,0.066,19.7,14.6,105.5,21,101.4,NORMAL,8,80604.76
2024-05-01,UNC-080-64X90 · Atlas Publishing,UNC-080-64X90,Office & publishing,Atlas Publishing,106.35,932.41,1.104,117.6,98.5,3.21,102.7,102.3,103.05,97.44,22.02,2.84,0.06,19.7,14.6,105.5,21,101.4,NORMAL,8,99161.8
2024-05-01,UNC-080-64X90 · OfficeSource PT,UNC-080-64X90,Office & publishing,OfficeSource PT,78.28,960.67,1.104,117.6,98.5,3.21,102.7,102.3,101.69,97.61,15.95,2.05,0.06,19.7,14.6,105.5,21,101.4,NORMAL,8,75201.25
2024-05-01,BRD-300-SRA2 · Belleza Cosmetics,BRD-300-SRA2,Packaging,Belleza Cosmetics,44.87,1408.09,1.104,117.6,98.5,3.21,102.7,102.3,107.3,103.98,14.59,2.17,0.056,19.7,14.6,105.5,21,101.4,NORMAL,8,63181.0
2024-05-01,BRD-300-SRA2 · NovaPack Foods,BRD-300-SRA2,Packaging,NovaPack Foods,82.22,1316.83,1.104,117.6,98.5,3.21,102.7,102.3,109.51,104.36,25.93,3.85,0.056,19.7,14.6,105.5,21,101.4,NORMAL,8,108269.76
2024-05-01,KRF-120-72X102 · GreenParcel Europe,KRF-120-72X102,Packaging,GreenParcel Europe,52.79,1044.17,1.104,117.6,98.5,3.21,102.7,102.3,109.07,105.77,17.29,1.39,0.06,19.7,14.6,105.5,21,101.4,NORMAL,8,55121.73
2024-05-01,KRF-120-72X102 · NovaPack Foods,KRF-120-72X102,Packaging,NovaPack Foods,65.52,1013.76,1.104,117.6,98.5,3.21,102.7,102.3,110.1,105.4,21.13,1.69,0.06,19.7,14.6,105.5,21,101.4,NORMAL,8,66421.56
2024-05-01,NWS-049-ROLL · Daily Metro Media,NWS-049-ROLL,Publishing,Daily Metro Media,150.24,756.7,1.104,117.6,98.5,3.21,102.7,102.3,99.08,106.61,24.06,4.15,0.035,19.7,14.6,105.5,21,101.4,NORMAL,8,113686.61
2024-05-01,NCR-080-A4 · FormTech Solutions,NCR-080-A4,Specialty,FormTech Solutions,61.31,1501.77,1.104,117.6,98.5,3.21,102.7,102.3,106.16,107.88,16.67,4.77,0.059,19.7,14.6,105.5,21,101.4,NORMAL,8,92073.52
2024-06-01,COA-135-70X100 · Lumen Creative Group,COA-135-70X100,Commercial paper,Lumen Creative Group,53.18,1224.23,1.102,129.1,96.3,3.16,102.7,102.2,103.58,101.87,13.79,3.0,0.108,43.2,43.7,113.0,21,101.5,PULP_MAINTENANCE,55,65104.55
2024-06-01,COA-135-70X100 · PrintWorks Iberia,COA-135-70X100,Commercial paper,PrintWorks Iberia,90.79,1154.93,1.102,129.1,96.3,3.16,102.7,102.2,104.61,101.69,22.51,4.89,0.108,43.2,43.7,113.0,21,101.5,PULP_MAINTENANCE,55,104856.09
2024-06-01,COA-170-70X100 · ColorPress Studio,COA-170-70X100,Commercial paper,ColorPress Studio,47.42,1272.13,1.102,129.1,96.3,3.16,102.7,102.2,104.11,98.16,8.68,3.25,0.058,43.2,43.7,113.0,21,101.5,PULP_MAINTENANCE,55,60324.4
2024-06-01,COA-170-70X100 · PrintWorks Iberia,COA-170-70X100,Commercial paper,PrintWorks Iberia,63.48,1223.2,1.102,129.1,96.3,3.16,102.7,102.2,104.5,97.55,11.5,4.31,0.058,43.2,43.7,113.0,21,101.5,PULP_MAINTENANCE,55,77648.74
2024-06-01,LBL-090-SRA3 · Belleza Cosmetics,LBL-090-SRA3,Labels,Belleza Cosmetics,38.69,1731.42,1.102,129.1,96.3,3.16,102.7,102.2,106.15,104.15,15.03,2.86,0.039,43.2,43.7,113.0,21,101.5,PULP_MAINTENANCE,55,66988.64
2024-06-01,LBL-090-SRA3 · Retail Labels Co.,LBL-090-SRA3,Labels,Retail Labels Co.,49.39,1650.51,1.102,129.1,96.3,3.16,102.7,102.2,106.44,103.49,19.14,3.63,0.039,43.2,43.7,113.0,21,101.5,PULP_MAINTENANCE,55,81518.69
2024-06-01,UNC-080-64X90 · Atlas Publishing,UNC-080-64X90,Office & publishing,Atlas Publishing,94.42,949.55,1.102,129.1,96.3,3.16,102.7,102.2,97.96,102.67,18.31,3.35,0.05,43.2,43.7,113.0,21,101.5,PULP_MAINTENANCE,55,89656.51
2024-06-01,UNC-080-64X90 · OfficeSource PT,UNC-080-64X90,Office & publishing,OfficeSource PT,70.53,978.32,1.102,129.1,96.3,3.16,102.7,102.2,97.49,103.17,13.26,2.42,0.05,43.2,43.7,113.0,21,101.5,PULP_MAINTENANCE,55,69000.91
2024-06-01,BRD-300-SRA2 · Belleza Cosmetics,BRD-300-SRA2,Packaging,Belleza Cosmetics,41.51,1444.18,1.102,129.1,96.3,3.16,102.7,102.2,108.46,104.6,15.88,2.62,0.039,43.2,43.7,113.0,21,101.5,PULP_MAINTENANCE,55,59947.91
2024-06-01,BRD-300-SRA2 · NovaPack Foods,BRD-300-SRA2,Packaging,NovaPack Foods,76.0,1350.57,1.102,129.1,96.3,3.16,102.7,102.2,109.83,104.61,28.24,4.66,0.039,43.2,43.7,113.0,21,101.5,PULP_MAINTENANCE,55,102643.32
2024-06-01,KRF-120-72X102 · GreenParcel Europe,KRF-120-72X102,Packaging,GreenParcel Europe,44.67,1065.46,1.102,129.1,96.3,3.16,102.7,102.2,105.03,104.57,15.44,3.01,0.109,43.2,43.7,113.0,21,101.5,PULP_MAINTENANCE,55,47594.1
2024-06-01,KRF-120-72X102 · NovaPack Foods,KRF-120-72X102,Packaging,NovaPack Foods,55.71,1034.43,1.102,129.1,96.3,3.16,102.7,102.2,105.18,103.82,18.88,3.67,0.109,43.2,43.7,113.0,21,101.5,PULP_MAINTENANCE,55,57628.1
2024-06-01,NWS-049-ROLL · Daily Metro Media,NWS-049-ROLL,Publishing,Daily Metro Media,133.97,772.68,1.102,129.1,96.3,3.16,102.7,102.2,101.19,98.02,26.36,5.03,0.057,43.2,43.7,113.0,21,101.5,PULP_MAINTENANCE,55,103515.94
2024-06-01,NCR-080-A4 · FormTech Solutions,NCR-080-A4,Specialty,FormTech Solutions,52.99,1543.66,1.102,129.1,96.3,3.16,102.7,102.2,105.34,101.25,14.75,6.14,0.104,43.2,43.7,113.0,21,101.5,PULP_MAINTENANCE,55,81798.54
2024-07-01,COA-135-70X100 · Lumen Creative Group,COA-135-70X100,Commercial paper,Lumen Creative Group,49.51,1189.63,1.098,116.4,95.5,3.11,102.7,102.2,101.52,101.82,11.67,0.74,0.087,41.9,12.7,104.8,24,101.6,NORMAL,8,58898.58
2024-07-01,COA-135-70X100 · PrintWorks Iberia,COA-135-70X100,Commercial paper,PrintWorks Iberia,83.62,1122.29,1.098,116.4,95.5,3.11,102.7,102.2,101.77,101.46,19.04,1.21,0.087,41.9,12.7,104.8,24,101.6,NORMAL,8,93845.89
2024-07-01,COA-170-70X100 · ColorPress Studio,COA-170-70X100,Commercial paper,ColorPress Studio,42.72,1232.89,1.098,116.4,95.5,3.11,102.7,102.2,101.69,100.75,11.18,2.15,0.098,41.9,12.7,104.8,24,101.6,NORMAL,8,52669.06
2024-07-01,COA-170-70X100 · PrintWorks Iberia,COA-170-70X100,Commercial paper,PrintWorks Iberia,58.51,1185.47,1.098,116.4,95.5,3.11,102.7,102.2,101.32,99.98,14.82,2.84,0.098,41.9,12.7,104.8,24,101.6,NORMAL,8,69361.85
2024-07-01,LBL-090-SRA3 · Belleza Cosmetics,LBL-090-SRA3,Labels,Belleza Cosmetics,40.47,1660.19,1.098,116.4,95.5,3.11,102.7,102.2,110.26,105.09,14.41,1.61,0.021,41.9,12.7,104.8,24,101.6,NORMAL,8,67187.89
2024-07-01,LBL-090-SRA3 · Retail Labels Co.,LBL-090-SRA3,Labels,Retail Labels Co.,51.04,1582.61,1.098,116.4,95.5,3.11,102.7,102.2,109.83,104.26,18.34,2.05,0.021,41.9,12.7,104.8,24,101.6,NORMAL,8,80776.41
2024-07-01,UNC-080-64X90 · Atlas Publishing,UNC-080-64X90,Office & publishing,Atlas Publishing,95.27,925.8,1.098,116.4,95.5,3.11,102.7,102.2,98.93,96.68,17.37,0.11,0.074,41.9,12.7,104.8,24,101.6,NORMAL,8,88200.97
2024-07-01,UNC-080-64X90 · OfficeSource PT,UNC-080-64X90,Office & publishing,OfficeSource PT,70.91,953.85,1.098,116.4,95.5,3.11,102.7,102.2,99.2,97.39,12.58,0.08,0.074,41.9,12.7,104.8,24,101.6,NORMAL,8,67637.5
2024-07-01,BRD-300-SRA2 · Belleza Cosmetics,BRD-300-SRA2,Packaging,Belleza Cosmetics,39.28,1421.15,1.098,116.4,95.5,3.11,102.7,102.2,104.96,102.85,14.19,1.3,0.037,41.9,12.7,104.8,24,101.6,NORMAL,8,55822.77
2024-07-01,BRD-300-SRA2 · NovaPack Foods,BRD-300-SRA2,Packaging,NovaPack Foods,70.83,1329.04,1.098,116.4,95.5,3.11,102.7,102.2,105.53,102.67,25.24,2.3,0.037,41.9,12.7,104.8,24,101.6,NORMAL,8,94135.9
2024-07-01,KRF-120-72X102 · GreenParcel Europe,KRF-120-72X102,Packaging,GreenParcel Europe,45.54,1039.81,1.098,116.4,95.5,3.11,102.7,102.2,103.19,109.18,14.72,0.27,0.061,41.9,12.7,104.8,24,101.6,NORMAL,8,47352.95
2024-07-01,KRF-120-72X102 · NovaPack Foods,KRF-120-72X102,Packaging,NovaPack Foods,56.18,1009.52,1.098,116.4,95.5,3.11,102.7,102.2,102.59,108.28,17.99,0.34,0.061,41.9,12.7,104.8,24,101.6,NORMAL,8,56714.83
2024-07-01,NWS-049-ROLL · Daily Metro Media,NWS-049-ROLL,Publishing,Daily Metro Media,124.52,748.27,1.098,116.4,95.5,3.11,102.7,102.2,97.87,102.5,17.22,0.79,0.09,41.9,12.7,104.8,24,101.6,NORMAL,8,93174.58
2024-07-01,NCR-080-A4 · FormTech Solutions,NCR-080-A4,Specialty,FormTech Solutions,46.1,1501.54,1.098,116.4,95.5,3.11,102.7,102.2,99.33,99.39,12.94,0.68,0.054,41.9,12.7,104.8,24,101.6,NORMAL,8,69220.99
2024-08-01,COA-135-70X100 · Lumen Creative Group,COA-135-70X100,Commercial paper,Lumen Creative Group,38.17,1182.05,1.094,115.5,96.5,3.04,102.6,102.0,97.38,98.01,8.78,0.17,0.071,40.8,11.8,104.9,17,101.7,NORMAL,8,45118.85
2024-08-01,COA-135-70X100 · PrintWorks Iberia,COA-135-70X100,Commercial paper,PrintWorks Iberia,62.26,1115.14,1.094,115.5,96.5,3.04,102.6,102.0,97.13,97.67,14.33,0.27,0.071,40.8,11.8,104.9,17,101.7,NORMAL,8,69428.62
2024-08-01,COA-170-70X100 · ColorPress Studio,COA-170-70X100,Commercial paper,ColorPress Studio,30.17,1232.35,1.094,115.5,96.5,3.04,102.6,102.0,94.82,93.32,7.95,0.0,0.047,40.8,11.8,104.9,17,101.7,NORMAL,8,37180.0
2024-08-01,COA-170-70X100 · PrintWorks Iberia,COA-170-70X100,Commercial paper,PrintWorks Iberia,41.06,1184.95,1.094,115.5,96.5,3.04,102.6,102.0,93.96,92.56,10.54,0.0,0.047,40.8,11.8,104.9,17,101.7,NORMAL,8,48654.05
2024-08-01,LBL-090-SRA3 · Belleza Cosmetics,LBL-090-SRA3,Labels,Belleza Cosmetics,34.93,1679.62,1.094,115.5,96.5,3.04,102.6,102.0,101.82,101.16,12.69,0.0,0.072,40.8,11.8,104.9,17,101.7,NORMAL,8,58669.13
2024-08-01,LBL-090-SRA3 · Retail Labels Co.,LBL-090-SRA3,Labels,Retail Labels Co.,43.69,1601.13,1.094,115.5,96.5,3.04,102.6,102.0,100.9,100.36,16.14,0.0,0.072,40.8,11.8,104.9,17,101.7,NORMAL,8,69953.37
2024-08-01,UNC-080-64X90 · Atlas Publishing,UNC-080-64X90,Office & publishing,Atlas Publishing,66.09,927.55,1.094,115.5,96.5,3.04,102.6,102.0,89.15,93.05,11.76,2.03,0.086,40.8,11.8,104.9,17,101.7,NORMAL,8,61301.78
2024-08-01,UNC-080-64X90 · OfficeSource PT,UNC-080-64X90,Office & publishing,OfficeSource PT,48.3,955.66,1.094,115.5,96.5,3.04,102.6,102.0,89.95,93.73,8.52,1.47,0.086,40.8,11.8,104.9,17,101.7,NORMAL,8,46158.38
2024-08-01,BRD-300-SRA2 · Belleza Cosmetics,BRD-300-SRA2,Packaging,Belleza Cosmetics,34.56,1388.67,1.094,115.5,96.5,3.04,102.6,102.0,103.57,100.77,11.36,0.53,0.067,40.8,11.8,104.9,17,101.7,NORMAL,8,47992.44
2024-08-01,BRD-300-SRA2 · NovaPack Foods,BRD-300-SRA2,Packaging,NovaPack Foods,61.08,1298.67,1.094,115.5,96.5,3.04,102.6,102.0,103.66,100.61,20.2,0.93,0.067,40.8,11.8,104.9,17,101.7,NORMAL,8,79322.76
2024-08-01,KRF-120-72X102 · GreenParcel Europe,KRF-120-72X102,Packaging,GreenParcel Europe,38.51,1040.93,1.094,115.5,96.5,3.04,102.6,102.0,101.55,101.82,13.25,0.56,0.056,40.8,11.8,104.9,17,101.7,NORMAL,8,40086.21
2024-08-01,KRF-120-72X102 · NovaPack Foods,KRF-120-72X102,Packaging,NovaPack Foods,46.38,1010.61,1.094,115.5,96.5,3.04,102.6,102.0,100.5,100.94,16.19,0.69,0.056,40.8,11.8,104.9,17,101.7,NORMAL,8,46872.09
2024-08-01,NWS-049-ROLL · Daily Metro Media,NWS-049-ROLL,Publishing,Daily Metro Media,85.73,747.01,1.094,115.5,96.5,3.04,102.6,102.0,87.98,97.93,14.83,3.27,0.04,40.8,11.8,104.9,17,101.7,NORMAL,8,64041.17
2024-08-01,NCR-080-A4 · FormTech Solutions,NCR-080-A4,Specialty,FormTech Solutions,4.68,1484.39,1.094,115.5,96.5,3.04,102.6,102.0,94.27,96.11,10.21,3.87,0.048,40.8,11.8,104.9,17,101.7,NORMAL,8,6946.95
2024-09-01,COA-135-70X100 · Lumen Creative Group,COA-135-70X100,Commercial paper,Lumen Creative Group,90.76,1175.44,1.09,114.5,99.0,2.97,102.5,101.8,129.23,122.03,18.62,3.23,0.184,15.1,11.0,105.3,22,101.8,MAJOR_CUSTOMER_CAMPAIGN,46,106682.93
2024-09-01,COA-135-70X100 · PrintWorks Iberia,COA-135-70X100,Commercial paper,PrintWorks Iberia,143.05,1108.91,1.09,114.5,99.0,2.97,102.5,101.8,129.41,122.17,30.38,5.26,0.184,15.1,11.0,105.3,22,101.8,MAJOR_CUSTOMER_CAMPAIGN,46,158629.58
2024-09-01,COA-170-70X100 · ColorPress Studio,COA-170-70X100,Commercial paper,ColorPress Studio,79.86,1228.52,1.09,114.5,99.0,2.97,102.5,101.8,126.64,120.9,15.08,3.15,0.207,15.1,11.0,105.3,22,101.8,MAJOR_CUSTOMER_CAMPAIGN,46,98109.61
2024-09-01,COA-170-70X100 · PrintWorks Iberia,COA-170-70X100,Commercial paper,PrintWorks Iberia,105.39,1181.27,1.09,114.5,99.0,2.97,102.5,101.8,126.02,120.55,20.0,4.17,0.207,15.1,11.0,105.3,22,101.8,MAJOR_CUSTOMER_CAMPAIGN,46,124494.05
2024-09-01,LBL-090-SRA3 · Belleza Cosmetics,LBL-090-SRA3,Labels,Belleza Cosmetics,57.14,1682.19,1.09,114.5,99.0,2.97,102.5,101.8,126.87,120.38,18.3,2.7,0.169,15.1,11.0,105.3,22,101.8,MAJOR_CUSTOMER_CAMPAIGN,46,96120.34
2024-09-01,LBL-090-SRA3 · Retail Labels Co.,LBL-090-SRA3,Labels,Retail Labels Co.,71.39,1603.58,1.09,114.5,99.0,2.97,102.5,101.8,126.09,119.94,23.28,3.44,0.169,15.1,11.0,105.3,22,101.8,MAJOR_CUSTOMER_CAMPAIGN,46,114479.58
2024-09-01,UNC-080-64X90 · Atlas Publishing,UNC-080-64X90,Office & publishing,Atlas Publishing,146.19,933.99,1.09,114.5,99.0,2.97,102.5,101.8,111.13,109.78,24.57,4.26,0.082,15.1,11.0,105.3,22,101.8,MAJOR_CUSTOMER_CAMPAIGN,46,136540.0
2024-09-01,UNC-080-64X90 · OfficeSource PT,UNC-080-64X90,Office & publishing,OfficeSource PT,104.69,962.29,1.09,114.5,99.0,2.97,102.5,101.8,111.75,110.1,17.8,3.08,0.082,15.1,11.0,105.3,22,101.8,MAJOR_CUSTOMER_CAMPAIGN,46,100742.14
2024-09-01,BRD-300-SRA2 · Belleza Cosmetics,BRD-300-SRA2,Packaging,Belleza Cosmetics,48.43,1402.29,1.09,114.5,99.0,2.97,102.5,101.8,114.13,107.06,15.3,1.2,0.06,15.1,11.0,105.3,22,101.8,MAJOR_CUSTOMER_CAMPAIGN,46,67912.9
2024-09-01,BRD-300-SRA2 · NovaPack Foods,BRD-300-SRA2,Packaging,NovaPack Foods,84.48,1311.4,1.09,114.5,99.0,2.97,102.5,101.8,114.35,107.23,27.19,2.14,0.06,15.1,11.0,105.3,22,101.8,MAJOR_CUSTOMER_CAMPAIGN,46,110787.07
2024-09-01,KRF-120-72X102 · GreenParcel Europe,KRF-120-72X102,Packaging,GreenParcel Europe,55.2,1040.44,1.09,114.5,99.0,2.97,102.5,101.8,111.12,106.42,16.22,3.34,0.07,15.1,11.0,105.3,22,101.8,MAJOR_CUSTOMER_CAMPAIGN,46,57432.29
2024-09-01,KRF-120-72X102 · NovaPack Foods,KRF-120-72X102,Packaging,NovaPack Foods,64.9,1010.14,1.09,114.5,99.0,2.97,102.5,101.8,110.1,105.82,19.82,4.09,0.07,15.1,11.0,105.3,22,101.8,MAJOR_CUSTOMER_CAMPAIGN,46,65558.09
2024-09-01,NWS-049-ROLL · Daily Metro Media,NWS-049-ROLL,Publishing,Daily Metro Media,174.89,746.99,1.09,114.5,99.0,2.97,102.5,101.8,108.42,108.16,26.85,2.92,0.093,15.1,11.0,105.3,22,101.8,MAJOR_CUSTOMER_CAMPAIGN,46,130641.08
2024-09-01,NCR-080-A4 · FormTech Solutions,NCR-080-A4,Specialty,FormTech Solutions,65.61,1501.15,1.09,114.5,99.0,2.97,102.5,101.8,109.75,113.34,17.94,4.48,0.063,15.1,11.0,105.3,22,101.8,MAJOR_CUSTOMER_CAMPAIGN,46,98490.45
2024-10-01,COA-135-70X100 · Lumen Creative Group,COA-135-70X100,Commercial paper,Lumen Creative Group,75.63,1186.35,1.085,113.6,102.3,2.9,102.3,101.5,113.83,108.83,15.78,1.97,0.079,10.0,10.4,105.8,23,102.0,NORMAL,8,89723.65
2024-10-01,COA-135-70X100 · PrintWorks Iberia,COA-135-70X100,Commercial paper,PrintWorks Iberia,118.04,1119.2,1.085,113.6,102.3,2.9,102.3,101.5,114.15,109.28,25.75,3.21,0.079,10.0,10.4,105.8,23,102.0,NORMAL,8,132110.37
2024-10-01,COA-170-70X100 · ColorPress Studio,COA-170-70X100,Commercial paper,ColorPress Studio,67.48,1239.82,1.085,113.6,102.3,2.9,102.3,101.5,112.75,109.79,11.64,2.3,0.064,10.0,10.4,105.8,23,102.0,NORMAL,8,83663.05
2024-10-01,COA-170-70X100 · PrintWorks Iberia,COA-170-70X100,Commercial paper,PrintWorks Iberia,86.14,1192.13,1.085,113.6,102.3,2.9,102.3,101.5,112.39,109.82,15.44,3.04,0.064,10.0,10.4,105.8,23,102.0,NORMAL,8,102690.08
2024-10-01,LBL-090-SRA3 · Belleza Cosmetics,LBL-090-SRA3,Labels,Belleza Cosmetics,44.52,1676.47,1.085,113.6,102.3,2.9,102.3,101.5,108.75,110.54,15.3,1.8,0.046,10.0,10.4,105.8,23,102.0,NORMAL,8,74636.44
2024-10-01,LBL-090-SRA3 · Retail Labels Co.,LBL-090-SRA3,Labels,Retail Labels Co.,55.89,1598.13,1.085,113.6,102.3,2.9,102.3,101.5,108.22,110.47,19.47,2.29,0.046,10.0,10.4,105.8,23,102.0,NORMAL,8,89319.49
2024-10-01,UNC-080-64X90 · Atlas Publishing,UNC-080-64X90,Office & publishing,Atlas Publishing,123.4,923.98,1.085,113.6,102.3,2.9,102.3,101.5,105.69,108.55,22.96,4.29,0.043,10.0,10.4,105.8,23,102.0,NORMAL,8,114019.13
2024-10-01,UNC-080-64X90 · OfficeSource PT,UNC-080-64X90,Office & publishing,OfficeSource PT,87.51,951.98,1.085,113.6,102.3,2.9,102.3,101.5,105.99,108.45,16.62,3.11,0.043,10.0,10.4,105.8,23,102.0,NORMAL,8,83307.77
2024-10-01,BRD-300-SRA2 · Belleza Cosmetics,BRD-300-SRA2,Packaging,Belleza Cosmetics,55.3,1401.0,1.085,113.6,102.3,2.9,102.3,101.5,113.4,108.2,16.66,1.53,0.085,10.0,10.4,105.8,23,102.0,NORMAL,8,77475.3
2024-10-01,BRD-300-SRA2 · NovaPack Foods,BRD-300-SRA2,Packaging,NovaPack Foods,96.46,1310.19,1.085,113.6,102.3,2.9,102.3,101.5,113.99,108.81,29.63,2.71,0.085,10.0,10.4,105.8,23,102.0,NORMAL,8,126380.93
2024-10-01,KRF-120-72X102 · GreenParcel Europe,KRF-120-72X102,Packaging,GreenParcel Europe,61.05,1046.69,1.085,113.6,102.3,2.9,102.3,101.5,115.54,107.26,16.23,1.48,0.053,10.0,10.4,105.8,23,102.0,NORMAL,8,63900.42
2024-10-01,KRF-120-72X102 · NovaPack Foods,KRF-120-72X102,Packaging,NovaPack Foods,71.17,1016.2,1.085,113.6,102.3,2.9,102.3,101.5,114.92,107.09,19.84,1.8,0.053,10.0,10.4,105.8,23,102.0,NORMAL,8,72322.95
2024-10-01,NWS-049-ROLL · Daily Metro Media,NWS-049-ROLL,Publishing,Daily Metro Media,169.5,741.89,1.085,113.6,102.3,2.9,102.3,101.5,110.02,110.56,29.12,6.05,0.04,10.0,10.4,105.8,23,102.0,NORMAL,8,125750.36
2024-10-01,NCR-080-A4 · FormTech Solutions,NCR-080-A4,Specialty,FormTech Solutions,60.99,1510.53,1.085,113.6,102.3,2.9,102.3,101.5,106.26,108.17,13.83,0.4,0.07,10.0,10.4,105.8,23,102.0,NORMAL,8,92127.22
2024-11-01,COA-135-70X100 · Lumen Creative Group,COA-135-70X100,Commercial paper,Lumen Creative Group,65.27,1181.87,1.079,112.7,105.7,2.82,102.1,101.2,111.36,102.44,11.96,2.5,0.042,10.4,10.1,106.5,21,102.2,PACKAGING_PEAK,40,77140.65
2024-11-01,COA-135-70X100 · PrintWorks Iberia,COA-135-70X100,Commercial paper,PrintWorks Iberia,104.11,1114.97,1.079,112.7,105.7,2.82,102.1,101.2,112.35,103.36,19.52,4.07,0.042,10.4,10.1,106.5,21,102.2,PACKAGING_PEAK,40,116079.53
2024-11-01,COA-170-70X100 · ColorPress Studio,COA-170-70X100,Commercial paper,ColorPress Studio,57.84,1249.23,1.079,112.7,105.7,2.82,102.1,101.2,109.96,107.46,12.44,2.3,0.074,10.4,10.1,106.5,21,102.2,PACKAGING_PEAK,40,72255.46
2024-11-01,COA-170-70X100 · PrintWorks Iberia,COA-170-70X100,Commercial paper,PrintWorks Iberia,73.08,1201.18,1.079,112.7,105.7,2.82,102.1,101.2,110.28,108.0,16.48,3.05,0.074,10.4,10.1,106.5,21,102.2,PACKAGING_PEAK,40,87782.23
2024-11-01,LBL-090-SRA3 · Belleza Cosmetics,LBL-090-SRA3,Labels,Belleza Cosmetics,57.51,1700.07,1.079,112.7,105.7,2.82,102.1,101.2,126.47,119.92,19.95,3.62,0.087,10.4,10.1,106.5,21,102.2,PACKAGING_PEAK,40,97771.03
2024-11-01,LBL-090-SRA3 · Retail Labels Co.,LBL-090-SRA3,Labels,Retail Labels Co.,72.7,1620.63,1.079,112.7,105.7,2.82,102.1,101.2,126.77,120.43,25.4,4.6,0.087,10.4,10.1,106.5,21,102.2,PACKAGING_PEAK,40,117819.8
2024-11-01,UNC-080-64X90 · Atlas Publishing,UNC-080-64X90,Office & publishing,Atlas Publishing,107.78,934.02,1.079,112.7,105.7,2.82,102.1,101.2,106.03,100.71,21.02,3.54,0.024,10.4,10.1,106.5,21,102.2,PACKAGING_PEAK,40,100668.68
2024-11-01,UNC-080-64X90 · OfficeSource PT,UNC-080-64X90,Office & publishing,OfficeSource PT,76.93,962.32,1.079,112.7,105.7,2.82,102.1,101.2,105.63,100.13,15.22,2.56,0.024,10.4,10.1,106.5,21,102.2,PACKAGING_PEAK,40,74031.28
2024-11-01,BRD-300-SRA2 · Belleza Cosmetics,BRD-300-SRA2,Packaging,Belleza Cosmetics,72.48,1407.35,1.079,112.7,105.7,2.82,102.1,101.2,129.67,121.87,20.07,2.85,0.135,10.4,10.1,106.5,21,102.2,PACKAGING_PEAK,40,102004.73
2024-11-01,BRD-300-SRA2 · NovaPack Foods,BRD-300-SRA2,Packaging,NovaPack Foods,127.64,1316.13,1.079,112.7,105.7,2.82,102.1,101.2,131.24,123.17,35.69,5.07,0.135,10.4,10.1,106.5,21,102.2,PACKAGING_PEAK,40,167990.83
2024-11-01,KRF-120-72X102 · GreenParcel Europe,KRF-120-72X102,Packaging,GreenParcel Europe,81.02,1051.7,1.079,112.7,105.7,2.82,102.1,101.2,130.52,123.79,21.07,3.29,0.125,10.4,10.1,106.5,21,102.2,PACKAGING_PEAK,40,85208.73
2024-11-01,KRF-120-72X102 · NovaPack Foods,KRF-120-72X102,Packaging,NovaPack Foods,95.67,1021.07,1.079,112.7,105.7,2.82,102.1,101.2,130.7,124.22,25.76,4.03,0.125,10.4,10.1,106.5,21,102.2,PACKAGING_PEAK,40,97685.77
2024-11-01,NWS-049-ROLL · Daily Metro Media,NWS-049-ROLL,Publishing,Daily Metro Media,148.79,755.39,1.079,112.7,105.7,2.82,102.1,101.2,104.85,106.04,24.63,3.75,0.063,10.4,10.1,106.5,21,102.2,PACKAGING_PEAK,40,112394.48
2024-11-01,NCR-080-A4 · FormTech Solutions,NCR-080-A4,Specialty,FormTech Solutions,87.25,1503.72,1.079,112.7,105.7,2.82,102.1,101.2,105.0,102.86,16.24,0.23,0.079,10.4,10.1,106.5,21,102.2,PACKAGING_PEAK,40,131199.57
2024-12-01,COA-135-70X100 · Lumen Creative Group,COA-135-70X100,Commercial paper,Lumen Creative Group,47.68,1177.86,1.074,112.0,108.1,2.74,101.9,100.9,98.96,101.6,9.42,1.71,0.062,11.3,10.0,107.0,18,102.3,NORMAL,8,56160.36
2024-12-01,COA-135-70X100 · PrintWorks Iberia,COA-135-70X100,Commercial paper,PrintWorks Iberia,79.0,1111.19,1.074,112.0,108.1,2.74,101.9,100.9,100.63,103.05,15.36,2.8,0.062,11.3,10.0,107.0,18,102.3,NORMAL,8,87784.01
2024-12-01,COA-170-70X100 · ColorPress Studio,COA-170-70X100,Commercial paper,ColorPress Studio,42.3,1234.99,1.074,112.0,108.1,2.74,101.9,100.9,97.38,102.51,10.36,0.02,0.037,11.3,10.0,107.0,18,102.3,NORMAL,8,52240.08
2024-12-01,COA-170-70X100 · PrintWorks Iberia,COA-170-70X100,Commercial paper,PrintWorks Iberia,54.66,1187.49,1.074,112.0,108.1,2.74,101.9,100.9,98.44,103.56,13.73,0.02,0.037,11.3,10.0,107.0,18,102.3,NORMAL,8,64908.2
2024-12-01,LBL-090-SRA3 · Belleza Cosmetics,LBL-090-SRA3,Labels,Belleza Cosmetics,51.58,1688.48,1.074,112.0,108.1,2.74,101.9,100.9,114.38,109.38,18.48,2.44,0.115,11.3,10.0,107.0,18,102.3,NORMAL,8,87091.8
2024-12-01,LBL-090-SRA3 · Retail Labels Co.,LBL-090-SRA3,Labels,Retail Labels Co.,65.55,1609.58,1.074,112.0,108.1,2.74,101.9,100.9,115.45,110.38,23.53,3.1,0.115,11.3,10.0,107.0,18,102.3,NORMAL,8,105507.97
2024-12-01,UNC-080-64X90 · Atlas Publishing,UNC-080-64X90,Office & publishing,Atlas Publishing,72.69,939.0,1.074,112.0,108.1,2.74,101.9,100.9,92.23,96.53,14.29,0.21,0.071,11.3,10.0,107.0,18,102.3,NORMAL,8,68255.91
2024-12-01,UNC-080-64X90 · OfficeSource PT,UNC-080-64X90,Office & publishing,OfficeSource PT,52.76,967.45,1.074,112.0,108.1,2.74,101.9,100.9,91.11,95.44,10.34,0.16,0.071,11.3,10.0,107.0,18,102.3,NORMAL,8,51042.66
2024-12-01,BRD-300-SRA2 · Belleza Cosmetics,BRD-300-SRA2,Packaging,Belleza Cosmetics,67.06,1405.56,1.074,112.0,108.1,2.74,101.9,100.9,122.5,113.62,19.79,3.64,0.023,11.3,10.0,107.0,18,102.3,NORMAL,8,94256.85
2024-12-01,BRD-300-SRA2 · NovaPack Foods,BRD-300-SRA2,Packaging,NovaPack Foods,119.29,1314.45,1.074,112.0,108.1,2.74,101.9,100.9,124.8,115.37,35.17,6.46,0.023,11.3,10.0,107.0,18,102.3,NORMAL,8,156800.74
2024-12-01,KRF-120-72X102 · GreenParcel Europe,KRF-120-72X102,Packaging,GreenParcel Europe,76.39,1045.54,1.074,112.0,108.1,2.74,101.9,100.9,120.04,117.24,21.56,2.92,0.076,11.3,10.0,107.0,18,102.3,NORMAL,8,79868.8
2024-12-01,KRF-120-72X102 · NovaPack Foods,KRF-120-72X102,Packaging,NovaPack Foods,92.65,1015.09,1.074,112.0,108.1,2.74,101.9,100.9,121.01,118.19,26.36,3.57,0.076,11.3,10.0,107.0,18,102.3,NORMAL,8,94048.09
2024-12-01,NWS-049-ROLL · Daily Metro Media,NWS-049-ROLL,Publishing,Daily Metro Media,121.23,748.08,1.074,112.0,108.1,2.74,101.9,100.9,100.29,103.39,23.54,2.63,0.028,11.3,10.0,107.0,18,102.3,NORMAL,8,90689.74
2024-12-01,NCR-080-A4 · FormTech Solutions,NCR-080-A4,Specialty,FormTech Solutions,0.0,1509.81,1.074,112.0,108.1,2.74,101.9,100.9,100.85,100.84,9.67,2.99,0.08,11.3,10.0,107.0,18,102.3,NORMAL,8,0.0
2025-01-01,COA-135-70X100 · Lumen Creative Group,COA-135-70X100,Commercial paper,Lumen Creative Group,31.89,1189.1,1.069,111.5,109.1,2.66,98.1,98.1,83.82,86.06,9.98,0.86,0.082,12.6,10.3,107.2,21,102.5,INDUSTRIAL_SLOWDOWN,47,37920.4
2025-01-01,COA-135-70X100 · PrintWorks Iberia,COA-135-70X100,Commercial paper,PrintWorks Iberia,54.28,1121.79,1.069,111.5,109.1,2.66,98.1,98.1,86.06,87.83,16.29,1.4,0.082,12.6,10.3,107.2,21,102.5,INDUSTRIAL_SLOWDOWN,47,60890.76
2025-01-01,COA-170-70X100 · ColorPress Studio,COA-170-70X100,Commercial paper,ColorPress Studio,28.39,1245.28,1.069,111.5,109.1,2.66,98.1,98.1,86.17,84.76,8.39,0.59,0.056,12.6,10.3,107.2,21,102.5,INDUSTRIAL_SLOWDOWN,47,35353.5
2025-01-01,COA-170-70X100 · PrintWorks Iberia,COA-170-70X100,Commercial paper,PrintWorks Iberia,38.29,1197.38,1.069,111.5,109.1,2.66,98.1,98.1,87.93,86.17,11.13,0.79,0.056,12.6,10.3,107.2,21,102.5,INDUSTRIAL_SLOWDOWN,47,45847.68
2025-01-01,LBL-090-SRA3 · Belleza Cosmetics,LBL-090-SRA3,Labels,Belleza Cosmetics,25.02,1693.24,1.069,111.5,109.1,2.66,98.1,98.1,84.14,93.44,11.16,0.24,0.04,12.6,10.3,107.2,21,102.5,INDUSTRIAL_SLOWDOWN,47,42364.86
2025-01-01,LBL-090-SRA3 · Retail Labels Co.,LBL-090-SRA3,Labels,Retail Labels Co.,31.87,1614.12,1.069,111.5,109.1,2.66,98.1,98.1,85.78,94.83,14.2,0.31,0.04,12.6,10.3,107.2,21,102.5,INDUSTRIAL_SLOWDOWN,47,51442.0
2025-01-01,UNC-080-64X90 · Atlas Publishing,UNC-080-64X90,Office & publishing,Atlas Publishing,62.3,930.33,1.069,111.5,109.1,2.66,98.1,98.1,84.18,83.3,15.39,0.69,0.093,12.6,10.3,107.2,21,102.5,INDUSTRIAL_SLOWDOWN,47,57959.56
2025-01-01,UNC-080-64X90 · OfficeSource PT,UNC-080-64X90,Office & publishing,OfficeSource PT,45.79,958.52,1.069,111.5,109.1,2.66,98.1,98.1,82.36,81.83,11.14,0.5,0.093,12.6,10.3,107.2,21,102.5,INDUSTRIAL_SLOWDOWN,47,43890.63
2025-01-01,BRD-300-SRA2 · Belleza Cosmetics,BRD-300-SRA2,Packaging,Belleza Cosmetics,26.6,1415.13,1.069,111.5,109.1,2.66,98.1,98.1,85.14,87.34,10.69,0.37,0.062,12.6,10.3,107.2,21,102.5,INDUSTRIAL_SLOWDOWN,47,37642.46
2025-01-01,BRD-300-SRA2 · NovaPack Foods,BRD-300-SRA2,Packaging,NovaPack Foods,47.43,1323.41,1.069,111.5,109.1,2.66,98.1,98.1,87.61,89.26,19.0,0.66,0.062,12.6,10.3,107.2,21,102.5,INDUSTRIAL_SLOWDOWN,47,62769.34
2025-01-01,KRF-120-72X102 · GreenParcel Europe,KRF-120-72X102,Packaging,GreenParcel Europe,28.13,1043.1,1.069,111.5,109.1,2.66,98.1,98.1,84.78,86.13,11.1,0.97,0.092,12.6,10.3,107.2,21,102.5,INDUSTRIAL_SLOWDOWN,47,29342.4
2025-01-01,KRF-120-72X102 · NovaPack Foods,KRF-120-72X102,Packaging,NovaPack Foods,35.04,1012.72,1.069,111.5,109.1,2.66,98.1,98.1,86.32,87.42,13.57,1.18,0.092,12.6,10.3,107.2,21,102.5,INDUSTRIAL_SLOWDOWN,47,35485.71
2025-01-01,NWS-049-ROLL · Daily Metro Media,NWS-049-ROLL,Publishing,Daily Metro Media,80.7,750.92,1.069,111.5,109.1,2.66,98.1,98.1,81.16,90.11,16.12,0.81,0.07,12.6,10.3,107.2,21,102.5,INDUSTRIAL_SLOWDOWN,47,60599.24
2025-01-01,NCR-080-A4 · FormTech Solutions,NCR-080-A4,Specialty,FormTech Solutions,32.8,1503.03,1.069,111.5,109.1,2.66,98.1,98.1,88.04,92.31,12.0,0.0,0.049,12.6,10.3,107.2,21,102.5,INDUSTRIAL_SLOWDOWN,47,49299.38
2025-02-01,COA-135-70X100 · Lumen Creative Group,COA-135-70X100,Commercial paper,Lumen Creative Group,53.51,1189.33,1.065,111.3,108.3,2.57,101.5,100.3,102.88,101.98,11.79,2.74,0.093,14.1,10.8,107.3,20,102.6,NORMAL,8,63641.05
2025-02-01,COA-135-70X100 · PrintWorks Iberia,COA-135-70X100,Commercial paper,PrintWorks Iberia,90.79,1122.01,1.065,111.3,108.3,2.57,101.5,100.3,105.94,104.21,19.23,4.46,0.093,14.1,10.8,107.3,20,102.6,NORMAL,8,101867.29
2025-02-01,COA-170-70X100 · ColorPress Studio,COA-170-70X100,Commercial paper,ColorPress Studio,43.25,1254.59,1.065,111.3,108.3,2.57,101.5,100.3,102.14,101.18,11.01,1.89,0.05,14.1,10.8,107.3,20,102.6,NORMAL,8,54261.02
2025-02-01,COA-170-70X100 · PrintWorks Iberia,COA-170-70X100,Commercial paper,PrintWorks Iberia,60.33,1206.34,1.065,111.3,108.3,2.57,101.5,100.3,104.58,103.0,14.59,2.5,0.05,14.1,10.8,107.3,20,102.6,NORMAL,8,72778.49
2025-02-01,LBL-090-SRA3 · Belleza Cosmetics,LBL-090-SRA3,Labels,Belleza Cosmetics,37.03,1692.34,1.065,111.3,108.3,2.57,101.5,100.3,98.03,100.2,12.89,1.5,0.098,14.1,10.8,107.3,20,102.6,NORMAL,8,62667.35
2025-02-01,LBL-090-SRA3 · Retail Labels Co.,LBL-090-SRA3,Labels,Retail Labels Co.,47.17,1613.26,1.065,111.3,108.3,2.57,101.5,100.3,100.31,101.92,16.4,1.91,0.098,14.1,10.8,107.3,20,102.6,NORMAL,8,76097.47
2025-02-01,UNC-080-64X90 · Atlas Publishing,UNC-080-64X90,Office & publishing,Atlas Publishing,107.82,938.24,1.065,111.3,108.3,2.57,101.5,100.3,105.31,108.09,18.23,2.52,0.046,14.1,10.8,107.3,20,102.6,NORMAL,8,101161.04
2025-02-01,UNC-080-64X90 · OfficeSource PT,UNC-080-64X90,Office & publishing,OfficeSource PT,79.12,966.67,1.065,111.3,108.3,2.57,101.5,100.3,102.75,106.17,13.2,1.83,0.046,14.1,10.8,107.3,20,102.6,NORMAL,8,76482.93
2025-02-01,BRD-300-SRA2 · Belleza Cosmetics,BRD-300-SRA2,Packaging,Belleza Cosmetics,40.96,1415.48,1.065,111.3,108.3,2.57,101.5,100.3,103.0,101.22,14.55,1.08,0.099,14.1,10.8,107.3,20,102.6,NORMAL,8,57978.06
2025-02-01,BRD-300-SRA2 · NovaPack Foods,BRD-300-SRA2,Packaging,NovaPack Foods,72.5,1323.74,1.065,111.3,108.3,2.57,101.5,100.3,106.32,103.6,25.88,1.92,0.099,14.1,10.8,107.3,20,102.6,NORMAL,8,95971.15
2025-02-01,KRF-120-72X102 · GreenParcel Europe,KRF-120-72X102,Packaging,GreenParcel Europe,44.25,1055.02,1.065,111.3,108.3,2.57,101.5,100.3,102.8,99.64,13.09,0.18,0.083,14.1,10.8,107.3,20,102.6,NORMAL,8,46684.64
2025-02-01,KRF-120-72X102 · NovaPack Foods,KRF-120-72X102,Packaging,NovaPack Foods,55.85,1024.29,1.065,111.3,108.3,2.57,101.5,100.3,104.99,101.28,16.0,0.22,0.083,14.1,10.8,107.3,20,102.6,NORMAL,8,57206.6
2025-02-01,NWS-049-ROLL · Daily Metro Media,NWS-049-ROLL,Publishing,Daily Metro Media,138.91,759.41,1.065,111.3,108.3,2.57,101.5,100.3,104.6,98.35,20.92,0.33,0.062,14.1,10.8,107.3,20,102.6,NORMAL,8,105489.64
2025-02-01,NCR-080-A4 · FormTech Solutions,NCR-080-A4,Specialty,FormTech Solutions,53.9,1514.48,1.065,111.3,108.3,2.57,101.5,100.3,106.26,102.83,15.64,0.0,0.09,14.1,10.8,107.3,20,102.6,NORMAL,8,81630.47
2025-03-01,COA-135-70X100 · Lumen Creative Group,COA-135-70X100,Commercial paper,Lumen Creative Group,58.54,1209.84,1.019,111.4,106.0,2.5,101.2,100.0,103.93,100.68,12.33,2.44,0.045,15.5,11.6,107.0,22,102.7,FX_VOLATILITY,42,70824.03
2025-03-01,COA-135-70X100 · PrintWorks Iberia,COA-135-70X100,Commercial paper,PrintWorks Iberia,96.3,1141.36,1.019,111.4,106.0,2.5,101.2,100.0,107.17,103.0,20.13,3.99,0.045,15.5,11.6,107.0,22,102.7,FX_VOLATILITY,42,109912.97
2025-03-01,COA-170-70X100 · ColorPress Studio,COA-170-70X100,Commercial paper,ColorPress Studio,45.6,1263.9,1.019,111.4,106.0,2.5,101.2,100.0,106.37,97.94,11.67,0.43,0.041,15.5,11.6,107.0,22,102.7,FX_VOLATILITY,42,57633.84
2025-03-01,COA-170-70X100 · PrintWorks Iberia,COA-170-70X100,Commercial paper,PrintWorks Iberia,63.76,1215.29,1.019,111.4,106.0,2.5,101.2,100.0,108.99,99.84,15.47,0.58,0.041,15.5,11.6,107.0,22,102.7,FX_VOLATILITY,42,77486.89
2025-03-01,LBL-090-SRA3 · Belleza Cosmetics,LBL-090-SRA3,Labels,Belleza Cosmetics,39.7,1714.0,1.019,111.4,106.0,2.5,101.2,100.0,103.29,98.66,14.76,1.36,0.076,15.5,11.6,107.0,22,102.7,FX_VOLATILITY,42,68045.8
2025-03-01,LBL-090-SRA3 · Retail Labels Co.,LBL-090-SRA3,Labels,Retail Labels Co.,50.64,1633.91,1.019,111.4,106.0,2.5,101.2,100.0,105.77,100.48,18.79,1.72,0.076,15.5,11.6,107.0,22,102.7,FX_VOLATILITY,42,82741.2
2025-03-01,UNC-080-64X90 · Atlas Publishing,UNC-080-64X90,Office & publishing,Atlas Publishing,105.66,948.6,1.019,111.4,106.0,2.5,101.2,100.0,102.43,101.48,19.33,2.69,0.074,15.5,11.6,107.0,22,102.7,FX_VOLATILITY,42,100229.08
2025-03-01,UNC-080-64X90 · OfficeSource PT,UNC-080-64X90,Office & publishing,OfficeSource PT,76.37,977.34,1.019,111.4,106.0,2.5,101.2,100.0,99.74,99.5,14.0,1.94,0.074,15.5,11.6,107.0,22,102.7,FX_VOLATILITY,42,74639.46
2025-03-01,BRD-300-SRA2 · Belleza Cosmetics,BRD-300-SRA2,Packaging,Belleza Cosmetics,42.88,1421.12,1.019,111.4,106.0,2.5,101.2,100.0,101.98,100.79,15.08,2.63,0.061,15.5,11.6,107.0,22,102.7,FX_VOLATILITY,42,60937.63
2025-03-01,BRD-300-SRA2 · NovaPack Foods,BRD-300-SRA2,Packaging,NovaPack Foods,75.14,1329.01,1.019,111.4,106.0,2.5,101.2,100.0,105.44,103.27,26.81,4.68,0.061,15.5,11.6,107.0,22,102.7,FX_VOLATILITY,42,99861.81
2025-03-01,KRF-120-72X102 · GreenParcel Europe,KRF-120-72X102,Packaging,GreenParcel Europe,43.44,1063.72,1.019,111.4,106.0,2.5,101.2,100.0,103.62,98.42,17.36,2.27,0.055,15.5,11.6,107.0,22,102.7,FX_VOLATILITY,42,46208.0
2025-03-01,KRF-120-72X102 · NovaPack Foods,KRF-120-72X102,Packaging,NovaPack Foods,54.56,1032.74,1.019,111.4,106.0,2.5,101.2,100.0,105.97,100.16,21.21,2.78,0.055,15.5,11.6,107.0,22,102.7,FX_VOLATILITY,42,56346.29
2025-03-01,NWS-049-ROLL · Daily Metro Media,NWS-049-ROLL,Publishing,Daily Metro Media,151.29,763.66,1.019,111.4,106.0,2.5,101.2,100.0,104.58,101.31,25.96,4.03,0.053,15.5,11.6,107.0,22,102.7,FX_VOLATILITY,42,115534.12
2025-03-01,NCR-080-A4 · FormTech Solutions,NCR-080-A4,Specialty,FormTech Solutions,51.41,1539.29,1.019,111.4,106.0,2.5,101.2,100.0,100.71,102.55,9.74,1.59,0.104,15.5,11.6,107.0,22,102.7,FX_VOLATILITY,42,79134.9
2025-04-01,COA-135-70X100 · Lumen Creative Group,COA-135-70X100,Commercial paper,Lumen Creative Group,52.58,1183.89,1.058,111.8,102.9,2.42,101.0,99.8,100.21,94.81,11.47,1.28,0.054,16.7,12.5,106.7,20,102.8,NORMAL,8,62248.94
2025-04-01,COA-135-70X100 · PrintWorks Iberia,COA-135-70X100,Commercial paper,PrintWorks Iberia,83.37,1116.88,1.058,111.8,102.9,2.42,101.0,99.8,103.13,96.95,18.72,2.08,0.054,16.7,12.5,106.7,20,102.8,NORMAL,8,93114.29
2025-04-01,COA-170-70X100 · ColorPress Studio,COA-170-70X100,Commercial paper,ColorPress Studio,47.33,1225.76,1.058,111.8,102.9,2.42,101.0,99.8,100.41,97.03,11.23,1.23,0.077,16.7,12.5,106.7,20,102.8,NORMAL,8,58015.22
2025-04-01,COA-170-70X100 · PrintWorks Iberia,COA-170-70X100,Commercial paper,PrintWorks Iberia,64.29,1178.62,1.058,111.8,102.9,2.42,101.0,99.8,102.71,98.8,14.88,1.63,0.077,16.7,12.5,106.7,20,102.8,NORMAL,8,75773.48
2025-04-01,LBL-090-SRA3 · Belleza Cosmetics,LBL-090-SRA3,Labels,Belleza Cosmetics,39.26,1701.16,1.058,111.8,102.9,2.42,101.0,99.8,101.84,98.91,15.64,1.5,0.034,16.7,12.5,106.7,20,102.8,NORMAL,8,66787.54
2025-04-01,LBL-090-SRA3 · Retail Labels Co.,LBL-090-SRA3,Labels,Retail Labels Co.,50.31,1621.67,1.058,111.8,102.9,2.42,101.0,99.8,104.04,100.61,19.9,1.91,0.034,16.7,12.5,106.7,20,102.8,NORMAL,8,81586.22
2025-04-01,UNC-080-64X90 · Atlas Publishing,UNC-080-64X90,Office & publishing,Atlas Publishing,105.74,929.53,1.058,111.8,102.9,2.42,101.0,99.8,105.15,103.96,20.67,1.18,0.039,16.7,12.5,106.7,20,102.8,NORMAL,8,98288.5
2025-04-01,UNC-080-64X90 · OfficeSource PT,UNC-080-64X90,Office & publishing,OfficeSource PT,75.05,957.7,1.058,111.8,102.9,2.42,101.0,99.8,102.69,102.08,14.97,0.85,0.039,16.7,12.5,106.7,20,102.8,NORMAL,8,71875.38
2025-04-01,BRD-300-SRA2 · Belleza Cosmetics,BRD-300-SRA2,Packaging,Belleza Cosmetics,44.21,1411.07,1.058,111.8,102.9,2.42,101.0,99.8,103.85,103.09,13.68,1.84,0.051,16.7,12.5,106.7,20,102.8,NORMAL,8,62383.4
2025-04-01,BRD-300-SRA2 · NovaPack Foods,BRD-300-SRA2,Packaging,NovaPack Foods,77.23,1319.62,1.058,111.8,102.9,2.42,101.0,99.8,107.09,105.48,24.32,3.26,0.051,16.7,12.5,106.7,20,102.8,NORMAL,8,101914.25
2025-04-01,KRF-120-72X102 · GreenParcel Europe,KRF-120-72X102,Packaging,GreenParcel Europe,47.57,1049.8,1.058,111.8,102.9,2.42,101.0,99.8,103.41,98.38,15.53,1.5,0.091,16.7,12.5,106.7,20,102.8,NORMAL,8,49938.99
2025-04-01,KRF-120-72X102 · NovaPack Foods,KRF-120-72X102,Packaging,NovaPack Foods,58.86,1019.22,1.058,111.8,102.9,2.42,101.0,99.8,105.49,100.0,18.99,1.84,0.091,16.7,12.5,106.7,20,102.8,NORMAL,8,59991.29
2025-04-01,NWS-049-ROLL · Daily Metro Media,NWS-049-ROLL,Publishing,Daily Metro Media,134.5,744.79,1.058,111.8,102.9,2.42,101.0,99.8,99.02,102.41,23.35,0.54,0.07,16.7,12.5,106.7,20,102.8,NORMAL,8,100174.25
2025-04-01,NCR-080-A4 · FormTech Solutions,NCR-080-A4,Specialty,FormTech Solutions,0.0,1506.62,1.058,111.8,102.9,2.42,101.0,99.8,101.05,101.1,16.76,1.43,0.098,16.7,12.5,106.7,20,102.8,NORMAL,8,0.0
2025-05-01,COA-135-70X100 · Lumen Creative Group,COA-135-70X100,Commercial paper,Lumen Creative Group,50.97,1185.3,1.057,112.5,99.8,2.35,100.8,99.6,95.42,95.75,13.41,1.41,0.07,22.6,13.5,106.3,21,97.4,COMPETITOR_DISCOUNT,39,60414.74
2025-05-01,COA-135-70X100 · PrintWorks Iberia,COA-135-70X100,Commercial paper,PrintWorks Iberia,79.43,1118.21,1.057,112.5,99.8,2.35,100.8,99.6,97.66,97.57,21.87,2.29,0.07,22.6,13.5,106.3,21,97.4,COMPETITOR_DISCOUNT,39,88819.42
2025-05-01,COA-170-70X100 · ColorPress Studio,COA-170-70X100,Commercial paper,ColorPress Studio,47.95,1237.44,1.057,112.5,99.8,2.35,100.8,99.6,94.3,94.74,10.35,1.01,0.068,22.6,13.5,106.3,21,97.4,COMPETITOR_DISCOUNT,39,59335.25
2025-05-01,COA-170-70X100 · PrintWorks Iberia,COA-170-70X100,Commercial paper,PrintWorks Iberia,62.56,1189.85,1.057,112.5,99.8,2.35,100.8,99.6,95.94,96.17,13.72,1.34,0.068,22.6,13.5,106.3,21,97.4,COMPETITOR_DISCOUNT,39,74437.02
2025-05-01,LBL-090-SRA3 · Belleza Cosmetics,LBL-090-SRA3,Labels,Belleza Cosmetics,39.16,1678.51,1.057,112.5,99.8,2.35,100.8,99.6,100.8,98.49,16.35,0.64,0.07,22.6,13.5,106.3,21,97.4,COMPETITOR_DISCOUNT,39,65730.45
2025-05-01,LBL-090-SRA3 · Retail Labels Co.,LBL-090-SRA3,Labels,Retail Labels Co.,50.49,1600.07,1.057,112.5,99.8,2.35,100.8,99.6,102.36,99.87,20.8,0.82,0.07,22.6,13.5,106.3,21,97.4,COMPETITOR_DISCOUNT,39,80787.53
2025-05-01,UNC-080-64X90 · Atlas Publishing,UNC-080-64X90,Office & publishing,Atlas Publishing,92.21,931.56,1.057,112.5,99.8,2.35,100.8,99.6,92.7,92.54,16.68,0.39,0.069,22.6,13.5,106.3,21,97.4,COMPETITOR_DISCOUNT,39,85899.15
2025-05-01,UNC-080-64X90 · OfficeSource PT,UNC-080-64X90,Office & publishing,OfficeSource PT,64.94,959.79,1.057,112.5,99.8,2.35,100.8,99.6,90.98,91.06,12.08,0.29,0.069,22.6,13.5,106.3,21,97.4,COMPETITOR_DISCOUNT,39,62328.76
2025-05-01,BRD-300-SRA2 · Belleza Cosmetics,BRD-300-SRA2,Packaging,Belleza Cosmetics,44.31,1411.19,1.057,112.5,99.8,2.35,100.8,99.6,105.99,98.64,14.47,1.89,0.027,22.6,13.5,106.3,21,97.4,COMPETITOR_DISCOUNT,39,62529.83
2025-05-01,BRD-300-SRA2 · NovaPack Foods,BRD-300-SRA2,Packaging,NovaPack Foods,78.1,1319.73,1.057,112.5,99.8,2.35,100.8,99.6,108.63,100.66,25.73,3.36,0.027,22.6,13.5,106.3,21,97.4,COMPETITOR_DISCOUNT,39,103070.91
2025-05-01,KRF-120-72X102 · GreenParcel Europe,KRF-120-72X102,Packaging,GreenParcel Europe,47.29,1048.54,1.057,112.5,99.8,2.35,100.8,99.6,103.54,103.0,15.8,2.26,0.047,22.6,13.5,106.3,21,97.4,COMPETITOR_DISCOUNT,39,49585.46
2025-05-01,KRF-120-72X102 · NovaPack Foods,KRF-120-72X102,Packaging,NovaPack Foods,57.83,1018.0,1.057,112.5,99.8,2.35,100.8,99.6,105.0,104.3,19.32,2.76,0.047,22.6,13.5,106.3,21,97.4,COMPETITOR_DISCOUNT,39,58870.94
2025-05-01,NWS-049-ROLL · Daily Metro Media,NWS-049-ROLL,Publishing,Daily Metro Media,118.66,753.96,1.057,112.5,99.8,2.35,100.8,99.6,92.96,95.42,21.74,0.0,0.086,22.6,13.5,106.3,21,97.4,COMPETITOR_DISCOUNT,39,89464.89
2025-05-01,NCR-080-A4 · FormTech Solutions,NCR-080-A4,Specialty,FormTech Solutions,39.99,1503.11,1.057,112.5,99.8,2.35,100.8,99.6,90.64,93.06,14.18,3.37,0.052,22.6,13.5,106.3,21,97.4,COMPETITOR_DISCOUNT,39,60109.37
2025-06-01,COA-135-70X100 · Lumen Creative Group,COA-135-70X100,Commercial paper,Lumen Creative Group,53.09,1179.86,1.056,113.5,97.5,2.28,100.7,99.5,102.56,92.95,11.55,1.92,0.051,48.0,14.4,106.1,21,103.0,NORMAL,8,62638.77
2025-06-01,COA-135-70X100 · PrintWorks Iberia,COA-135-70X100,Commercial paper,PrintWorks Iberia,84.03,1113.08,1.056,113.5,97.5,2.28,100.7,99.5,104.06,94.27,18.85,3.12,0.051,48.0,14.4,106.1,21,103.0,NORMAL,8,93532.11
2025-06-01,COA-170-70X100 · ColorPress Studio,COA-170-70X100,Commercial paper,ColorPress Studio,49.31,1234.84,1.056,113.5,97.5,2.28,100.7,99.5,102.81,97.94,11.04,1.29,0.068,48.0,14.4,106.1,21,103.0,NORMAL,8,60889.96
2025-06-01,COA-170-70X100 · PrintWorks Iberia,COA-170-70X100,Commercial paper,PrintWorks Iberia,62.75,1187.35,1.056,113.5,97.5,2.28,100.7,99.5,103.69,98.91,14.64,1.72,0.068,48.0,14.4,106.1,21,103.0,NORMAL,8,74506.21
2025-06-01,LBL-090-SRA3 · Belleza Cosmetics,LBL-090-SRA3,Labels,Belleza Cosmetics,41.71,1678.13,1.056,113.5,97.5,2.28,100.7,99.5,103.13,99.79,13.66,2.13,0.078,48.0,14.4,106.1,21,103.0,NORMAL,8,69994.8
2025-06-01,LBL-090-SRA3 · Retail Labels Co.,LBL-090-SRA3,Labels,Retail Labels Co.,54.02,1599.72,1.056,113.5,97.5,2.28,100.7,99.5,103.87,100.69,17.38,2.7,0.078,48.0,14.4,106.1,21,103.0,NORMAL,8,86416.87
2025-06-01,UNC-080-64X90 · Atlas Publishing,UNC-080-64X90,Office & publishing,Atlas Publishing,94.1,934.71,1.056,113.5,97.5,2.28,100.7,99.5,97.46,102.1,17.61,2.91,0.076,48.0,14.4,106.1,21,103.0,NORMAL,8,87956.21
2025-06-01,UNC-080-64X90 · OfficeSource PT,UNC-080-64X90,Office & publishing,OfficeSource PT,66.94,963.03,1.056,113.5,97.5,2.28,100.7,99.5,96.52,101.03,12.75,2.1,0.076,48.0,14.4,106.1,21,103.0,NORMAL,8,64465.23
2025-06-01,BRD-300-SRA2 · Belleza Cosmetics,BRD-300-SRA2,Packaging,Belleza Cosmetics,43.39,1400.47,1.056,113.5,97.5,2.28,100.7,99.5,102.98,98.32,14.43,1.57,0.084,48.0,14.4,106.1,21,103.0,NORMAL,8,60766.39
2025-06-01,BRD-300-SRA2 · NovaPack Foods,BRD-300-SRA2,Packaging,NovaPack Foods,77.83,1309.7,1.056,113.5,97.5,2.28,100.7,99.5,104.74,99.86,25.64,2.78,0.084,48.0,14.4,106.1,21,103.0,NORMAL,8,101933.95
2025-06-01,KRF-120-72X102 · GreenParcel Europe,KRF-120-72X102,Packaging,GreenParcel Europe,48.56,1055.87,1.056,113.5,97.5,2.28,100.7,99.5,101.78,101.71,14.81,1.71,0.073,48.0,14.4,106.1,21,103.0,NORMAL,8,51273.05
2025-06-01,KRF-120-72X102 · NovaPack Foods,KRF-120-72X102,Packaging,NovaPack Foods,59.43,1025.12,1.056,113.5,97.5,2.28,100.7,99.5,102.4,102.54,18.1,2.08,0.073,48.0,14.4,106.1,21,103.0,NORMAL,8,60922.88
2025-06-01,NWS-049-ROLL · Daily Metro Media,NWS-049-ROLL,Publishing,Daily Metro Media,125.34,754.63,1.056,113.5,97.5,2.28,100.7,99.5,97.65,100.26,23.61,1.73,0.051,48.0,14.4,106.1,21,103.0,NORMAL,8,94585.32
2025-06-01,NCR-080-A4 · FormTech Solutions,NCR-080-A4,Specialty,FormTech Solutions,68.19,1503.4,1.056,113.5,97.5,2.28,100.7,99.5,95.09,92.11,17.68,1.18,0.068,48.0,14.4,106.1,21,103.0,NORMAL,8,102516.85
2025-07-01,COA-135-70X100 · Lumen Creative Group,COA-135-70X100,Commercial paper,Lumen Creative Group,44.72,1198.84,1.057,114.6,106.7,2.22,100.6,99.5,96.89,95.37,10.0,1.02,0.076,85.8,31.2,106.1,23,103.2,HEATWAVE_RISK,58,53612.12
2025-07-01,COA-135-70X100 · PrintWorks Iberia,COA-135-70X100,Commercial paper,PrintWorks Iberia,73.49,1130.98,1.057,114.6,106.7,2.22,100.6,99.5,97.48,96.17,16.31,1.66,0.076,85.8,31.2,106.1,23,103.2,HEATWAVE_RISK,58,83115.72
2025-07-01,COA-170-70X100 · ColorPress Studio,COA-170-70X100,Commercial paper,ColorPress Studio,42.97,1248.26,1.057,114.6,106.7,2.22,100.6,99.5,99.85,101.12,9.71,0.95,0.065,85.8,31.2,106.1,23,103.2,HEATWAVE_RISK,58,53637.73
2025-07-01,COA-170-70X100 · PrintWorks Iberia,COA-170-70X100,Commercial paper,PrintWorks Iberia,54.99,1200.25,1.057,114.6,106.7,2.22,100.6,99.5,99.87,101.57,12.86,1.27,0.065,85.8,31.2,106.1,23,103.2,HEATWAVE_RISK,58,66001.75
2025-07-01,LBL-090-SRA3 · Belleza Cosmetics,LBL-090-SRA3,Labels,Belleza Cosmetics,37.35,1693.33,1.057,114.6,106.7,2.22,100.6,99.5,100.77,95.82,14.96,1.58,0.061,85.8,31.2,106.1,23,103.2,HEATWAVE_RISK,58,63245.88
2025-07-01,LBL-090-SRA3 · Retail Labels Co.,LBL-090-SRA3,Labels,Retail Labels Co.,48.33,1614.2,1.057,114.6,106.7,2.22,100.6,99.5,100.67,96.16,19.04,2.02,0.061,85.8,31.2,106.1,23,103.2,HEATWAVE_RISK,58,78014.29
2025-07-01,UNC-080-64X90 · Atlas Publishing,UNC-080-64X90,Office & publishing,Atlas Publishing,78.37,929.03,1.057,114.6,106.7,2.22,100.6,99.5,94.3,92.11,17.01,0.9,0.078,85.8,31.2,106.1,23,103.2,HEATWAVE_RISK,58,72808.08
2025-07-01,UNC-080-64X90 · OfficeSource PT,UNC-080-64X90,Office & publishing,OfficeSource PT,57.05,957.18,1.057,114.6,106.7,2.22,100.6,99.5,94.22,91.64,12.31,0.66,0.078,85.8,31.2,106.1,23,103.2,HEATWAVE_RISK,58,54607.12
2025-07-01,BRD-300-SRA2 · Belleza Cosmetics,BRD-300-SRA2,Packaging,Belleza Cosmetics,40.61,1402.92,1.057,114.6,106.7,2.22,100.6,99.5,104.52,97.0,14.65,1.73,0.094,85.8,31.2,106.1,23,103.2,HEATWAVE_RISK,58,56972.58
2025-07-01,BRD-300-SRA2 · NovaPack Foods,BRD-300-SRA2,Packaging,NovaPack Foods,74.07,1311.99,1.057,114.6,106.7,2.22,100.6,99.5,105.47,97.98,26.04,3.08,0.094,85.8,31.2,106.1,23,103.2,HEATWAVE_RISK,58,97179.1
2025-07-01,KRF-120-72X102 · GreenParcel Europe,KRF-120-72X102,Packaging,GreenParcel Europe,46.99,1063.52,1.057,114.6,106.7,2.22,100.6,99.5,105.87,95.31,14.71,3.3,0.078,85.8,31.2,106.1,23,103.2,HEATWAVE_RISK,58,49974.8
2025-07-01,KRF-120-72X102 · NovaPack Foods,KRF-120-72X102,Packaging,NovaPack Foods,58.11,1032.54,1.057,114.6,106.7,2.22,100.6,99.5,105.68,95.57,17.97,4.04,0.078,85.8,31.2,106.1,23,103.2,HEATWAVE_RISK,58,60000.9
2025-07-01,NWS-049-ROLL · Daily Metro Media,NWS-049-ROLL,Publishing,Daily Metro Media,112.19,753.93,1.057,114.6,106.7,2.22,100.6,99.5,92.88,96.24,21.09,7.54,0.063,85.8,31.2,106.1,23,103.2,HEATWAVE_RISK,58,84583.41
2025-07-01,NCR-080-A4 · FormTech Solutions,NCR-080-A4,Specialty,FormTech Solutions,49.11,1518.23,1.057,114.6,106.7,2.22,100.6,99.5,98.04,95.29,12.49,6.15,0.042,85.8,31.2,106.1,23,103.2,HEATWAVE_RISK,58,74560.28
2025-08-01,COA-135-70X100 · Lumen Creative Group,COA-135-70X100,Commercial paper,Lumen Creative Group,31.39,1200.92,1.058,116.0,97.7,2.17,100.5,99.5,89.89,89.78,8.92,0.43,0.033,47.1,15.7,106.5,17,103.4,NORMAL,8,37696.88
2025-08-01,COA-135-70X100 · PrintWorks Iberia,COA-135-70X100,Commercial paper,PrintWorks Iberia,53.27,1132.94,1.058,116.0,97.7,2.17,100.5,99.5,89.74,90.01,14.56,0.7,0.033,47.1,15.7,106.5,17,103.4,NORMAL,8,60351.71
2025-08-01,COA-170-70X100 · ColorPress Studio,COA-170-70X100,Commercial paper,ColorPress Studio,29.27,1235.18,1.058,116.0,97.7,2.17,100.5,99.5,90.81,90.32,7.36,1.91,0.069,47.1,15.7,106.5,17,103.4,NORMAL,8,36153.72
2025-08-01,COA-170-70X100 · PrintWorks Iberia,COA-170-70X100,Commercial paper,PrintWorks Iberia,38.61,1187.67,1.058,116.0,97.7,2.17,100.5,99.5,90.12,90.19,9.76,2.54,0.069,47.1,15.7,106.5,17,103.4,NORMAL,8,45855.94
2025-08-01,LBL-090-SRA3 · Belleza Cosmetics,LBL-090-SRA3,Labels,Belleza Cosmetics,33.22,1699.89,1.058,116.0,97.7,2.17,100.5,99.5,99.42,93.44,14.41,0.59,0.075,47.1,15.7,106.5,17,103.4,NORMAL,8,56470.35
2025-08-01,LBL-090-SRA3 · Retail Labels Co.,LBL-090-SRA3,Labels,Retail Labels Co.,42.66,1620.45,1.058,116.0,97.7,2.17,100.5,99.5,98.68,93.25,18.33,0.76,0.075,47.1,15.7,106.5,17,103.4,NORMAL,8,69128.4
2025-08-01,UNC-080-64X90 · Atlas Publishing,UNC-080-64X90,Office & publishing,Atlas Publishing,52.75,926.57,1.058,116.0,97.7,2.17,100.5,99.5,84.09,90.9,12.19,1.32,0.102,47.1,15.7,106.5,17,103.4,NORMAL,8,48876.57
2025-08-01,UNC-080-64X90 · OfficeSource PT,UNC-080-64X90,Office & publishing,OfficeSource PT,39.21,954.65,1.058,116.0,97.7,2.17,100.5,99.5,84.73,90.97,8.83,0.96,0.102,47.1,15.7,106.5,17,103.4,NORMAL,8,37431.83
2025-08-01,BRD-300-SRA2 · Belleza Cosmetics,BRD-300-SRA2,Packaging,Belleza Cosmetics,31.76,1409.65,1.058,116.0,97.7,2.17,100.5,99.5,99.46,91.18,12.33,0.86,0.05,47.1,15.7,106.5,17,103.4,NORMAL,8,44770.48
2025-08-01,BRD-300-SRA2 · NovaPack Foods,BRD-300-SRA2,Packaging,NovaPack Foods,58.28,1318.28,1.058,116.0,97.7,2.17,100.5,99.5,99.69,91.57,21.91,1.53,0.05,47.1,15.7,106.5,17,103.4,NORMAL,8,76829.36
2025-08-01,KRF-120-72X102 · GreenParcel Europe,KRF-120-72X102,Packaging,GreenParcel Europe,38.89,1056.17,1.058,116.0,97.7,2.17,100.5,99.5,98.42,94.2,12.16,1.52,0.084,47.1,15.7,106.5,17,103.4,NORMAL,8,41074.45
2025-08-01,KRF-120-72X102 · NovaPack Foods,KRF-120-72X102,Packaging,NovaPack Foods,48.54,1025.41,1.058,116.0,97.7,2.17,100.5,99.5,97.56,93.93,14.86,1.86,0.084,47.1,15.7,106.5,17,103.4,NORMAL,8,49773.4
2025-08-01,NWS-049-ROLL · Daily Metro Media,NWS-049-ROLL,Publishing,Daily Metro Media,80.78,753.91,1.058,116.0,97.7,2.17,100.5,99.5,85.55,87.87,15.87,1.6,0.068,47.1,15.7,106.5,17,103.4,NORMAL,8,60900.85
2025-08-01,NCR-080-A4 · FormTech Solutions,NCR-080-A4,Specialty,FormTech Solutions,7.09,1504.52,1.058,116.0,97.7,2.17,100.5,99.5,91.93,90.09,8.96,2.4,0.019,47.1,15.7,106.5,17,103.4,NORMAL,8,10667.05
2025-09-01,COA-135-70X100 · Lumen Creative Group,COA-135-70X100,Commercial paper,Lumen Creative Group,76.46,1208.89,1.061,117.3,100.2,2.12,100.5,99.7,118.3,115.48,16.74,3.61,0.138,21.0,16.0,107.0,22,103.7,BACK_TO_BUSINESS_UPLIFT,36,92431.73
2025-09-01,COA-135-70X100 · PrintWorks Iberia,COA-135-70X100,Commercial paper,PrintWorks Iberia,130.26,1140.46,1.061,117.3,100.2,2.12,100.5,99.7,118.29,115.53,27.32,5.88,0.138,21.0,16.0,107.0,22,103.7,BACK_TO_BUSINESS_UPLIFT,36,148556.32
2025-09-01,COA-170-70X100 · ColorPress Studio,COA-170-70X100,Commercial paper,ColorPress Studio,65.07,1253.69,1.061,117.3,100.2,2.12,100.5,99.7,115.73,112.57,14.0,2.87,0.104,21.0,16.0,107.0,22,103.7,BACK_TO_BUSINESS_UPLIFT,36,81577.61
2025-09-01,COA-170-70X100 · PrintWorks Iberia,COA-170-70X100,Commercial paper,PrintWorks Iberia,88.53,1205.47,1.061,117.3,100.2,2.12,100.5,99.7,114.98,112.14,18.55,3.81,0.104,21.0,16.0,107.0,22,103.7,BACK_TO_BUSINESS_UPLIFT,36,106720.26
2025-09-01,LBL-090-SRA3 · Belleza Cosmetics,LBL-090-SRA3,Labels,Belleza Cosmetics,40.92,1710.61,1.061,117.3,100.2,2.12,100.5,99.7,105.29,98.85,16.99,1.45,0.0,21.0,16.0,107.0,22,103.7,BACK_TO_BUSINESS_UPLIFT,36,69998.16
2025-09-01,LBL-090-SRA3 · Retail Labels Co.,LBL-090-SRA3,Labels,Retail Labels Co.,51.93,1630.67,1.061,117.3,100.2,2.12,100.5,99.7,104.32,98.27,21.62,1.85,0.0,21.0,16.0,107.0,22,103.7,BACK_TO_BUSINESS_UPLIFT,36,84680.69
2025-09-01,UNC-080-64X90 · Atlas Publishing,UNC-080-64X90,Office & publishing,Atlas Publishing,145.05,936.81,1.061,117.3,100.2,2.12,100.5,99.7,116.96,110.67,26.87,5.16,0.126,21.0,16.0,107.0,22,103.7,BACK_TO_BUSINESS_UPLIFT,36,135884.29
2025-09-01,UNC-080-64X90 · OfficeSource PT,UNC-080-64X90,Office & publishing,OfficeSource PT,108.36,965.2,1.061,117.3,100.2,2.12,100.5,99.7,117.55,111.02,19.45,3.74,0.126,21.0,16.0,107.0,22,103.7,BACK_TO_BUSINESS_UPLIFT,36,104589.07
2025-09-01,BRD-300-SRA2 · Belleza Cosmetics,BRD-300-SRA2,Packaging,Belleza Cosmetics,46.6,1413.94,1.061,117.3,100.2,2.12,100.5,99.7,108.91,103.68,16.12,1.47,0.044,21.0,16.0,107.0,22,103.7,BACK_TO_BUSINESS_UPLIFT,36,65889.6
2025-09-01,BRD-300-SRA2 · NovaPack Foods,BRD-300-SRA2,Packaging,NovaPack Foods,84.77,1322.29,1.061,117.3,100.2,2.12,100.5,99.7,109.02,103.78,28.65,2.62,0.044,21.0,16.0,107.0,22,103.7,BACK_TO_BUSINESS_UPLIFT,36,112090.52
2025-09-01,KRF-120-72X102 · GreenParcel Europe,KRF-120-72X102,Packaging,GreenParcel Europe,47.91,1060.47,1.061,117.3,100.2,2.12,100.5,99.7,105.61,101.89,18.84,1.48,0.056,21.0,16.0,107.0,22,103.7,BACK_TO_BUSINESS_UPLIFT,36,50807.12
2025-09-01,KRF-120-72X102 · NovaPack Foods,KRF-120-72X102,Packaging,NovaPack Foods,59.61,1029.58,1.061,117.3,100.2,2.12,100.5,99.7,104.52,101.23,23.03,1.8,0.056,21.0,16.0,107.0,22,103.7,BACK_TO_BUSINESS_UPLIFT,36,61373.26
2025-09-01,NWS-049-ROLL · Daily Metro Media,NWS-049-ROLL,Publishing,Daily Metro Media,189.84,763.47,1.061,117.3,100.2,2.12,100.5,99.7,115.33,114.73,28.79,2.99,0.142,21.0,16.0,107.0,22,103.7,BACK_TO_BUSINESS_UPLIFT,36,144937.14
2025-09-01,NCR-080-A4 · FormTech Solutions,NCR-080-A4,Specialty,FormTech Solutions,62.56,1531.36,1.061,117.3,100.2,2.12,100.5,99.7,104.03,109.14,12.63,0.0,0.034,21.0,16.0,107.0,22,103.7,BACK_TO_BUSINESS_UPLIFT,36,95801.88
2025-10-01,COA-135-70X100 · Lumen Creative Group,COA-135-70X100,Commercial paper,Lumen Creative Group,72.02,1206.11,1.064,118.7,103.5,2.08,100.5,99.9,111.17,109.32,14.63,1.62,0.077,14.7,15.9,107.7,22,104.0,NORMAL,8,86864.04
2025-10-01,COA-135-70X100 · PrintWorks Iberia,COA-135-70X100,Commercial paper,PrintWorks Iberia,119.48,1137.84,1.064,118.7,103.5,2.08,100.5,99.9,111.2,109.07,23.86,2.64,0.077,14.7,15.9,107.7,22,104.0,NORMAL,8,135949.12
2025-10-01,COA-170-70X100 · ColorPress Studio,COA-170-70X100,Commercial paper,ColorPress Studio,61.58,1258.9,1.064,118.7,103.5,2.08,100.5,99.9,110.88,110.31,14.6,1.97,0.044,14.7,15.9,107.7,22,104.0,NORMAL,8,77523.06
2025-10-01,COA-170-70X100 · PrintWorks Iberia,COA-170-70X100,Commercial paper,PrintWorks Iberia,84.38,1210.48,1.064,118.7,103.5,2.08,100.5,99.9,110.23,109.63,19.35,2.62,0.044,14.7,15.9,107.7,22,104.0,NORMAL,8,102140.3
2025-10-01,LBL-090-SRA3 · Belleza Cosmetics,LBL-090-SRA3,Labels,Belleza Cosmetics,45.87,1703.11,1.064,118.7,103.5,2.08,100.5,99.9,110.67,104.56,16.57,2.33,0.087,14.7,15.9,107.7,22,104.0,NORMAL,8,78121.66
2025-10-01,LBL-090-SRA3 · Retail Labels Co.,LBL-090-SRA3,Labels,Retail Labels Co.,57.59,1623.52,1.064,118.7,103.5,2.08,100.5,99.9,109.9,103.76,21.09,2.96,0.087,14.7,15.9,107.7,22,104.0,NORMAL,8,93498.52
2025-10-01,UNC-080-64X90 · Atlas Publishing,UNC-080-64X90,Office & publishing,Atlas Publishing,117.5,946.49,1.064,118.7,103.5,2.08,100.5,99.9,104.75,104.07,19.51,5.01,0.09,14.7,15.9,107.7,22,104.0,NORMAL,8,111212.58
2025-10-01,UNC-080-64X90 · OfficeSource PT,UNC-080-64X90,Office & publishing,OfficeSource PT,86.67,975.17,1.064,118.7,103.5,2.08,100.5,99.9,105.32,104.7,14.12,3.62,0.09,14.7,15.9,107.7,22,104.0,NORMAL,8,84517.98
2025-10-01,BRD-300-SRA2 · Belleza Cosmetics,BRD-300-SRA2,Packaging,Belleza Cosmetics,53.44,1422.96,1.064,118.7,103.5,2.08,100.5,99.9,113.5,103.0,18.12,3.3,0.062,14.7,15.9,107.7,22,104.0,NORMAL,8,76042.98
2025-10-01,BRD-300-SRA2 · NovaPack Foods,BRD-300-SRA2,Packaging,NovaPack Foods,95.35,1330.74,1.064,118.7,103.5,2.08,100.5,99.9,113.83,102.86,32.2,5.86,0.062,14.7,15.9,107.7,22,104.0,NORMAL,8,126886.06
2025-10-01,KRF-120-72X102 · GreenParcel Europe,KRF-120-72X102,Packaging,GreenParcel Europe,60.07,1069.91,1.064,118.7,103.5,2.08,100.5,99.9,113.32,103.79,20.26,1.32,0.073,14.7,15.9,107.7,22,104.0,NORMAL,8,64269.49
2025-10-01,KRF-120-72X102 · NovaPack Foods,KRF-120-72X102,Packaging,NovaPack Foods,73.3,1038.75,1.064,118.7,103.5,2.08,100.5,99.9,112.43,102.9,24.76,1.61,0.073,14.7,15.9,107.7,22,104.0,NORMAL,8,76140.38
2025-10-01,NWS-049-ROLL · Daily Metro Media,NWS-049-ROLL,Publishing,Daily Metro Media,157.11,761.65,1.064,118.7,103.5,2.08,100.5,99.9,107.95,107.45,28.16,3.21,0.072,14.7,15.9,107.7,22,104.0,NORMAL,8,119662.83
2025-10-01,NCR-080-A4 · FormTech Solutions,NCR-080-A4,Specialty,FormTech Solutions,54.76,1523.69,1.064,118.7,103.5,2.08,100.5,99.9,110.28,103.87,14.56,2.29,0.036,14.7,15.9,107.7,22,104.0,NORMAL,8,83437.26
2025-11-01,COA-135-70X100 · Lumen Creative Group,COA-135-70X100,Commercial paper,Lumen Creative Group,65.14,1207.72,1.068,120.0,106.8,2.05,100.6,100.1,107.49,106.8,14.44,1.03,0.045,13.2,15.6,108.3,21,104.3,MAJOR_CONTRACT_WIN,52,78670.88
2025-11-01,COA-135-70X100 · PrintWorks Iberia,COA-135-70X100,Commercial paper,PrintWorks Iberia,104.05,1139.36,1.068,120.0,106.8,2.05,100.6,100.1,107.99,106.5,23.56,1.69,0.045,13.2,15.6,108.3,21,104.3,MAJOR_CONTRACT_WIN,52,118550.41
2025-11-01,COA-170-70X100 · ColorPress Studio,COA-170-70X100,Commercial paper,ColorPress Studio,55.34,1261.8,1.068,120.0,106.8,2.05,100.6,100.1,110.26,105.57,13.35,2.96,0.026,13.2,15.6,108.3,21,104.3,MAJOR_CONTRACT_WIN,52,69828.01
2025-11-01,COA-170-70X100 · PrintWorks Iberia,COA-170-70X100,Commercial paper,PrintWorks Iberia,74.17,1213.27,1.068,120.0,106.8,2.05,100.6,100.1,110.14,104.83,17.69,3.93,0.026,13.2,15.6,108.3,21,104.3,MAJOR_CONTRACT_WIN,52,89988.24
2025-11-01,LBL-090-SRA3 · Belleza Cosmetics,LBL-090-SRA3,Labels,Belleza Cosmetics,59.3,1710.64,1.068,120.0,106.8,2.05,100.6,100.1,124.91,116.01,21.44,3.23,0.06,13.2,15.6,108.3,21,104.3,MAJOR_CONTRACT_WIN,52,101440.95
2025-11-01,LBL-090-SRA3 · Retail Labels Co.,LBL-090-SRA3,Labels,Retail Labels Co.,74.1,1630.7,1.068,120.0,106.8,2.05,100.6,100.1,124.77,115.24,27.29,4.12,0.06,13.2,15.6,108.3,21,104.3,MAJOR_CONTRACT_WIN,52,120834.87
2025-11-01,UNC-080-64X90 · Atlas Publishing,UNC-080-64X90,Office & publishing,Atlas Publishing,107.24,944.03,1.068,120.0,106.8,2.05,100.6,100.1,103.81,101.14,20.46,1.54,0.108,13.2,15.6,108.3,21,104.3,MAJOR_CONTRACT_WIN,52,101237.78
2025-11-01,UNC-080-64X90 · OfficeSource PT,UNC-080-64X90,Office & publishing,OfficeSource PT,77.47,972.64,1.068,120.0,106.8,2.05,100.6,100.1,103.85,101.82,14.81,1.12,0.108,13.2,15.6,108.3,21,104.3,MAJOR_CONTRACT_WIN,52,75350.42
2025-11-01,BRD-300-SRA2 · Belleza Cosmetics,BRD-300-SRA2,Packaging,Belleza Cosmetics,68.25,1424.66,1.068,120.0,106.8,2.05,100.6,100.1,126.82,121.88,20.36,2.23,0.066,13.2,15.6,108.3,21,104.3,MAJOR_CONTRACT_WIN,52,97233.05
2025-11-01,BRD-300-SRA2 · NovaPack Foods,BRD-300-SRA2,Packaging,NovaPack Foods,119.68,1332.32,1.068,120.0,106.8,2.05,100.6,100.1,127.92,121.92,36.19,3.97,0.066,13.2,15.6,108.3,21,104.3,MAJOR_CONTRACT_WIN,52,159452.06
2025-11-01,KRF-120-72X102 · GreenParcel Europe,KRF-120-72X102,Packaging,GreenParcel Europe,78.45,1056.06,1.068,120.0,106.8,2.05,100.6,100.1,128.63,124.58,25.49,3.11,0.079,13.2,15.6,108.3,21,104.3,MAJOR_CONTRACT_WIN,52,82847.91
2025-11-01,KRF-120-72X102 · NovaPack Foods,KRF-120-72X102,Packaging,NovaPack Foods,93.18,1025.3,1.068,120.0,106.8,2.05,100.6,100.1,128.37,123.75,31.15,3.8,0.079,13.2,15.6,108.3,21,104.3,MAJOR_CONTRACT_WIN,52,95537.45
2025-11-01,NWS-049-ROLL · Daily Metro Media,NWS-049-ROLL,Publishing,Daily Metro Media,128.61,760.29,1.068,120.0,106.8,2.05,100.6,100.1,101.22,101.12,23.85,6.84,0.062,13.2,15.6,108.3,21,104.3,MAJOR_CONTRACT_WIN,52,97780.9
2025-11-01,NCR-080-A4 · FormTech Solutions,NCR-080-A4,Specialty,FormTech Solutions,47.44,1531.88,1.068,120.0,106.8,2.05,100.6,100.1,101.13,104.77,12.9,0.0,0.065,13.2,15.6,108.3,21,104.3,MAJOR_CONTRACT_WIN,52,72672.39
2025-12-01,COA-135-70X100 · Lumen Creative Group,COA-135-70X100,Commercial paper,Lumen Creative Group,50.13,1203.43,1.073,121.1,109.3,2.02,100.8,100.5,102.05,95.01,10.75,0.51,0.04,11.8,15.0,108.7,18,104.6,NORMAL,8,60327.95
2025-12-01,COA-135-70X100 · PrintWorks Iberia,COA-135-70X100,Commercial paper,PrintWorks Iberia,78.27,1135.31,1.073,121.1,109.3,2.02,100.8,100.5,103.27,94.79,17.55,0.82,0.04,11.8,15.0,108.7,18,104.6,NORMAL,8,88860.71
2025-12-01,COA-170-70X100 · ColorPress Studio,COA-170-70X100,Commercial paper,ColorPress Studio,44.65,1258.05,1.073,121.1,109.3,2.02,100.8,100.5,102.64,100.83,10.76,1.29,0.066,11.8,15.0,108.7,18,104.6,NORMAL,8,56171.93
2025-12-01,COA-170-70X100 · PrintWorks Iberia,COA-170-70X100,Commercial paper,PrintWorks Iberia,57.73,1209.66,1.073,121.1,109.3,2.02,100.8,100.5,103.25,100.26,14.26,1.72,0.066,11.8,15.0,108.7,18,104.6,NORMAL,8,69833.67
2025-12-01,LBL-090-SRA3 · Belleza Cosmetics,LBL-090-SRA3,Labels,Belleza Cosmetics,54.16,1718.67,1.073,121.1,109.3,2.02,100.8,100.5,108.59,109.78,19.09,0.25,0.078,11.8,15.0,108.7,18,104.6,NORMAL,8,93083.17
2025-12-01,LBL-090-SRA3 · Retail Labels Co.,LBL-090-SRA3,Labels,Retail Labels Co.,67.83,1638.35,1.073,121.1,109.3,2.02,100.8,100.5,109.12,109.18,24.29,0.32,0.078,11.8,15.0,108.7,18,104.6,NORMAL,8,111129.28
2025-12-01,UNC-080-64X90 · Atlas Publishing,UNC-080-64X90,Office & publishing,Atlas Publishing,74.9,951.78,1.073,121.1,109.3,2.02,100.8,100.5,95.44,93.07,14.11,3.28,0.077,11.8,15.0,108.7,18,104.6,NORMAL,8,71288.32
2025-12-01,UNC-080-64X90 · OfficeSource PT,UNC-080-64X90,Office & publishing,OfficeSource PT,53.27,980.62,1.073,121.1,109.3,2.02,100.8,100.5,94.77,93.6,10.22,2.37,0.077,11.8,15.0,108.7,18,104.6,NORMAL,8,52237.63
2025-12-01,BRD-300-SRA2 · Belleza Cosmetics,BRD-300-SRA2,Packaging,Belleza Cosmetics,66.94,1441.56,1.073,121.1,109.3,2.02,100.8,100.5,117.96,110.63,22.17,1.71,0.097,11.8,15.0,108.7,18,104.6,NORMAL,8,96498.03
2025-12-01,BRD-300-SRA2 · NovaPack Foods,BRD-300-SRA2,Packaging,NovaPack Foods,116.7,1348.13,1.073,121.1,109.3,2.02,100.8,100.5,119.69,110.74,39.42,3.03,0.097,11.8,15.0,108.7,18,104.6,NORMAL,8,157326.77
2025-12-01,KRF-120-72X102 · GreenParcel Europe,KRF-120-72X102,Packaging,GreenParcel Europe,76.88,1068.47,1.073,121.1,109.3,2.02,100.8,100.5,120.09,113.18,24.8,2.15,0.072,11.8,15.0,108.7,18,104.6,NORMAL,8,82143.97
2025-12-01,KRF-120-72X102 · NovaPack Foods,KRF-120-72X102,Packaging,NovaPack Foods,89.72,1037.35,1.073,121.1,109.3,2.02,100.8,100.5,120.56,112.5,30.31,2.62,0.072,11.8,15.0,108.7,18,104.6,NORMAL,8,93071.04
2025-12-01,NWS-049-ROLL · Daily Metro Media,NWS-049-ROLL,Publishing,Daily Metro Media,106.65,768.47,1.073,121.1,109.3,2.02,100.8,100.5,99.07,97.96,22.35,3.03,0.032,11.8,15.0,108.7,18,104.6,NORMAL,8,81957.33
2025-12-01,NCR-080-A4 · FormTech Solutions,NCR-080-A4,Specialty,FormTech Solutions,1.23,1545.87,1.073,121.1,109.3,2.02,100.8,100.5,99.46,95.31,10.55,5.89,0.074,11.8,15.0,108.7,18,104.6,NORMAL,8,1901.42
2026-01-01,COA-135-70X100 · Lumen Creative Group,COA-135-70X100,Commercial paper,Lumen Creative Group,43.52,1194.92,1.077,122.0,110.3,2.0,101.0,100.9,96.78,98.73,8.26,0.71,0.047,10.8,8.1,100.8,21,104.8,LOGISTICS_NORMALIZATION,22,52002.92
2026-01-01,COA-135-70X100 · PrintWorks Iberia,COA-135-70X100,Commercial paper,PrintWorks Iberia,68.51,1127.28,1.077,122.0,110.3,2.0,101.0,100.9,98.78,98.92,13.48,1.16,0.047,10.8,8.1,100.8,21,104.8,LOGISTICS_NORMALIZATION,22,77229.95
2026-01-01,COA-170-70X100 · ColorPress Studio,COA-170-70X100,Commercial paper,ColorPress Studio,37.38,1259.19,1.077,122.0,110.3,2.0,101.0,100.9,95.05,94.51,8.42,0.92,0.066,10.8,8.1,100.8,21,104.8,LOGISTICS_NORMALIZATION,22,47068.52
2026-01-01,COA-170-70X100 · PrintWorks Iberia,COA-170-70X100,Commercial paper,PrintWorks Iberia,47.22,1210.76,1.077,122.0,110.3,2.0,101.0,100.9,96.46,94.29,11.16,1.21,0.066,10.8,8.1,100.8,21,104.8,LOGISTICS_NORMALIZATION,22,57172.09
2026-01-01,LBL-090-SRA3 · Belleza Cosmetics,LBL-090-SRA3,Labels,Belleza Cosmetics,36.94,1718.46,1.077,122.0,110.3,2.0,101.0,100.9,101.64,98.03,14.75,1.82,0.035,10.8,8.1,100.8,21,104.8,LOGISTICS_NORMALIZATION,22,63479.91
2026-01-01,LBL-090-SRA3 · Retail Labels Co.,LBL-090-SRA3,Labels,Retail Labels Co.,46.53,1638.16,1.077,122.0,110.3,2.0,101.0,100.9,102.98,97.75,18.77,2.31,0.035,10.8,8.1,100.8,21,104.8,LOGISTICS_NORMALIZATION,22,76223.58
2026-01-01,UNC-080-64X90 · Atlas Publishing,UNC-080-64X90,Office & publishing,Atlas Publishing,88.34,940.71,1.077,122.0,110.3,2.0,101.0,100.9,98.85,101.74,15.94,1.21,0.064,10.8,8.1,100.8,21,104.8,LOGISTICS_NORMALIZATION,22,83102.32
2026-01-01,UNC-080-64X90 · OfficeSource PT,UNC-080-64X90,Office & publishing,OfficeSource PT,62.79,969.21,1.077,122.0,110.3,2.0,101.0,100.9,97.31,101.84,11.54,0.88,0.064,10.8,8.1,100.8,21,104.8,LOGISTICS_NORMALIZATION,22,60856.7
2026-01-01,BRD-300-SRA2 · Belleza Cosmetics,BRD-300-SRA2,Packaging,Belleza Cosmetics,36.81,1422.74,1.077,122.0,110.3,2.0,101.0,100.9,99.89,96.35,12.55,0.54,0.046,10.8,8.1,100.8,21,104.8,LOGISTICS_NORMALIZATION,22,52371.06
2026-01-01,BRD-300-SRA2 · NovaPack Foods,BRD-300-SRA2,Packaging,NovaPack Foods,64.55,1330.52,1.077,122.0,110.3,2.0,101.0,100.9,102.18,96.68,22.32,0.95,0.046,10.8,8.1,100.8,21,104.8,LOGISTICS_NORMALIZATION,22,85885.07
2026-01-01,KRF-120-72X102 · GreenParcel Europe,KRF-120-72X102,Packaging,GreenParcel Europe,42.76,1069.68,1.077,122.0,110.3,2.0,101.0,100.9,98.19,101.09,13.2,0.3,0.045,10.8,8.1,100.8,21,104.8,LOGISTICS_NORMALIZATION,22,45739.52
2026-01-01,KRF-120-72X102 · NovaPack Foods,KRF-120-72X102,Packaging,NovaPack Foods,50.05,1038.52,1.077,122.0,110.3,2.0,101.0,100.9,99.39,100.75,16.14,0.37,0.045,10.8,8.1,100.8,21,104.8,LOGISTICS_NORMALIZATION,22,51977.93
2026-01-01,NWS-049-ROLL · Daily Metro Media,NWS-049-ROLL,Publishing,Daily Metro Media,107.61,766.41,1.077,122.0,110.3,2.0,101.0,100.9,98.28,97.21,16.48,1.26,0.07,10.8,8.1,100.8,21,104.8,LOGISTICS_NORMALIZATION,22,82473.38
2026-01-01,NCR-080-A4 · FormTech Solutions,NCR-080-A4,Specialty,FormTech Solutions,73.59,1535.77,1.077,122.0,110.3,2.0,101.0,100.9,101.35,99.84,13.27,0.53,0.055,10.8,8.1,100.8,21,104.8,LOGISTICS_NORMALIZATION,22,113017.31
2026-02-01,COA-135-70X100 · Lumen Creative Group,COA-135-70X100,Commercial paper,Lumen Creative Group,54.9,1211.51,1.082,122.7,109.5,1.99,101.2,101.3,103.95,104.79,11.41,2.28,0.039,10.1,13.2,108.6,20,105.0,NORMAL,8,66511.9
2026-02-01,COA-135-70X100 · PrintWorks Iberia,COA-135-70X100,Commercial paper,PrintWorks Iberia,89.41,1142.93,1.082,122.7,109.5,1.99,101.2,101.3,106.76,105.55,18.62,3.73,0.039,10.1,13.2,108.6,20,105.0,NORMAL,8,102189.37
2026-02-01,COA-170-70X100 · ColorPress Studio,COA-170-70X100,Commercial paper,ColorPress Studio,48.82,1263.63,1.082,122.7,109.5,1.99,101.2,101.3,103.07,101.66,10.36,1.73,0.101,10.1,13.2,108.6,20,105.0,NORMAL,8,61690.42
2026-02-01,COA-170-70X100 · PrintWorks Iberia,COA-170-70X100,Commercial paper,PrintWorks Iberia,62.17,1215.03,1.082,122.7,109.5,1.99,101.2,101.3,105.25,101.98,13.73,2.29,0.101,10.1,13.2,108.6,20,105.0,NORMAL,8,75538.42
2026-02-01,LBL-090-SRA3 · Belleza Cosmetics,LBL-090-SRA3,Labels,Belleza Cosmetics,45.77,1710.05,1.082,122.7,109.5,1.99,101.2,101.3,105.36,110.18,16.58,1.39,0.059,10.1,13.2,108.6,20,105.0,NORMAL,8,78268.99
2026-02-01,LBL-090-SRA3 · Retail Labels Co.,LBL-090-SRA3,Labels,Retail Labels Co.,58.01,1630.14,1.082,122.7,109.5,1.99,101.2,101.3,107.43,110.46,21.11,1.78,0.059,10.1,13.2,108.6,20,105.0,NORMAL,8,94564.42
2026-02-01,UNC-080-64X90 · Atlas Publishing,UNC-080-64X90,Office & publishing,Atlas Publishing,101.98,940.63,1.082,122.7,109.5,1.99,101.2,101.3,99.37,106.2,18.06,2.25,0.079,10.1,13.2,108.6,20,105.0,NORMAL,8,95925.45
2026-02-01,UNC-080-64X90 · OfficeSource PT,UNC-080-64X90,Office & publishing,OfficeSource PT,73.48,969.13,1.082,122.7,109.5,1.99,101.2,101.3,97.12,105.76,13.08,1.63,0.079,10.1,13.2,108.6,20,105.0,NORMAL,8,71211.67
2026-02-01,BRD-300-SRA2 · Belleza Cosmetics,BRD-300-SRA2,Packaging,Belleza Cosmetics,40.73,1437.63,1.082,122.7,109.5,1.99,101.2,101.3,103.5,101.44,14.08,1.23,0.058,10.1,13.2,108.6,20,105.0,NORMAL,8,58554.67
2026-02-01,BRD-300-SRA2 · NovaPack Foods,BRD-300-SRA2,Packaging,NovaPack Foods,72.19,1344.45,1.082,122.7,109.5,1.99,101.2,101.3,106.56,102.34,25.04,2.18,0.058,10.1,13.2,108.6,20,105.0,NORMAL,8,97055.85
2026-02-01,KRF-120-72X102 · GreenParcel Europe,KRF-120-72X102,Packaging,GreenParcel Europe,51.4,1079.53,1.082,122.7,109.5,1.99,101.2,101.3,105.32,104.2,16.48,1.15,0.07,10.1,13.2,108.6,20,105.0,NORMAL,8,55487.84
2026-02-01,KRF-120-72X102 · NovaPack Foods,KRF-120-72X102,Packaging,NovaPack Foods,61.47,1048.09,1.082,122.7,109.5,1.99,101.2,101.3,107.26,104.38,20.15,1.4,0.07,10.1,13.2,108.6,20,105.0,NORMAL,8,64426.09
2026-02-01,NWS-049-ROLL · Daily Metro Media,NWS-049-ROLL,Publishing,Daily Metro Media,132.68,770.05,1.082,122.7,109.5,1.99,101.2,101.3,103.31,99.93,22.42,0.71,0.057,10.1,13.2,108.6,20,105.0,NORMAL,8,102170.23
2026-02-01,NCR-080-A4 · FormTech Solutions,NCR-080-A4,Specialty,FormTech Solutions,48.98,1548.35,1.082,122.7,109.5,1.99,101.2,101.3,102.75,109.23,11.33,4.63,0.057,10.1,13.2,108.6,20,105.0,NORMAL,8,75838.18
2026-03-01,COA-135-70X100 · Lumen Creative Group,COA-135-70X100,Commercial paper,Lumen Creative Group,57.12,1199.14,1.086,123.0,107.2,1.97,101.4,101.7,101.14,107.16,11.45,1.72,0.047,10.0,12.3,108.1,22,105.1,NORMAL,8,68494.88
2026-03-01,COA-135-70X100 · PrintWorks Iberia,COA-135-70X100,Commercial paper,PrintWorks Iberia,96.35,1131.26,1.086,123.0,107.2,1.97,101.4,101.7,104.31,108.49,18.68,2.81,0.047,10.0,12.3,108.1,22,105.1,NORMAL,8,108996.9
2026-03-01,COA-170-70X100 · ColorPress Studio,COA-170-70X100,Commercial paper,ColorPress Studio,52.24,1253.3,1.086,123.0,107.2,1.97,101.4,101.7,107.8,103.58,10.5,1.9,0.065,10.0,12.3,108.1,22,105.1,NORMAL,8,65472.39
2026-03-01,COA-170-70X100 · PrintWorks Iberia,COA-170-70X100,Commercial paper,PrintWorks Iberia,69.02,1205.1,1.086,123.0,107.2,1.97,101.4,101.7,110.41,104.47,13.92,2.51,0.065,10.0,12.3,108.1,22,105.1,NORMAL,8,83176.0
2026-03-01,LBL-090-SRA3 · Belleza Cosmetics,LBL-090-SRA3,Labels,Belleza Cosmetics,40.71,1711.69,1.086,123.0,107.2,1.97,101.4,101.7,100.76,103.66,14.94,0.88,0.034,10.0,12.3,108.1,22,105.1,NORMAL,8,69682.9
2026-03-01,LBL-090-SRA3 · Retail Labels Co.,LBL-090-SRA3,Labels,Retail Labels Co.,51.77,1631.7,1.086,123.0,107.2,1.97,101.4,101.7,103.18,104.47,19.02,1.11,0.034,10.0,12.3,108.1,22,105.1,NORMAL,8,84473.11
2026-03-01,UNC-080-64X90 · Atlas Publishing,UNC-080-64X90,Office & publishing,Atlas Publishing,111.22,944.24,1.086,123.0,107.2,1.97,101.4,101.7,106.42,103.3,18.97,3.91,0.091,10.0,12.3,108.1,22,105.1,NORMAL,8,105018.37
2026-03-01,UNC-080-64X90 · OfficeSource PT,UNC-080-64X90,Office & publishing,OfficeSource PT,81.44,972.86,1.086,123.0,107.2,1.97,101.4,101.7,103.73,102.33,13.74,2.83,0.091,10.0,12.3,108.1,22,105.1,NORMAL,8,79229.72
2026-03-01,BRD-300-SRA2 · Belleza Cosmetics,BRD-300-SRA2,Packaging,Belleza Cosmetics,45.12,1415.03,1.086,123.0,107.2,1.97,101.4,101.7,104.45,104.5,16.56,1.06,0.082,10.0,12.3,108.1,22,105.1,NORMAL,8,63846.15
2026-03-01,BRD-300-SRA2 · NovaPack Foods,BRD-300-SRA2,Packaging,NovaPack Foods,80.45,1323.31,1.086,123.0,107.2,1.97,101.4,101.7,107.92,105.97,29.43,1.88,0.082,10.0,12.3,108.1,22,105.1,NORMAL,8,106460.29
2026-03-01,KRF-120-72X102 · GreenParcel Europe,KRF-120-72X102,Packaging,GreenParcel Europe,52.89,1073.14,1.086,123.0,107.2,1.97,101.4,101.7,104.41,99.69,16.48,1.71,0.084,10.0,12.3,108.1,22,105.1,NORMAL,8,56758.37
2026-03-01,KRF-120-72X102 · NovaPack Foods,KRF-120-72X102,Packaging,NovaPack Foods,65.06,1041.88,1.086,123.0,107.2,1.97,101.4,101.7,106.73,100.4,20.15,2.08,0.084,10.0,12.3,108.1,22,105.1,NORMAL,8,67784.71
2026-03-01,NWS-049-ROLL · Daily Metro Media,NWS-049-ROLL,Publishing,Daily Metro Media,150.99,776.65,1.086,123.0,107.2,1.97,101.4,101.7,105.14,105.11,23.51,3.86,0.091,10.0,12.3,108.1,22,105.1,NORMAL,8,117266.38
2026-03-01,NCR-080-A4 · FormTech Solutions,NCR-080-A4,Specialty,FormTech Solutions,47.21,1532.91,1.086,123.0,107.2,1.97,101.4,101.7,103.85,110.36,16.37,2.28,0.063,10.0,12.3,108.1,22,105.1,NORMAL,8,72368.68
2026-04-01,COA-135-70X100 · Lumen Creative Group,COA-135-70X100,Commercial paper,Lumen Creative Group,53.65,1234.68,1.09,123.0,122.1,1.96,101.7,102.1,101.01,101.1,11.84,2.17,0.073,10.5,11.4,111.5,20,105.2,ENERGY_SPIKE,38,66240.58
2026-04-01,COA-135-70X100 · PrintWorks Iberia,COA-135-70X100,Commercial paper,PrintWorks Iberia,91.53,1164.79,1.09,123.0,122.1,1.96,101.7,102.1,104.14,102.87,19.31,3.55,0.073,10.5,11.4,111.5,20,105.2,ENERGY_SPIKE,38,106613.23
2026-04-01,COA-170-70X100 · ColorPress Studio,COA-170-70X100,Commercial paper,ColorPress Studio,42.39,1274.83,1.09,123.0,122.1,1.96,101.7,102.1,96.89,101.28,11.6,1.23,0.088,10.5,11.4,111.5,20,105.2,ENERGY_SPIKE,38,54040.04
2026-04-01,COA-170-70X100 · PrintWorks Iberia,COA-170-70X100,Commercial paper,PrintWorks Iberia,58.4,1225.8,1.09,123.0,122.1,1.96,101.7,102.1,99.38,102.65,15.37,1.62,0.088,10.5,11.4,111.5,20,105.2,ENERGY_SPIKE,38,71586.72
2026-04-01,LBL-090-SRA3 · Belleza Cosmetics,LBL-090-SRA3,Labels,Belleza Cosmetics,41.52,1755.81,1.09,123.0,122.1,1.96,101.7,102.1,103.9,105.45,15.81,1.39,0.053,10.5,11.4,111.5,20,105.2,ENERGY_SPIKE,38,72901.23
2026-04-01,LBL-090-SRA3 · Retail Labels Co.,LBL-090-SRA3,Labels,Retail Labels Co.,52.83,1673.76,1.09,123.0,122.1,1.96,101.7,102.1,106.31,106.76,20.13,1.78,0.053,10.5,11.4,111.5,20,105.2,ENERGY_SPIKE,38,88424.74
2026-04-01,UNC-080-64X90 · Atlas Publishing,UNC-080-64X90,Office & publishing,Atlas Publishing,103.1,965.44,1.09,123.0,122.1,1.96,101.7,102.1,103.53,103.9,21.0,3.3,0.011,10.5,11.4,111.5,20,105.2,ENERGY_SPIKE,38,99536.86
2026-04-01,UNC-080-64X90 · OfficeSource PT,UNC-080-64X90,Office & publishing,OfficeSource PT,75.88,994.69,1.09,123.0,122.1,1.96,101.7,102.1,100.9,102.44,15.2,2.39,0.011,10.5,11.4,111.5,20,105.2,ENERGY_SPIKE,38,75477.08
2026-04-01,BRD-300-SRA2 · Belleza Cosmetics,BRD-300-SRA2,Packaging,Belleza Cosmetics,44.52,1447.18,1.09,123.0,122.1,1.96,101.7,102.1,105.51,106.24,14.09,1.14,0.048,10.5,11.4,111.5,20,105.2,ENERGY_SPIKE,38,64428.45
2026-04-01,BRD-300-SRA2 · NovaPack Foods,BRD-300-SRA2,Packaging,NovaPack Foods,79.1,1353.38,1.09,123.0,122.1,1.96,101.7,102.1,108.98,108.23,25.04,2.03,0.048,10.5,11.4,111.5,20,105.2,ENERGY_SPIKE,38,107052.36
2026-04-01,KRF-120-72X102 · GreenParcel Europe,KRF-120-72X102,Packaging,GreenParcel Europe,51.01,1094.7,1.09,123.0,122.1,1.96,101.7,102.1,106.46,102.74,15.59,2.51,0.034,10.5,11.4,111.5,20,105.2,ENERGY_SPIKE,38,55840.65
2026-04-01,KRF-120-72X102 · NovaPack Foods,KRF-120-72X102,Packaging,NovaPack Foods,64.04,1062.82,1.09,123.0,122.1,1.96,101.7,102.1,108.77,103.95,19.06,3.07,0.034,10.5,11.4,111.5,20,105.2,ENERGY_SPIKE,38,68062.99
2026-04-01,NWS-049-ROLL · Daily Metro Media,NWS-049-ROLL,Publishing,Daily Metro Media,135.31,779.01,1.09,123.0,122.1,1.96,101.7,102.1,102.58,109.29,21.96,1.14,0.021,10.5,11.4,111.5,20,105.2,ENERGY_SPIKE,38,105407.84
2026-04-01,NCR-080-A4 · FormTech Solutions,NCR-080-A4,Specialty,FormTech Solutions,11.25,1551.32,1.09,123.0,122.1,1.96,101.7,102.1,102.67,108.01,12.94,1.74,0.058,10.5,11.4,111.5,20,105.2,ENERGY_SPIKE,38,17452.35
2026-05-01,COA-135-70X100 · Lumen Creative Group,COA-135-70X100,Commercial paper,Lumen Creative Group,72.6,1206.31,1.093,122.7,101.0,1.95,102.0,102.5,111.44,112.55,14.87,1.9,0.256,16.4,10.7,106.9,21,105.2,PROMO_UPLIFT,28,87578.11
2026-05-01,COA-135-70X100 · PrintWorks Iberia,COA-135-70X100,Commercial paper,PrintWorks Iberia,121.37,1138.03,1.093,122.7,101.0,1.95,102.0,102.5,114.29,114.8,24.26,3.11,0.256,16.4,10.7,106.9,21,105.2,PROMO_UPLIFT,28,138122.7
2026-05-01,COA-170-70X100 · ColorPress Studio,COA-170-70X100,Commercial paper,ColorPress Studio,62.81,1245.76,1.093,122.7,101.0,1.95,102.0,102.5,110.88,113.35,12.38,3.24,0.248,16.4,10.7,106.9,21,105.2,PROMO_UPLIFT,28,78246.19
2026-05-01,COA-170-70X100 · PrintWorks Iberia,COA-170-70X100,Commercial paper,PrintWorks Iberia,88.12,1197.85,1.093,122.7,101.0,1.95,102.0,102.5,113.05,115.15,16.41,4.3,0.248,16.4,10.7,106.9,21,105.2,PROMO_UPLIFT,28,105554.54
2026-05-01,LBL-090-SRA3 · Belleza Cosmetics,LBL-090-SRA3,Labels,Belleza Cosmetics,53.63,1699.95,1.093,122.7,101.0,1.95,102.0,102.5,115.15,112.3,16.8,2.35,0.226,16.4,10.7,106.9,21,105.2,PROMO_UPLIFT,28,91168.32
2026-05-01,LBL-090-SRA3 · Retail Labels Co.,LBL-090-SRA3,Labels,Retail Labels Co.,68.29,1620.51,1.093,122.7,101.0,1.95,102.0,102.5,117.2,114.01,21.39,2.98,0.226,16.4,10.7,106.9,21,105.2,PROMO_UPLIFT,28,110664.63
2026-05-01,UNC-080-64X90 · Atlas Publishing,UNC-080-64X90,Office & publishing,Atlas Publishing,108.56,948.03,1.093,122.7,101.0,1.95,102.0,102.5,101.67,101.7,18.97,3.9,0.078,16.4,10.7,106.9,21,105.2,PROMO_UPLIFT,28,102918.14
2026-05-01,UNC-080-64X90 · OfficeSource PT,UNC-080-64X90,Office & publishing,OfficeSource PT,79.08,976.76,1.093,122.7,101.0,1.95,102.0,102.5,99.48,99.89,13.74,2.83,0.078,16.4,10.7,106.9,21,105.2,PROMO_UPLIFT,28,77242.18
2026-05-01,BRD-300-SRA2 · Belleza Cosmetics,BRD-300-SRA2,Packaging,Belleza Cosmetics,47.54,1431.38,1.093,122.7,101.0,1.95,102.0,102.5,105.24,103.57,13.82,1.48,0.075,16.4,10.7,106.9,21,105.2,PROMO_UPLIFT,28,68047.81
2026-05-01,BRD-300-SRA2 · NovaPack Foods,BRD-300-SRA2,Packaging,NovaPack Foods,83.59,1338.6,1.093,122.7,101.0,1.95,102.0,102.5,108.27,105.9,24.56,2.63,0.075,16.4,10.7,106.9,21,105.2,PROMO_UPLIFT,28,111893.57
2026-05-01,KRF-120-72X102 · GreenParcel Europe,KRF-120-72X102,Packaging,GreenParcel Europe,53.19,1059.62,1.093,122.7,101.0,1.95,102.0,102.5,105.66,109.41,17.32,2.14,0.061,16.4,10.7,106.9,21,105.2,PROMO_UPLIFT,28,56361.19
2026-05-01,KRF-120-72X102 · NovaPack Foods,KRF-120-72X102,Packaging,NovaPack Foods,66.99,1028.76,1.093,122.7,101.0,1.95,102.0,102.5,107.51,111.02,21.17,2.61,0.061,16.4,10.7,106.9,21,105.2,PROMO_UPLIFT,28,68916.63
2026-05-01,NWS-049-ROLL · Daily Metro Media,NWS-049-ROLL,Publishing,Daily Metro Media,142.25,759.32,1.093,122.7,101.0,1.95,102.0,102.5,101.3,113.65,24.53,3.16,0.059,16.4,10.7,106.9,21,105.2,PROMO_UPLIFT,28,108013.27
2026-05-01,NCR-080-A4 · FormTech Solutions,NCR-080-A4,Specialty,FormTech Solutions,56.28,1532.9,1.093,122.7,101.0,1.95,102.0,102.5,104.41,110.12,13.3,2.09,0.079,16.4,10.7,106.9,21,105.2,PROMO_UPLIFT,28,86271.61
2026-06-01,COA-135-70X100 · Lumen Creative Group,COA-135-70X100,Commercial paper,Lumen Creative Group,57.6,1232.82,1.095,134.2,98.7,1.94,102.3,102.9,101.85,99.91,13.09,3.54,0.051,42.7,40.2,114.5,21,105.3,PULP_MAINTENANCE,52,71010.43
2026-06-01,COA-135-70X100 · PrintWorks Iberia,COA-135-70X100,Commercial paper,PrintWorks Iberia,92.75,1163.04,1.095,134.2,98.7,1.94,102.3,102.9,103.83,102.21,21.37,5.77,0.051,42.7,40.2,114.5,21,105.3,PULP_MAINTENANCE,52,107871.96
2026-06-01,COA-170-70X100 · ColorPress Studio,COA-170-70X100,Commercial paper,ColorPress Studio,46.76,1284.57,1.095,134.2,98.7,1.94,102.3,102.9,100.4,106.08,11.38,3.52,0.065,42.7,40.2,114.5,21,105.3,PULP_MAINTENANCE,52,60066.49
2026-06-01,COA-170-70X100 · PrintWorks Iberia,COA-170-70X100,Commercial paper,PrintWorks Iberia,64.54,1235.16,1.095,134.2,98.7,1.94,102.3,102.9,101.74,108.02,15.09,4.66,0.065,42.7,40.2,114.5,21,105.3,PULP_MAINTENANCE,52,79717.23
2026-06-01,LBL-090-SRA3 · Belleza Cosmetics,LBL-090-SRA3,Labels,Belleza Cosmetics,43.0,1742.91,1.095,134.2,98.7,1.94,102.3,102.9,103.76,105.97,17.35,3.78,0.038,42.7,40.2,114.5,21,105.3,PULP_MAINTENANCE,52,74945.13
2026-06-01,LBL-090-SRA3 · Retail Labels Co.,LBL-090-SRA3,Labels,Retail Labels Co.,54.94,1661.47,1.095,134.2,98.7,1.94,102.3,102.9,105.0,107.81,22.09,4.82,0.038,42.7,40.2,114.5,21,105.3,PULP_MAINTENANCE,52,91281.16
2026-06-01,UNC-080-64X90 · Atlas Publishing,UNC-080-64X90,Office & publishing,Atlas Publishing,107.32,953.69,1.095,134.2,98.7,1.94,102.3,102.9,103.58,107.11,19.28,4.85,0.072,42.7,40.2,114.5,21,105.3,PULP_MAINTENANCE,52,102350.01
2026-06-01,UNC-080-64X90 · OfficeSource PT,UNC-080-64X90,Office & publishing,OfficeSource PT,76.73,982.59,1.095,134.2,98.7,1.94,102.3,102.9,102.1,105.09,13.96,3.51,0.072,42.7,40.2,114.5,21,105.3,PULP_MAINTENANCE,52,75394.13
2026-06-01,BRD-300-SRA2 · Belleza Cosmetics,BRD-300-SRA2,Packaging,Belleza Cosmetics,46.29,1454.48,1.095,134.2,98.7,1.94,102.3,102.9,104.79,101.19,14.46,3.27,0.062,42.7,40.2,114.5,21,105.3,PULP_MAINTENANCE,52,67327.88
2026-06-01,BRD-300-SRA2 · NovaPack Foods,BRD-300-SRA2,Packaging,NovaPack Foods,80.78,1360.21,1.095,134.2,98.7,1.94,102.3,102.9,107.07,103.67,25.72,5.8,0.062,42.7,40.2,114.5,21,105.3,PULP_MAINTENANCE,52,109877.76
2026-06-01,KRF-120-72X102 · GreenParcel Europe,KRF-120-72X102,Packaging,GreenParcel Europe,51.59,1093.79,1.095,134.2,98.7,1.94,102.3,102.9,105.83,104.0,18.27,4.18,0.12,42.7,40.2,114.5,21,105.3,PULP_MAINTENANCE,52,56428.63
2026-06-01,KRF-120-72X102 · NovaPack Foods,KRF-120-72X102,Packaging,NovaPack Foods,64.22,1061.93,1.095,134.2,98.7,1.94,102.3,102.9,106.95,105.76,22.32,5.11,0.12,42.7,40.2,114.5,21,105.3,PULP_MAINTENANCE,52,68197.14
2026-06-01,NWS-049-ROLL · Daily Metro Media,NWS-049-ROLL,Publishing,Daily Metro Media,119.78,782.27,1.095,134.2,98.7,1.94,102.3,102.9,99.79,104.03,19.01,6.41,0.067,42.7,40.2,114.5,21,105.3,PULP_MAINTENANCE,52,93700.3
2026-06-01,NCR-080-A4 · FormTech Solutions,NCR-080-A4,Specialty,FormTech Solutions,48.75,1572.89,1.095,134.2,98.7,1.94,102.3,102.9,100.66,106.59,11.75,6.02,0.061,42.7,40.2,114.5,21,105.3,PULP_MAINTENANCE,52,76678.39
2026-07-01,COA-135-70X100 · Lumen Creative Group,COA-135-70X100,Commercial paper,Lumen Creative Group,52.02,1195.68,1.095,121.4,107.9,1.93,102.6,103.3,102.43,101.24,13.11,2.14,0.075,82.1,26.0,106.4,23,105.3,HEATWAVE_RISK,63,62199.27
2026-07-01,COA-135-70X100 · PrintWorks Iberia,COA-135-70X100,Commercial paper,PrintWorks Iberia,81.39,1128.0,1.095,121.4,107.9,1.93,102.6,103.3,103.55,103.51,21.4,3.5,0.075,82.1,26.0,106.4,23,105.3,HEATWAVE_RISK,63,91807.92
2026-07-01,COA-170-70X100 · ColorPress Studio,COA-170-70X100,Commercial paper,ColorPress Studio,46.69,1254.05,1.095,121.4,107.9,1.93,102.6,103.3,102.77,99.04,10.72,1.36,0.074,82.1,26.0,106.4,23,105.3,HEATWAVE_RISK,63,58551.59
2026-07-01,COA-170-70X100 · PrintWorks Iberia,COA-170-70X100,Commercial paper,PrintWorks Iberia,62.02,1205.82,1.095,121.4,107.9,1.93,102.6,103.3,103.27,100.89,14.2,1.81,0.074,82.1,26.0,106.4,23,105.3,HEATWAVE_RISK,63,74784.96
2026-07-01,LBL-090-SRA3 · Belleza Cosmetics,LBL-090-SRA3,Labels,Belleza Cosmetics,47.61,1719.14,1.095,121.4,107.9,1.93,102.6,103.3,104.8,108.13,16.41,1.46,0.086,82.1,26.0,106.4,23,105.3,HEATWAVE_RISK,63,81848.26
2026-07-01,LBL-090-SRA3 · Retail Labels Co.,LBL-090-SRA3,Labels,Retail Labels Co.,61.19,1638.8,1.095,121.4,107.9,1.93,102.6,103.3,105.19,109.94,20.89,1.86,0.086,82.1,26.0,106.4,23,105.3,HEATWAVE_RISK,63,100278.17
2026-07-01,UNC-080-64X90 · Atlas Publishing,UNC-080-64X90,Office & publishing,Atlas Publishing,87.41,947.48,1.095,121.4,107.9,1.93,102.6,103.3,93.24,99.38,17.48,4.19,0.078,82.1,26.0,106.4,23,105.3,HEATWAVE_RISK,63,82819.23
2026-07-01,UNC-080-64X90 · OfficeSource PT,UNC-080-64X90,Office & publishing,OfficeSource PT,61.62,976.19,1.095,121.4,107.9,1.93,102.6,103.3,92.71,97.47,12.66,3.04,0.078,82.1,26.0,106.4,23,105.3,HEATWAVE_RISK,63,60152.83
2026-07-01,BRD-300-SRA2 · Belleza Cosmetics,BRD-300-SRA2,Packaging,Belleza Cosmetics,47.84,1427.93,1.095,121.4,107.9,1.93,102.6,103.3,106.46,105.67,14.5,2.21,0.054,82.1,26.0,106.4,23,105.3,HEATWAVE_RISK,63,68312.17
2026-07-01,BRD-300-SRA2 · NovaPack Foods,BRD-300-SRA2,Packaging,NovaPack Foods,83.78,1335.38,1.095,121.4,107.9,1.93,102.6,103.3,107.91,108.16,25.78,3.94,0.054,82.1,26.0,106.4,23,105.3,HEATWAVE_RISK,63,111878.14
2026-07-01,KRF-120-72X102 · GreenParcel Europe,KRF-120-72X102,Packaging,GreenParcel Europe,49.42,1068.72,1.095,121.4,107.9,1.93,102.6,103.3,104.94,101.53,16.65,3.44,0.048,82.1,26.0,106.4,23,105.3,HEATWAVE_RISK,63,52816.14
2026-07-01,KRF-120-72X102 · NovaPack Foods,KRF-120-72X102,Packaging,NovaPack Foods,60.66,1037.59,1.095,121.4,107.9,1.93,102.6,103.3,105.2,103.22,20.35,4.2,0.048,82.1,26.0,106.4,23,105.3,HEATWAVE_RISK,63,62940.21
2026-07-01,NWS-049-ROLL · Daily Metro Media,NWS-049-ROLL,Publishing,Daily Metro Media,112.61,763.97,1.095,121.4,107.9,1.93,102.6,103.3,97.21,105.86,24.84,2.45,0.069,82.1,26.0,106.4,23,105.3,HEATWAVE_RISK,63,86030.66
2026-07-01,NCR-080-A4 · FormTech Solutions,NCR-080-A4,Specialty,FormTech Solutions,52.82,1518.39,1.095,121.4,107.9,1.93,102.6,103.3,102.18,104.77,11.27,2.08,0.106,82.1,26.0,106.4,23,105.3,HEATWAVE_RISK,63,80201.36
2026-08-01,COA-135-70X100 · Lumen Creative Group,COA-135-70X100,Commercial paper,Lumen Creative Group,33.41,1197.04,1.095,120.5,98.9,1.91,102.9,103.6,81.82,87.89,7.65,1.68,0.048,45.5,10.1,106.6,17,105.4,SUMMER_SLOWDOWN,42,39993.11
2026-08-01,COA-135-70X100 · PrintWorks Iberia,COA-135-70X100,Commercial paper,PrintWorks Iberia,52.31,1129.28,1.095,120.5,98.9,1.91,102.9,103.6,81.87,89.76,12.48,2.75,0.048,45.5,10.1,106.6,17,105.4,SUMMER_SLOWDOWN,42,59072.64
2026-08-01,COA-170-70X100 · ColorPress Studio,COA-170-70X100,Commercial paper,ColorPress Studio,29.97,1249.89,1.095,120.5,98.9,1.91,102.9,103.6,82.41,86.94,7.11,0.0,0.062,45.5,10.1,106.6,17,105.4,SUMMER_SLOWDOWN,42,37459.2
2026-08-01,COA-170-70X100 · PrintWorks Iberia,COA-170-70X100,Commercial paper,PrintWorks Iberia,38.46,1201.82,1.095,120.5,98.9,1.91,102.9,103.6,81.97,88.45,9.43,0.0,0.062,45.5,10.1,106.6,17,105.4,SUMMER_SLOWDOWN,42,46222.0
2026-08-01,LBL-090-SRA3 · Belleza Cosmetics,LBL-090-SRA3,Labels,Belleza Cosmetics,38.28,1701.8,1.095,120.5,98.9,1.91,102.9,103.6,99.48,98.62,15.86,1.7,0.069,45.5,10.1,106.6,17,105.4,SUMMER_SLOWDOWN,42,65144.9
2026-08-01,LBL-090-SRA3 · Retail Labels Co.,LBL-090-SRA3,Labels,Retail Labels Co.,49.51,1622.28,1.095,120.5,98.9,1.91,102.9,103.6,99.07,100.11,20.18,2.16,0.069,45.5,10.1,106.6,17,105.4,SUMMER_SLOWDOWN,42,80319.08
2026-08-01,UNC-080-64X90 · Atlas Publishing,UNC-080-64X90,Office & publishing,Atlas Publishing,54.67,936.4,1.095,120.5,98.9,1.91,102.9,103.6,78.22,90.49,13.14,0.0,0.086,45.5,10.1,106.6,17,105.4,SUMMER_SLOWDOWN,42,51192.99
2026-08-01,UNC-080-64X90 · OfficeSource PT,UNC-080-64X90,Office & publishing,OfficeSource PT,38.61,964.78,1.095,120.5,98.9,1.91,102.9,103.6,78.59,88.9,9.52,0.0,0.086,45.5,10.1,106.6,17,105.4,SUMMER_SLOWDOWN,42,37250.16
2026-08-01,BRD-300-SRA2 · Belleza Cosmetics,BRD-300-SRA2,Packaging,Belleza Cosmetics,39.15,1421.82,1.095,120.5,98.9,1.91,102.9,103.6,101.37,96.14,12.48,0.0,0.07,45.5,10.1,106.6,17,105.4,SUMMER_SLOWDOWN,42,55664.25
2026-08-01,BRD-300-SRA2 · NovaPack Foods,BRD-300-SRA2,Packaging,NovaPack Foods,69.58,1329.66,1.095,120.5,98.9,1.91,102.9,103.6,101.96,98.25,22.18,0.0,0.07,45.5,10.1,106.6,17,105.4,SUMMER_SLOWDOWN,42,92517.74
2026-08-01,KRF-120-72X102 · GreenParcel Europe,KRF-120-72X102,Packaging,GreenParcel Europe,45.19,1060.27,1.095,120.5,98.9,1.91,102.9,103.6,100.56,102.15,13.64,0.82,0.048,45.5,10.1,106.6,17,105.4,SUMMER_SLOWDOWN,42,47913.6
2026-08-01,KRF-120-72X102 · NovaPack Foods,KRF-120-72X102,Packaging,NovaPack Foods,55.22,1029.39,1.095,120.5,98.9,1.91,102.9,103.6,100.03,103.58,16.67,1.01,0.048,45.5,10.1,106.6,17,105.4,SUMMER_SLOWDOWN,42,56842.92
2026-08-01,NWS-049-ROLL · Daily Metro Media,NWS-049-ROLL,Publishing,Daily Metro Media,74.56,755.52,1.095,120.5,98.9,1.91,102.9,103.6,80.4,87.04,16.27,0.18,0.022,45.5,10.1,106.6,17,105.4,SUMMER_SLOWDOWN,42,56331.57
2026-08-01,NCR-080-A4 · FormTech Solutions,NCR-080-A4,Specialty,FormTech Solutions,1.89,1516.69,1.095,120.5,98.9,1.91,102.9,103.6,83.16,90.14,8.66,2.91,0.072,45.5,10.1,106.6,17,105.4,SUMMER_SLOWDOWN,42,2866.54
